"","ThermoMode","Group","ID","Lineage1.name","Lineage2.name","Lineage1.Mean.dS","Lineage2.Mean.dS","Lineage1.Mean.dN","Lineage2.Mean.dN","Lineage1.Mean.dNdS","Lineage2.Mean.dNdS","Lineage1.spp","Lineage2.spp","diff.dn.sd","diff.ds.sd","diff.dnds.sd","diff.dn","diff.ds","diff.dnds","diff.spp"
"1","Ectotherms","Fishes",1,"Acipenseridae","Polyodontidae",0.1257689,0.11166366655,0.0029561,0.00418306665,0.0253008142000907,0.0422066915178715,25,2,0.128607938271777,0.65281517890561,0.639913039115362,-0.352564608808239,0.107332319682696,-0.459896928490935,2.52572864430826
"2","Ectotherms","Fishes",2,"Lepisosteidae","Amiidae",0.3755735334,0.4365717334,0.0188731334,0.0163462,0.0506285061732037,0.0374897415580533,7,1,0.00428368510217227,0.135296347577323,0.131066959444393,0.143765288988631,-0.153271823733355,0.297037112721986,1.94591014905531
"3","Ectotherms","Fishes",3,"Elopidae","Megalopidae",0.360291,0.35902291675,0.00730841675,0.010208583,0.0204151864887466,0.0284910112489386,7,2,0.0524931063027882,0.0735436556408186,0.0574876581685851,-0.333062982600657,0.000804551459027969,-0.333867534059685,1.25276296849537
"4","Ectotherms","Fishes",4,"Notacanthidae","Halosauridae",0.3088060835,0.17724325025,0.0048375835,0.00305966675,0.0157157835242513,0.0174803183644698,11,16,0.142658955867568,0,0.196796971184489,-0.454406609506266,-0.0328277529936378,0.105000778668631,0.37469344944141
"5","Ectotherms","Fishes",5,"Anguillidae","Serrivomeridae+Nemichthyidae",0.270828538883333,0.47249516115,0.00488981115,0.00919781108333333,0.0182954376388421,0.0225608144577251,23,20,0.20424511397567,0.467338315857793,0.340661565937897,-0.583770284620257,-0.416163408486953,-0.167606876133304,0.139761942375159
"6","Ectotherms","Fishes",6,"Eurypharyngidae+Moringuidae","Saccopharyngidae",0.525385555333333,0.582959222,0.014801111,0.0360283333333333,0.0335372181288528,0.0625070786395902,16,10,0.348250900680957,0.194151979019025,0.54220220520541,-0.900543344099438,-0.139896335494647,-0.760647008604791,0.470003629245735
"7","Ectotherms","Fishes",7,"Chlopsidae","Muraenidae+Heterenchelyidae",0.566136759166667,0.751574425944444,0.0151572222222222,0.0153809443888889,0.028107420941502,0.0214460873792542,22,209,0.151115380006467,0,0.208803538888625,0.0185018532031304,-0.3048536743224,-0.271896537170002,2.25129179860649
"8","Ectotherms","Fishes",8,"Colocongridae","Derichthyidae",0.171775667,0.168268833,0.0070466665,0.008903333,0.0410334169467411,0.0521530552534394,9,3,0.402169055762225,0.349291967358488,0.052877088403737,-0.189877399584821,0.0482740848483981,-0.238151484433219,1.09861228866811
"9","Ectotherms","Fishes",9,"Ophichthidae","Muraenesocidae",0.360586044466667,0.4691229332,0.0124461332,0.0212175999333333,0.0346026102505884,0.0447768609082439,313,15,0.303475150132787,0.196279040110514,0.124284923807036,-0.510650162903244,-0.254355942172606,-0.256294220730638,3.03815298943794
"10","Ectotherms","Fishes",10,"Congridae","Nettastomatidae",0.446168222066667,0.331064511,0.0147441112,0.00713611106666667,0.0302869789057127,0.0220099391176076,194,42,0.595558340252105,0.36541562349297,0.273493107761136,0.55295750122053,0.27832175182866,0.274635749391871,1.53018854077996
"11","Ectotherms","Fishes",11,"Notopteridae","Mormyridae+Gymnarchidae",0.652026016683333,0.543484538833333,0.0144817944666667,0.00996492776666667,0.0225449405133845,0.0190307598997319,10,223,0.149128926682437,0,0.142677803156481,-0.371706569355484,-0.164062806899784,-0.173903650557049,3.10458667846607
"12","Ectotherms","Fishes",12,"Alepocephalidae","Platytroctidae",0.169498983375,0.156194325,0.006264608325,0.006731049975,0.0385151563222736,0.0444810446792573,98,39,0.34030149325991,0.542384899117513,0.485803630457971,-0.117256512968239,0.0711928910558812,-0.18844940402412,0.921405832540926
"13","Ectotherms","Fishes",13,"Clupeidae","Dussumieriidae",0.5378811167,0.4241321334,0.00874441675,0.0155376998,0.0181987479206253,0.0362020038976646,200,9,0.425200909992108,0.442207263385691,0.452705790415233,-0.547284982808081,0.157440090944864,-0.704725073752945,3.10109278921182
"14","Ectotherms","Fishes",14,"Pristigasteridae","Chirocentridae",0.50232075,1.09212116675,0.0099275,0.02066175,0.0199327156300694,0.0190768849804607,38,3,0.0821345757603067,0.0637554816741122,0.137849141363469,-0.735776079179004,-0.776276863726747,0.0405007845477432,2.53897387105828
"15","Ectotherms","Fishes",15,"Kneriidae","Chanidae",0.542512889,0.396118778,0.018118111,0.00876055566666667,0.0333931754949221,0.022212950359799,31,1,0.0978122071310113,0.0286243712714195,0.0694343738363184,0.721793865807546,0.312578602736127,0.409215263071419,3.43398720448515
"16","Ectotherms","Fishes",17,"Balitoridae","Serpenticobitidae",0.2462401,0.1968812666,0.0058650001,0.0025743667,0.0235903455650277,0.0132585689735478,246,3,0.421061503617268,0.222029186078766,0.349921855722365,0.734739643199713,0.224673125122231,0.510066518077482,4.40671924726425
"17","Ectotherms","Fishes",18,"Gymnotidae","Hypopomidae+Rhamphichthyidae",0.449336111,0.430807111,0.0195901113333333,0.017106111,0.0439005220904749,0.0401374558717656,40,42,0.25462454889632,0,0.0767893180383208,-0.103457695549575,0.318606519653333,-0.0927410736319924,0.0487901641694322
"18","Ectotherms","Fishes",19,"Distichodontidae","Citharinidae",0.363613,0.309946667,0.008770333,0.006092,0.0241199654577807,0.019654994386502,99,8,NA,NA,NA,0.364398340983798,0.159689874496741,0.204708466487058,2.51567830845475
"19","Ectotherms","Fishes",20,"Erythrinidae","Lebiasinidae+Ctenoluciidae",0.442826,0.4133698335,0.009380833,0.007929333,0.0211833322740765,0.0192310426715602,16,82,0.0436442815670642,0,0.0442948320811631,-0.16813333714631,-0.0618206465060422,-0.097540649690858,1.63413052502447
"20","Ectotherms","Fishes",21,"Bryconidae","Gasteropelecidae+Triportheidae",0.49249875,0.53366416675,0.0318164165,0.01390166675,0.0650915336547275,0.0262006978402607,48,32,0.344610701839758,0.290285028116373,0.120595975206051,0.790578192109837,-0.112675111191448,0.903253303301285,0.405465108108165
"21","Ectotherms","Fishes",22,"Alestidae","Hepsetidae",0.379298333,0.517067667,0.013781,0.011083333,0.0363328778457879,0.021434975937105,120,4,NA,NA,NA,0.217848383534442,-0.309850696142562,0.527699079677005,3.40119738166216
"22","Ectotherms","Fishes",23,"Parodontidae","Chilodontidae",0.352381667,0.451482667,0.005993,0.013148667,0.0170071276721669,0.0291233040846726,32,8,NA,NA,NA,-0.785728263188266,-0.247822112868639,-0.537906150319627,1.38629436111989
"23","Ectotherms","Fishes",24,"Serrasalmidae","Hemiodontidae",0.263085166833333,0.269080722166667,0.00516266666666667,0.00629227766666667,0.0196038156303711,0.0234588114706088,92,31,0.161095353768222,0.166454334929657,0.0803608190325924,-0.210107214873132,-0.0293657211327772,-0.180741493740354,1.08780137256389
"24","Ectotherms","Fishes",25,"Anostomidae","Curimatidae+Prochilodontidae",0.30700071878125,0.26113139584375,0.00864415625,0.00495629171875,0.0274572394546745,0.0186524809339939,155,124,0.482582098019247,0.263039445795991,0.269610519265456,0.53339143599418,0.162787107117928,0.370604328876253,0.22314355131421
"25","Ectotherms","Fishes",26,"Callichthyidae","Loricariidae+Scoloplacidae",0.53914219790625,0.3765929166875,0.0120859323125,0.008821557234375,0.0225337869781888,0.0234528777792412,201,884,0.154747429404842,0,0.125047830538526,-0.322469567750209,0.258589569663541,0.0372181341190519,1.48115215457857
"26","Ectotherms","Fishes",27,"Doradidae","Auchenipteridae",0.278981333333333,0.286304499833333,0.00597672216666667,0.00823327766666667,0.0215976172828412,0.0290259666033531,94,110,0.142251050548994,0,0.069548377617947,0.33248622238719,0.258589569663541,0.301673572206718,0.157185583522413
"27","Ectotherms","Fishes",28,"Clariidae","Heteropneustidae",0.2245721334,0.2561163334,0.0034870668,0.0033304668,0.0155510769868596,0.0130545144477731,114,4,0.0796009810443467,0.0968419794271314,0.12310367283742,0.044885198814703,-0.131171267925742,0.176056466740445,3.3499040872746
"28","Ectotherms","Fishes",29,"Siluridae","Chacidae",0.3281313334,0.4812971667,0.0069231667,0.0191299334,0.0214079830010537,0.0398162648591545,106,4,0.1132312860836,0.104525559501537,0.139780480408465,-1.02210683032718,-0.390616136974798,-0.631490693352385,3.27714473299218
"29","Ectotherms","Fishes",30,"Sisoridae","Erethistidae",0.2340754,0.4061735666,0.0125859333,0.0082221999,0.0505702490568101,0.0202749133566444,205,40,0.671412739656249,0.159262786148252,0.576094796898618,0.199378938200692,-0.56140879134114,0.760787729541832,1.63413052502447
"30","Ectotherms","Fishes",31,"Pangasiidae","Plotosidae",0.1944368667,0.5936861666,0.0045300667,0.0198160333,0.023362936835002,0.0334329437599194,28,40,0.105609416199511,0,0.142556414037472,1.48046442550479,-0.307708927036558,0.363536449401172,0.356674943938732
"31","Ectotherms","Fishes",32,"Ictaluridae","Cranoglanididae",0.265573000125,0.27527045825,0.005921833375,0.007288041625,0.022787509604645,0.0265094919118314,51,5,0.18263763241014,0.137329772848949,0.237995066250024,-0.218950814872063,-0.0464305496502876,-0.172520265221775,2.32238772029023
"32","Ectotherms","Fishes",33,"Ariidae","Bagridae",0.27846959338,0.35692818666,0.00742778672,0.00732110668,0.026971413534894,0.0206563137606105,159,228,0.134813266104606,0,0.207763472017315,-0.0124382330519987,0.012731730808667,-0.260843254056906,0.36044142673421
"33","Ectotherms","Fishes",34,"Pimelodidae","Pseudopimelodidae",0.308371777833333,0.242247111166667,0.0054585,0.00515972233333333,0.0177297377637916,0.021374472465781,112,37,0.0958151904357264,0.114204591214,0.046619097405175,0.0537706387024029,0.239379863983165,-0.185609225280762,1.10758095865087
"34","Ectotherms","Fishes",35,"Mochokidae","Malapteruridae",0.327392,0.449819,0.005449667,0.010596333,0.0166456938471313,0.023556881768,209,21,NA,NA,NA,-0.66495349197859,-0.317687049932558,-0.347266442046031,2.29781181424139
"35","Ectotherms","Fishes",36,"Salmonidae","Esocidae+Umbridae",0.430333918511111,0.513587077788889,0.00713418146666667,0.0158501740777778,0.0167364522778081,0.0324978144918318,222,14,0.106675438415375,0.256091357660672,0.236488295999049,-0.797665440990532,-0.148394772420122,-0.64927066857041,2.76362005225702
"36","Ectotherms","Fishes",37,"Argentinidae","Opisthoproctidae",0.316218333,0.25163,0.007101667,0.011817667,0.0224581128254825,0.0469644597226086,27,19,NA,NA,NA,-0.509266069948816,0.228473147619706,-0.737739217568522,0.351397886837889
"37","Ectotherms","Fishes",38,"Salangidae","Plecoglossidae",0.3504871665,0.340296499875,0.009163833375,0.002784791875,0.0255554892796966,0.00828582828788793,20,3,0.819174478070633,0.0954216761603204,0.870168389705861,0.917368219376346,0.0302337260460993,0.887134493330247,1.89711998488588
"38","Ectotherms","Fishes",40,"Myctophidae","Neoscopelidae",0.4172664666,0.3452358,0.0104882666,0.0066249998,0.0251635763013269,0.0194685875172282,248,6,0.132833301846731,0.11737752512773,0.187403774042092,0.451214893258869,0.191022485137605,0.260192408121264,3.72166927693693
"39","Ectotherms","Fishes",41,"Percopsidae","Aphredoderidae+Amblyopsidae",0.435366667,0.616436667,0.012436333,0.014026667,0.0285651933017647,0.0227544332628091,2,9,NA,NA,NA,0.12033803458885,0.280937606648314,-0.227428964130457,1.50407739677627
"40","Ectotherms","Fishes",42,"Zeidae","Oreosomatidae+Grammicolepididae+Cyttidae",0.29970775,0.12628225,0.00998325,0.00471566675,0.0332951767091166,0.0374149860092859,6,16,0.0634366228103126,0,0.0343824769494079,-0.74451141948629,0.280937606648314,0.120271653582365,0.980829253011726
"41","Ectotherms","Fishes",44,"Gadidae","Lotidae",0.25715451665,0.14992993335,0.0036216166,0.00237324995,0.0141782375363025,0.0183480526868647,25,9,0.264725278489263,0.623333479481244,0.432934409650354,0.455969148878116,0.616873400045464,-0.160904251167347,1.02165124753198
"42","Ectotherms","Fishes",45,"Trachipteridae","Regalecidae",0.562611,0.6638091665,0.0096296665,0.010998,0.0170611217437669,0.0166200107267006,10,3,0.144284549824067,0.164124962787761,0.0198404129636932,-0.13936914531909,-0.166345855431927,0.0269767101128369,1.20397280432594
"43","Ectotherms","Fishes",46,"Trachichthyidae","Anoplogastridae",0.158650333,0.15372,0.003473667,0.004533,0.0218951131984072,0.0294886807181889,51,2,NA,NA,NA,-0.266173163656456,0.0315698512903335,-0.297743014946789,3.23867845216438
"44","Ectotherms","Fishes",47,"Melamphaidae","Berycidae",0.230582166666667,0.125337055333333,0.0106671666666667,0.00365622233333333,0.044329799011587,0.0301625375126658,61,10,0.318180467794124,0.298368030035831,0.101347856924007,0.986147886873034,0.604899078218432,0.381248808654602,1.80828877117927
"45","Ectotherms","Fishes",48,"Cetomimidae","Barbourisiidae",0.481767190571429,0.180022428428571,0.0195140952857143,0.00435371428571429,0.0409178317852081,0.0243161349617418,30,1,0.385453327691214,0.433865057240691,0.140110625811919,1.4530763328365,0.929476836088706,0.523599496747789,3.40119738166216
"46","Ectotherms","Fishes",50,"Apogonidae","Kurtidae",0.7140277668,0.5096608333,0.0158426001,0.0137954333,0.0223530305492226,0.0272355950596104,347,2,0.141985384478028,0.153878641541052,0.159693856087564,0.127045767357457,0.333571304631168,-0.206525537273711,5.15617759938691
"47","Ectotherms","Fishes",51,"Odontobutidae","Rhyacichthyidae",0.4425353666,0.3258184666,0.0171742,0.0058907,0.0397565387935105,0.0181277135324924,22,3,0.278555165348677,0.210692187149895,0.373933477673964,1.02148942529682,0.294342890465192,0.727146534831624,1.99243016469021
"48","Ectotherms","Fishes",52,"Kraemeriidae","Gobiidae+Schindleriidae",0.6829978334,0.4752973334,0.0267031998,0.0122426,0.0392978234159711,0.02664256023462,9,1770,0.297300413387077,0,0.337101696905044,-0.813195062883131,0.200680939676914,-0.428067044220578,5.28151024823165
"49","Ectotherms","Fishes",54,"Mullidae","Champsodontidae",1.00796108325,0.79770975025,0.01625541675,0.0343414165,0.0175544835832009,0.0431930164383397,83,13,0.0705296809077683,0.309309962224296,0.239895269484963,-0.749647530006635,0.184092347078081,-0.933739877084716,1.85389125033506
"50","Ectotherms","Fishes",55,"Centrolophidae","Arripidae+Pomatomidae",0.251565388833333,0.325608833166667,0.00996516666666667,0.0107895556666667,0.0400361916595189,0.0312483590927501,31,5,0.618747989372181,0.352968457448294,0.287371925332894,0.0413836665381258,-0.236917343888417,0.278301010426543,1.82454929205105
"51","Ectotherms","Fishes",56,"Trichiuridae","Gempylidae",0.379467249975,0.29865378325,0.01847171665,0.0092654,0.0488573682439888,0.03067233247826,44,24,0.650559255663245,0.525650685521183,0.384447542118924,0.742382901772061,0.276599806620461,0.4657830951516,0.606135803570315
"52","Ectotherms","Fishes",57,"Stromateidae","Nomeidae+Ariommatidae",0.339890490722222,0.198891342694444,0.0189617036388889,0.00465714816666667,0.0529255424855352,0.0236815661591545,15,24,0.671869223209718,0,0.484562683402569,-1.29127682176623,0.322006572153528,-0.776551548247027,0.470003629245736
"53","Ectotherms","Fishes",58,"Synbranchidae","Indostomidae",0.7854612165,0.9205465,0.024111833,0.0283251665,0.0355385733723435,0.032071904098645,23,3,0.712777285057189,0.58118063594428,1.29395792100147,-0.253756600169554,-0.170755293794925,-0.0830013063746293,2.03688192726104
"54","Ectotherms","Fishes",59,"Badidae","Pristolepididae+Nandidae",0.548751,0.406686,0.019917667,0.008692333,0.0362963657469417,0.0213735732235681,21,13,NA,NA,NA,0.829165754072662,0.299603397798421,0.529562356274242,0.479573080261886
"55","Ectotherms","Fishes",60,"Osphronemidae","Anabantidae+Helostomatidae",0.6798254,0.3712827667,0.0153758001,0.0141078333,0.0233025454683271,0.0384129184712161,132,34,0.389120625491164,0.449020845121393,0.372145945493496,0.0214997693217309,0.547837041213862,-0.526337271892131,1.35644139797021
"56","Ectotherms","Fishes",61,"Polynemidae","Toxotidae",0.4794969334,0.256609,0.0203340666,0.0108384,0.0425762351660016,0.0426269232259948,43,7,0.169927846882671,0.13008766286972,0.128687778894069,0.621257652417539,0.629222732549902,-0.00796508013236341,1.81528996663825
"57","Ectotherms","Fishes",62,"Echeneidae","Coryphaenidae+Rachycentridae",0.659108222333333,0.860333222333333,0.0134177776666667,0.0339272223333333,0.0204607355553105,0.0429993699115345,8,3,0.0869077696795736,0.357024080341267,0.290380278076837,-0.925164964896674,-0.21565814628097,-0.709506818615703,0.980829253011726
"58","Ectotherms","Fishes",63,"Istiophoridae","Xiphiidae",0.228205296222222,0.265082518555556,0.003281111,0.00328977777777778,0.014375139555026,0.012413960293457,11,1,0.0424020653799084,0.02915672024395,0.0333793886431783,-0.00328548643856803,-0.149852276450736,0.146566790012168,2.39789527279837
"59","Ectotherms","Fishes",64,"Pleuronectidae","Scophthalmidae",0.61214643335,0.66398133345,0.01355563325,0.02086203335,0.0221277950436898,0.0318403978518999,82,9,0.223487358850142,0.127461345270913,0.246364007005638,-0.46033238928915,-0.0868057590403287,-0.373526630248822,2.20949466992803
"60","Ectotherms","Fishes",67,"Mugilidae","Ambassidae",0.4537896333,0.64279553325,0.01499059995,0.01743044995,0.0334004837075095,0.0285019827513439,79,49,0.219618353001426,0.190509800254608,0.357729888238321,-0.15819419123221,-0.337116080822204,0.178921889589993,0.477627554356395
"61","Ectotherms","Fishes",69,"Bedotiidae","Isonidae",0.357667,0.485149,0.006743667,0.010196333,0.0188545965940386,0.021016910268804,16,5,NA,NA,NA,-0.413424303590902,-0.3048536743224,-0.108570629268501,1.16315080980568
"62","Ectotherms","Fishes",70,"Exocoetidae","Hemiramphidae",0.44516577334,0.43321825332,0.00898910672,0.00950375996,0.0203221165002359,0.022555318741055,68,63,0.280428668198663,0.22801103402728,0.228735700789772,-0.0160801399608262,0.0815982319302939,-0.0976783718911201,0.0763729787845744
"63","Ectotherms","Fishes",71,"Belonidae","Zenarchopteridae",0.3140403999,0.3521080665,0.0165163668,0.0144183333,0.0464657353898876,0.0406823352926853,52,61,0.795070730956763,0,0.64271553263361,0.215539301026773,-0.192416702026093,0.095149708856241,0.159630145591884
"64","Ectotherms","Fishes",73,"Fundulidae","Goodeidae+Valenciidae+Profundulidae",0.660062511066667,0.366763844466667,0.0166908888666667,0.0109802445333333,0.0253710867173414,0.03026847682184,46,65,0.0612645246000418,0,0.108589860196124,-0.418876190146997,-0.192416702026093,0.172592804932906,0.345745873406542
"65","Ectotherms","Fishes",74,"Himantolophidae","Melanocetidae",0.08738491675,0.10800200025,0.00402483325,0.005507,0.0460498683728408,0.0509933051801984,21,6,0.0370434148721342,0.0343140286932597,0.0204005455439313,-0.314213473446293,-0.212155293999609,-0.102058179446684,1.25276296849537
"66","Ectotherms","Fishes",75,"Ostraciidae","Aracanidae",0.3974006,0.1862403331,0.0052844,0.0042121335,0.0133599309184657,0.0225794754814615,26,13,0.169422477043284,0.118473055469935,0.13856821425131,0.229320296138233,0.756028661780999,-0.526708365642766,0.693147180559945
"67","Ectotherms","Fishes",76,"Tetraodontidae","Diodontidae",0.514958744366667,0.558341344466667,0.0144729222666667,0.0105818888666667,0.028130006769445,0.0190540182357775,191,18,0.230600132606178,0.135735596184907,0.201793200834644,0.293993101452884,-0.0837924580720985,0.377785559524983,2.36190167015047
"68","Ectotherms","Fishes",77,"Monacanthidae","Balistidae",0.49739911001,0.45265774005,0.0137114067,0.00762785333,0.0276025768322233,0.017019411030037,108,42,0.26809352440201,0.220178316826899,0.188203588718397,0.550765142136114,0.0735722341419059,0.477192907994208,0.944461608840852
"69","Ectotherms","Fishes",78,"Triacanthidae","Triacanthodidae",0.40504741675,0.32217408325,0.01755075,0.0100294165,0.0434668672586588,0.0311747201003255,7,23,0.109020880009524,0,0.0640555194947523,-0.556202696219931,0.172755536641253,-0.331457822000178,1.18958406687384
"70","Ectotherms","Fishes",79,"Siganidae","Caproidae",0.3956271905,0.478446214285714,0.00666361907142857,0.0146873571428571,0.0169839671408302,0.0296375729506754,28,18,0.360869595323004,0.26464781501857,0.183641410674937,-0.705104519748469,-0.153142021994077,-0.551962497754392,0.441832752279039
"71","Ectotherms","Fishes",80,"Priacanthidae","Scatophagidae",0.429579583375,0.474782791625,0.009978125125,0.021044375,0.0216936725962814,0.0444390608664728,19,4,0.674314284948403,0.346520518742905,0.34784482698608,-0.906986900611929,-0.158373985857346,-0.748612914754582,1.55814461804655
"72","Ectotherms","Fishes",81,"Drepaneidae","Ephippidae",0.356212666666667,0.301358888666667,0.014046222,0.0104344443333333,0.0394655497007888,0.0348790179641915,3,15,0.0554607378956509,0,0.0496555613512423,-0.297992921775715,0.194588591957506,-0.125543612399638,1.6094379124341
"73","Ectotherms","Fishes",82,"Acanthuridae","Zanclidae",0.384187888888889,0.398607851888889,0.009222074,0.00627929622222222,0.0222442084863702,0.0157377690604491,82,1,1.00334966774034,0.257569400753834,0.774661560638843,0.0975455255300804,-0.049367398284389,0.146912923814469,4.40671924726425
"74","Ectotherms","Fishes",83,"Sparidae","Nemipteridae",0.4960466067,0.68741202004,0.01325974664,0.01973244,0.0276340210416762,0.0293611373401086,142,67,0.14227551739461,0.179291175056871,0.215108443176116,-0.400944261412993,-0.333602396928517,-0.0673418644844762,0.751134438210295
"75","Ectotherms","Fishes",84,"Chaetodontidae","Leiognathidae",0.467424708375,0.664797583375,0.01554635425,0.0205656875625,0.0338787410767693,0.0314498334479913,129,48,0.0899405019542503,0.252799332135566,0.217701189553357,-0.279447719407716,-0.347310934515672,0.0678632151079566,0.988611393453781
"76","Ectotherms","Fishes",85,"Haemulidae","Lutjanidae",0.282266938114286,0.302110866671429,0.00578159517142857,0.00473561905714286,0.0205946627783237,0.0157718755422063,137,133,0.134340551833109,0.165382563587023,0.184177111341609,0.198149658110777,-0.0685537186018349,0.266703376712612,0.0296317976063714
"77","Ectotherms","Fishes",86,"Monodactylidae","Emmelichthyidae+Dinopercidae",0.194947333,0.191915667,0.002954667,0.003710333,0.0151562319654817,0.0193331428225711,6,19,NA,NA,NA,0.227735675851091,-0.0790845956276487,0.243409069594132,1.15267950993839
"78","Ectotherms","Fishes",87,"Sillaginidae","Moronidae",0.656496488107143,0.499017321428571,0.0132309406071429,0.0170114999285714,0.0201078884755808,0.0344517452826659,33,6,0.209676195351811,0.184722872165967,0.198520568572203,-0.268885715841381,0.272732235690665,-0.541617951532046,1.70474809223843
"79","Ectotherms","Fishes",88,"Pentacerotidae","Banjosidae",0.1419255,0.1319703335,0.002564,0.002080833,0.0186170988804654,0.0157666623603335,13,1,0.0553005613673904,0.267460821297389,0.21216025993,0.207275494792833,0.0518647485497954,0.155410746243037,2.56494935746154
"80","Ectotherms","Fishes",89,"Polyprionidae","Lateolabracidae",0.0895108335,0.4846725,0.002695333,0.012224,0.0302241700629085,0.0252229624753764,5,2,0.0747210948759113,0.0682570223836302,0.142978117259542,-1.51317099095896,-1.68991427057275,0.176743279613792,0.916290731874155
"81","Ectotherms","Fishes",90,"Scombropidae","Epigonidae+Creediidae",0.135427667,0.210487667,0.003014667,0.004301667,0.022260348027704,0.0204366700496519,3,59,NA,NA,NA,0.355513245673658,-0.317764387749239,-0.0854761417513701,2.97892515523761
"82","Ectotherms","Fishes",91,"Terapontidae","Kuhliidae",0.389577611166667,0.264265277833333,0.0109645555,0.00906122233333333,0.0281789502415455,0.0343829071911002,52,14,0.0721020855366822,0.0704946465261576,0.0701250173057104,0.188810148110523,0.388924672153601,-0.200114524043078,1.31218638896617
"83","Ectotherms","Fishes",92,"Girellidae","Kyphosidae",0.35391316675,0.24909625025,0.0099031665,0.00525125,0.0279909214551826,0.0209186164118578,18,34,0.378528422138017,0,0.251318131583032,-0.685494824882754,0.338528114270003,-0.318455203477112,0.635988766719997
"84","Ectotherms","Fishes",93,"Centrarchidae","Elassomatidae",0.26848369995,0.8646692333,0.00612646665,0.01853555,0.0233568629543734,0.0215424911987936,38,7,0.194006639805869,0.199589373521207,0.223323207223103,-1.12203887276253,-1.18541120118567,0.063372328423134,1.69167601067107
"85","Ectotherms","Fishes",94,"Sinipercidae","Percichthyidae",0.228525595142857,0.216327666685714,0.00423674761428571,0.0101995714714286,0.0251503085046484,0.0433862588625361,9,30,0.425999965943374,0,0.694730333332729,0.722591225258444,-1.56489238016635,0.645567317305701,1.20397280432594
"86","Ectotherms","Fishes",95,"Percidae+Niphonidae","Trachinidae+Bembropidae",0.3867676666,0.4072764667,0.0081095334,0.0178489668,0.021380193986303,0.0443817640261326,239,26,0.133646178937117,0.114992798042463,0.172049490076803,-0.798673004295031,-0.0587739386209216,-0.739899065674109,2.21836701391003
"87","Ectotherms","Fishes",96,"Channichthyidae","Bathydraconidae",0.0882629444,0.0613036445,0.00607946666666667,0.00544207776666667,0.0693583216271737,0.0876397175786833,25,17,0.310850691124579,0.15261497731999,0.201207239460382,0.143358603844706,0.36261863338124,-0.219260029536534,0.385662480811984
"88","Ectotherms","Fishes",97,"Platycephalidae","Hoplichthyidae+Normanichthyidae",0.488301333,0.5827878335,0.0198455,0.0125918335,0.0425253942868617,0.0218590399470298,79,13,0.330292943849615,0.352050767287111,0.021757823437495,0.432229884746583,-0.231336344882305,0.663566229628888,1.80449849500548
"89","Ectotherms","Fishes",98,"Sebastidae","Scorpaenidae",0.2711491888,0.4351308111,0.00625031116666667,0.00907750003333333,0.0232369605997988,0.020674324037308,135,215,0.189446930030797,0,0.237704854198461,0.345958065011799,0.0176011399883384,-0.12696596848413,0.465363249689233
"90","Ectotherms","Fishes",99,"Triglidae","Peristediidae",0.247210166666667,0.344021444666667,0.00541177783333333,0.004615389,0.0219639002305379,0.0134257052681251,124,44,0.0821864569157397,0.0272193560941811,0.100237241986163,0.157457639348631,-0.331454525875477,0.488912165224108,1.03609193168678
"91","Ectotherms","Fishes",100,"Gasterosteidae","Hypoptychidae+Aulorhynchidae",0.284678644533333,0.3762152667,0.00646133336666667,0.00928043333333333,0.023337091539997,0.0243026517220191,18,3,0.42092657274295,0.352885241555444,0.245770882705623,-0.319765136390617,-0.29669837406473,-0.0230667623258863,1.79175946922805
"92","Ectotherms","Fishes",101,"Zoarcidae","Anarhichadidae",0.105443833333333,0.098193986125,0.00439501383333333,0.00192122220833333,0.0417947832848233,0.0196426909453832,302,5,0.195836661446137,0.150206439462854,0.1550404428484,0.828990850789345,0.074608251394709,0.754382599394636,4.10098910494077
"93","Ectotherms","Fishes",102,"Liparidae","Cyclopteridae",0.3696095,0.1472415,0.0090186665,0.006850167,0.0245253863530951,0.0465419499925036,399,27,0.0203190454493409,0.120914556349058,0.141233601798398,0.274810139764633,0.918787490538557,-0.643977350773924,2.69312455088553
"94","Ectotherms","Fishes",103,"Psychrolutidae","Cottidae+Jordaniidae",0.17554923669,0.27289002339,0.00362187997,0.00406843331,0.0172081736948504,0.0151762550025244,221,107,0.765064875146652,0.341124202813247,0.544362073879406,-0.497330874234089,-0.459464672707049,-0.0378662015270399,0.725333867055847
"95","Ectotherms","Amphibians",1,"Siphonopidae","Dermophiidae",0.675574667,1.304846667,0.019711333,0.027146333,0.0291771346127163,0.0208042321650043,28,14,NA,NA,NA,-0.320048223279074,-0.658277129110864,0.33822890583179,0.693147180559945
"96","Ectotherms","Amphibians",2,"Hynobiidae","Cryptobranchidae",0.7431805777,0.991927711066667,0.0162266110666667,0.0264744000666667,0.0225220323029878,0.0278322653551158,83,4,0.0653361457320135,0.284170902750453,0.28927901129962,-0.49113072953036,-0.280837692127912,-0.210293037402448,3.03254624667671
"97","Ectotherms","Amphibians",3,"Dicamptodontidae+Ambystomatidae","Salamandridae",0.919355931641026,0.913119965833333,0.0189203675384615,0.0193126709615385,0.02177917307866,0.0216973818469287,36,126,0.110127277128763,0,0.249431807055139,0.0188201284211079,-0.123794334834748,0.00710191758908719,1.25276296849537
"98","Ectotherms","Amphibians",4,"Plethodontidae","Amphiumidae",0.7961739001,0.9509301667,0.0241253667,0.0268903334,0.0320631953681899,0.028598058193315,491,3,0.127958634985816,0.157219422185461,0.239907936648526,-0.115941933172526,-0.192992133858277,0.0770502006857507,5.09783183912641
"99","Ectotherms","Amphibians",5,"Bombinatoridae","Alytidae",0.622008444333333,0.568154694416667,0.0166798055,0.0147673610833333,0.0269542122072984,0.0261709537436806,10,12,0.123634616716842,0,0.131140947089146,-0.124529655569726,-0.116767428077152,-0.0309345793162384,0.182321556793954
"100","Ectotherms","Amphibians",7,"Calyptocephalellidae","Myobatrachidae",0.5177166665,0.6070091665,0.017397833,0.021149667,0.0347841753350576,0.0349580301625927,5,133,0.125542649259214,0,0.413531597287188,0.1976969744105,-0.116767428077152,0.0280031534934788,3.28091121578765
"101","Ectotherms","Amphibians",9,"Mantellidae","Rhacophoridae",0.978956611166667,0.661664888833333,0.0254332778333333,0.0277589443333333,0.0261525958408146,0.0430114604402901,232,434,0.0281285531874986,0,0.17076699104027,0.0876226418459322,-0.116767428077152,0.488848354908534,0.626307162434095
"102","Ectotherms","Reptiles",1,"Alligatoridae","Crocodylidae+Gavialidae",0.7321167708375,1.0905524375,0.02608302915,0.0270780250375,0.0371166835013969,0.0264699115559207,8,18,0.0985041247763079,0,0.178898267983577,0.0432161213413823,-0.116767428077152,-0.346873734338079,0.810930216216329
"103","Ectotherms","Reptiles",3,"Trionychidae","Carettochelyidae",0.7236573334,1.1480545667,0.0199786666,0.0268267001,0.0303095212599039,0.0250724784261134,33,1,0.126921742561033,0.148245995129626,0.107936526451478,-0.300351416006237,-0.493689549587185,0.193338133580948,3.49650756146648
"104","Ectotherms","Reptiles",4,"Dermochelyidae","Cheloniidae",0.210012888833333,0.175192277833333,0.005592222,0.006038111,0.0266446931959566,0.0343082058453068,1,6,0.210855250953044,0,0.105126773179374,0.0617402280754759,-0.507608555998506,0.248432939712336,1.79175946922805
"105","Ectotherms","Reptiles",5,"Platysternidae","Emydidae",0.297592111,0.210061333,0.0173864446666667,0.0143502223333333,0.0585183296604103,0.0683750276798975,1,53,0.0347959905573283,0,0.0180497227644786,-0.192296638443865,-0.507608555998506,0.155712449281667,3.97029191355212
"106","Ectotherms","Reptiles",6,"Geoemydidae","Testudinidae",0.19504175997,0.21200136335,0.01405520665,0.00774900333,0.0723666848371167,0.0365203375163324,71,60,0.252947599607345,0.184811847156347,0.208175342344178,0.609426644705132,-0.0891002156401331,0.698526860345265,0.168335314819215
"107","Ectotherms","Reptiles",8,"Diplodactylidae","Pygopodidae+Carphodactylidae",0.790846667,0.861157667,0.017487,0.016651667,0.0221117452088851,0.019336374322729,124,70,NA,NA,NA,0.0489474161966337,-0.0851735065051319,0.134120922701766,0.571786323555678
"108","Ectotherms","Reptiles",9,"Scincidae","Xantusiidae+Cordylidae+Gerrhosauridae+",0.8991336667,0.8822563333,0.0224992001,0.02758015,0.0272329187004732,0.0328180392254404,1075,125,0.095188079344677,0.402889970743088,0.475959649770261,-0.202413031405973,-0.00456745376685674,-0.197845577639116,2.15176220325946
"109","Ectotherms","Reptiles",10,"Amphisbaenidae","Trogonophidae",1.1376833335,1.2669345,0.0262568335,0.0216145,0.0230823085897887,0.0177665326455516,65,4,0.116806272354447,0.389011478956277,0.27220520660183,0.193165455563457,-0.0865723621401068,0.279737817703564,2.78809290877575
"110","Ectotherms","Reptiles",12,"Helodermatidae+Xenosauridae","Anguidae+Diploglossidae+Anniellidae",1.97856770825,1.013657375,0.025313875,0.02793945825,0.0131974475104162,0.0280368467763634,14,111,0.0431544737110481,0,0.153936388323353,0.0986280703685325,-0.361645016869498,0.761852549137721,2.07047287169708
"111","Ectotherms","Reptiles",14,"Polychrotidae+Liolaemidae","Opluridae+Leiosauridae+Hoplocercidae",0.9485045,1.045542,0.0198118335,0.017299,0.0208911159561412,0.018133723389633,326,60,0.0456107675025044,0.389905322677563,0.435516090180066,0.135966532865955,-0.0554637192566419,0.191430252122596,1.69255281914461
"112","Ectotherms","Reptiles",15,"Iguanidae","Leiocephalidae",0.6693593334,1.7494781334,0.0143320668,0.01687,0.0219990324228257,0.0105369054461493,40,15,0.108544631873363,0.270647717497174,0.314211704666313,-0.167057798856273,-0.940619634911886,0.773561836055613,0.980829253011726
"113","Ectotherms","Reptiles",16,"Crotaphytidae","Corytophanidae",0.645829333,0.771843333,0.013807667,0.015175,0.02137974584688,0.0196607256307026,12,8,NA,NA,NA,-0.0944253193495257,-0.178246314426182,0.0838209950766564,0.405465108108165
"114","Ectotherms","Reptiles",17,"Tropidophiidae","Aniliidae",1.307823,1.072515333,0.022543667,0.017783,0.0172375520234772,0.0165806487355832,10,1,NA,NA,NA,0.237211239171441,0.198357254556026,0.0388539846154154,2.30258509299405
"115","Ectotherms","Reptiles",18,"Xenopeltidae","Pythonidae+Loxocemidae",0.588545333,0.617467,0.010683667,0.009914,0.0181526662449976,0.0160559187778456,1,35,NA,NA,NA,-0.0747682270617629,0.198357254556026,-0.122739897670894,3.55534806148941
"116","Ectotherms","Reptiles",19,"Colubridae","Elapidae+Micrelapidae+Lamprophiidae+Cyclocoridae",0.58003514332,0.67571359332,0.01629273,0.01995348003,0.02953042199427,0.0305862379848215,990,572,0.183288890516149,0.283425968067215,0.244537037085496,-0.200508479662251,-0.159612020005805,-0.0408964596564464,0.548565951748838
"117","Endotherms","Mammals",1,"Ornithorhynchidae","Tachyglossidae",0.3567213335,0.229999833,0.0066701665,0.0099983335,0.0187143168242647,0.0436305086981935,1,4,0.0426795987907752,0,0.0690935065438685,0.404204464755229,0.474570922189233,0.843763321124397,1.38629436111989
"118","Endotherms","Mammals",2,"Thylacomyidae","Peramelidae",0.590332888888889,0.370569889,0.010441926,0.00689048155555556,0.0183854601635118,0.0187371797991005,2,22,0.102653143289847,0,0.278471133394691,-0.422093651227653,0.501718072136609,0.0306782648993718,2.39789527279837
"119","Endotherms","Mammals",3,"Myrmecobiidae","Dasyuridae",0.6274032668,0.8621494833,0.01456338335,0.01218858335,0.0252457813049734,0.0148883183181302,2,73,0.195124834325049,0,0.383391403363764,-0.175451179163386,-0.160865983132718,-0.532764144636643,3.59731226058845
"120","Endotherms","Mammals",4,"Phascolarctidae","Vombatidae",0.3907411665,0.2257855,0.0216788335,0.0070341665,0.0554943772214165,0.0311785232074776,1,3,0.00182817951997247,0,0.0187325605636429,-1.12556236375725,-0.219859363449761,-0.576866687971392,1.09861228866811
"121","Endotherms","Mammals",5,"Burramyidae","Phalangeridae",0.5240335624375,0.4320315625625,0.009673166625,0.0100959375,0.0185104709794032,0.0236053184215095,5,27,0.162021930198455,0,0.206500241788648,0.0359690222284201,-0.219859363449761,0.236695876497864,1.68639895357023
"122","Endotherms","Mammals",6,"Petauridae","Pseudocheiridae",0.5193801333,0.4954931833,0.0086932333,0.0106572834,0.0168741129153567,0.0224340448631749,13,20,0.234436765322596,0,0.370462513662547,0.202751821401678,-0.219859363449761,0.256878709799857,0.430782916092454
"123","Endotherms","Mammals",7,"Potoroidae","Macropodidae",0.30451898672,0.28606978002,0.00503885336,0.00580894008,0.016670646262352,0.0203280069983388,12,68,0.194593349849192,0,0.209541314810854,0.142438052858499,-0.219859363449761,0.204632627140398,1.73460105538811
"124","Endotherms","Mammals",8,"Chlamyphoridae","Dasypodidae",0.3521001143,0.574601066671429,0.00925006191428571,0.0101206428142857,0.0272005362458824,0.0180140736054016,13,7,0.0933174248004102,0.278222450312271,0.280074280609056,-0.0930833242440325,-0.494402203132297,0.401318878888264,0.619039208406224
"125","Endotherms","Mammals",10,"Megalonychidae","Bradypodidae",0.22621593335,0.2936845,0.0084096166,0.01921181665,0.0369102317308142,0.0655686894511808,2,4,0.359646668267514,0,0.219197349193567,0.874572084899644,0.474570922189233,0.592048075236145,0.693147180559945
"126","Endotherms","Mammals",11,"Macroscelididae","Orycteropodidae",1.10429555533333,1.04187733366667,0.0221092223333333,0.0156332223333333,0.0212123369828682,0.0157048981138593,19,1,0.0910086453719314,0.29869174186456,0.369024236526016,0.344577785214268,0.0584014841488885,0.28617630106538,2.94443897916644
"127","Endotherms","Mammals",13,"Trichechidae","Dugongidae",0.222984833,0.1636023335,0.0073248335,0.006834167,0.0328487060201138,0.0422209379452872,3,1,0.0869301976333111,0.110504544576671,0.197434742209983,0.0707725639788106,0.31284713647883,-0.242074572500019,1.09861228866811
"128","Endotherms","Mammals",14,"Elephantidae","Procaviidae",0.499998595285714,1.25929107135714,0.0292201190714286,0.0231665714285714,0.0593061144575859,0.0185617337513802,7,5,0.041254979166446,0.0615318984259482,0.0461756546066341,0.23261516249095,-0.927916148434068,1.16053131092502,0.336472236621213
"129","Endotherms","Mammals",15,"Lorisidae","Galagidae",0.374848222277778,0.350230407388889,0.0124945185555556,0.0115555741111111,0.0339512635295509,0.0334404104873125,12,18,0.0515957625826527,0,0.212676841947654,-0.0780942785498542,-1.01588568917613,-0.0136436920861025,0.405465108108164
"130","Endotherms","Mammals",16,"Cheirogaleidae","Lepilemuridae",0.456234420878788,0.283078690262626,0.0151036363838384,0.0179980539090909,0.0334234668634322,0.0638841102203085,33,26,0.0754059737590118,0.114898233774184,0.16428413399656,-0.176833757807114,0.477495304684686,-0.654329062491801,0.238411023444998
"131","Endotherms","Mammals",17,"Aotidae","Callitrichidae",0.160053341725,0.367831483375,0.007158675,0.0098654917,0.0452228925568775,0.026928132748808,11,47,0.119654925279417,0,0.101817213114174,0.313435357378167,0.501718072136609,-0.522062953126863,1.45225232891169
"132","Endotherms","Mammals",18,"Hominidae+Hylobatidae","Cercopithecidae",0.257382417515152,0.304464414121212,0.0156414579292929,0.0209245421414141,0.061075076712086,0.0702932416096457,27,139,0.127999946788057,0,0.249459922267924,0.291465056097788,0.501718072136609,0.129200994358568,1.63863706712636
"133","Endotherms","Mammals",19,"Ochotonidae","Leporidae",0.729288127969697,0.928217329949495,0.0153296397070707,0.012867734,0.022342024212328,0.0142791867373345,32,67,0.0358770671141571,0,0.26209999129163,-0.17509413508998,0.501718072136609,-0.427042629654977,0.738956716591239
"134","Endotherms","Mammals",21,"Bathyergidae","Heterocephalidae",0.010068,0.012579,0.000703333,0.000516,0.0698582638061184,0.0410207488671595,19,1,NA,NA,NA,0.309723698386678,-0.222666679583666,0.532390377970344,2.94443897916644
"135","Endotherms","Mammals",22,"Echimyidae","Capromyidae",0.34163898666,0.33325206666,0.01097883328,0.01040429998,0.0322155551584539,0.0314530368603767,88,11,0.125254563776266,0.12930874613923,0.153512801524924,0.0497365388945094,0.0244096840820839,0.0253268548124256,2.07944154167984
"136","Endotherms","Mammals",23,"Ctenomyidae","Octodontidae+Cuniculidae",0.463286185222222,0.314161481444444,0.0121451112222222,0.00944777788888889,0.0263066245755752,0.0301515538548697,59,16,0.149682452238211,0.043699344660906,0.177277288018976,0.250466763872735,0.387711819864473,-0.137245055991738,1.30494872166594
"137","Endotherms","Mammals",24,"Erethizontidae","Caviidae+Dasyproctidae",0.611032,0.6892253335,0.0160408335,0.0197725,0.0262762750143335,0.0288221267763934,19,36,0.0123132056562313,0,0.0478112308913317,0.209087396260196,0.36460774341327,0.0909346974745633,0.63907995928967
"138","Endotherms","Mammals",25,"Zapodidae","Dipodidae",0.7532987332,0.7877338,0.0157859334,0.0167761332,0.0217030166490535,0.0224528187486536,4,35,0.0832418354248216,0,0.3544676006618,0.060621284739028,0.36460774341327,0.0274894954971747,2.16905370036952
"139","Endotherms","Mammals",28,"Hipposideridae+Rhinonycteridae","Rhinolophidae",0.2355468333,0.3922559,0.0071165668,0.0076607666,0.03064002419748,0.0196485151115437,95,90,0.0807844813734287,0.165610741780738,0.226872317906175,-0.0714701162706355,-0.515095071199009,0.443624954928374,0.0540672212702757
"140","Endotherms","Mammals",29,"Noctilionidae","Furipteridae",0.575458333,0.675891667,0.014777,0.015696667,0.0256786619510122,0.0232236433238938,2,2,NA,NA,NA,-0.0603764789017873,-0.160865983132718,0.10048950423093,0
"141","Endotherms","Mammals",30,"Mormoopidae","Phyllostomidae",0.4516862222,0.590482766666667,0.00854286663333333,0.0132657444333333,0.0193477260160561,0.0224820116089768,12,207,0.178271507197171,0,0.217501411744157,0.421553272804502,-0.160865983132718,0.149339889472964,2.84781214347737
"142","Endotherms","Mammals",31,"Miniopteridae","Vespertilionidae+Cistugidae",0.5665947001,0.5734639334,0.0112028665,0.0161523,0.0198582173558614,0.0281960001560104,32,453,0.152134816057211,0,0.113743627451543,0.356600698982881,-0.160865983132718,0.348972352775749,2.65015622268331
"143","Endotherms","Mammals",32,"Eupleridae","Herpestidae",0.209292888666667,0.332000666666667,0.005407889,0.008300889,0.0258634289472242,0.0249669886175772,9,36,0.116598925625327,0,0.106876488457049,0.424878855630711,-0.160865983132718,-0.0359297243642949,1.38629436111989
"144","Endotherms","Mammals",33,"Felidae","Prionodontidae",0.2424245666,0.2786030665,0.0058335666,0.0073285001,0.0241861634749534,0.026363158193105,41,2,0.100647086232217,0.0528111207976887,0.103491569537545,-0.233831128163766,-0.140366260008345,-0.0934648681554207,3.02042488614436
"145","Endotherms","Mammals",34,"Otariidae+Odobenidae","Phocidae",0.30129846999,0.19651426335,0.01018218003,0.00703588664,0.0338374955304052,0.0360774399324253,17,19,0.0985490744299861,0,0.145895807247439,-0.367525481805765,-0.0934005035676886,0.0616138645671497,0.111225635110224
"146","Endotherms","Mammals",35,"Procyonidae","Mustelidae",0.4121539668,0.3205830667,0.0138836334,0.00917765,0.0335744454889159,0.0287732871438846,14,66,0.159762058585166,0,0.141569639820273,-0.404590625853956,-0.0934005035676886,-0.153212159069165,1.55059741241117
"147","Endotherms","Mammals",36,"Equidae","Tapiridae+Rhinocerotidae",0.3019136458125,0.224965437525,0.00710074165,0.0078986749625,0.0236167622385822,0.0354260427598178,9,9,0.103733998398419,0.108278846363893,0.158451793030321,-0.107123634515827,0.295548339169624,-0.402671973685451,0
"148","Endotherms","Mammals",37,"Tayassuidae","Suidae",0.353133285785714,0.366460642857143,0.00823230957142857,0.00726159521428571,0.0237628743980048,0.0199795491428756,3,19,0.114419577294777,0,0.276200216548786,-0.120383144872899,0.195111506866664,-0.156871665506177,1.84582669049833
"149","Endotherms","Mammals",38,"Balaenopteridae","Eschrichtiidae",0.077391111,0.087478852,0.00278170366666667,0.00367133344444444,0.0362689724729921,0.0421699683051536,9,1,0.164398635660611,0.181604565146975,0.115126242318049,-0.289762286767829,-0.135163920212456,-0.154598366555373,2.19722457733622
"150","Endotherms","Mammals",39,"Physeteridae","Kogiidae",0.246762833,0.2685996665,0.0087696665,0.0081915,0.0356744849796208,0.0305603973829451,1,2,0.0169592158288483,0,0.143993505662058,-0.0680881251802519,-0.219859363449761,-0.154366591053251,0.693147180559945
"151","Endotherms","Mammals",40,"Lipotidae","Pontoporiidae+Iniidae",0.3169383335,0.3279908335,0.012687,0.012978,0.0400403722779277,0.039573967950279,1,2,0.0761969727165815,0,0.0340515348825631,0.0206967773750639,-0.219859363449761,-0.011480349029789,0.693147180559945
"152","Endotherms","Mammals",41,"Phocoenidae+Monodontidae","Delphinidae",0.216573554125,0.156337933375,0.0059493125,0.0048442083125,0.0293836855942694,0.0311764879557199,9,38,0.0831338456155814,0,0.300529672661703,-0.205491460079747,-0.219859363449761,0.0976403883204429,1.44036158239017
"153","Endotherms","Mammals",42,"Antilocapridae","Giraffidae",0.433744,0.2145798335,0.004726,0.0074111665,0.0109775739858726,0.0346169899757175,1,2,0.174344280124613,0,0.131654952636448,0.448925609775197,-0.219859363449761,1.15507415976021,0.693147180559945
"154","Endotherms","Mammals",43,"Moschidae+Cervidae","Bovidae",0.25307344333,0.27179597666,0.00510108334,0.00537694998,0.0202060812110054,0.0199676406972508,63,144,0.225020470863212,0,0.255267214724902,0.048502868510232,-0.219859363449761,-0.0235667429313747,0.826678573184468
"155","Endotherms","Birds",1,"Casuariidae","Apterygidae",0.288725972222222,0.191352833333333,0.00459558333333333,0.00787308333333333,0.0159612634790979,0.0411978618705915,4,5,0.0689187264280831,0,0.113802607126142,0.539050572164396,-0.164188175123384,0.950443518202992,0.22314355131421
"156","Endotherms","Birds",2,"Rheidae","Tinamidae",0.325024583333333,0.717049066666667,0.00689075,0.0194068833333333,0.021432786871416,0.0272071208262747,2,46,0.106724668589667,0,0.124453184616955,1.02987302969522,0.247461823073229,0.239165142901642,3.13549421592915
"157","Endotherms","Birds",3,"Anseranatidae","Anatidae",0.224350766666667,0.664037633333333,0.0058367,0.0121923333333333,0.0262018275460338,0.0184086531345306,1,174,0.101509712670346,0,0.142279177372724,0.733523831253773,0.368133456726321,-0.352683178729191,5.15905529921453
"158","Endotherms","Birds",4,"Odontophoridae","Phasianidae",0.30207588,0.270831593333333,0.00893097333333333,0.00794969333333333,0.0296729858466758,0.029583900536205,34,185,0.136162770207881,0,0.160513413846581,-0.117781315027676,-0.165586020282432,-0.00357026201863125,1.69399530046216
"159","Endotherms","Birds",5,"Mesitornithidae","Pteroclidae",0.473335333333333,0.348130777777778,0.0159485555555556,0.00941466666666667,0.0337666712230983,0.0270598015475267,3,16,0.104549480000519,0,0.12047438300313,-0.529965089581787,0.28484010158837,-0.221328994932494,1.67397643357167
"160","Endotherms","Birds",6,"Otididae","Cuculidae",0.2930094,0.598656233333333,0.00862485,0.0142253916666667,0.0296063588686795,0.0239445082660091,26,150,0.118893789163998,0,0.109303915193798,0.495090331013157,0.103452844921984,-0.214645589841292,1.75253875607477
"161","Endotherms","Birds",7,"Sarothruridae+Heliornithidae","Rallidae",0.526061616666667,0.395931866666667,0.0145549666666667,0.0106883,0.0287129847442071,0.0272332545697499,18,152,0.239883419362518,0,0.178088712495786,-0.292439885851116,-0.182183093769736,-0.0484227985918659,2.13350876295011
"162","Endotherms","Birds",8,"Aramidae","Gruidae",0.217167333333333,0.1905483,0.0045424,0.0052093,0.0209611651819254,0.0274809257789214,1,15,0.0959895323114798,0,0.131410154953026,0.135077868403642,-0.182183093769736,0.265719870242705,2.70805020110221
"163","Endotherms","Birds",9,"Burhinidae","Chionidae+Pluvianellidae",0.271204,0.374624,0.007165,0.00691933333333333,0.0264192268550611,0.0184700748839725,10,3,NA,NA,NA,0.0348886354051476,-0.323051551077254,0.357940186482402,1.20397280432594
"164","Endotherms","Birds",10,"Recurvirostridae","Ibidorhynchidae+Haematopodidae",0.174871277777778,0.186002833333334,0.0031635,0.00497788888888889,0.0183072480896225,0.0268160722875337,10,13,0.196797630958261,0,0.0854930318863393,0.426676936305119,-0.164188175123384,0.389514493703504,0.262364264467491
"165","Endotherms","Birds",11,"Jacanidae","Rostratulidae",0.274036888888889,0.236512111111111,0.00671883333333333,0.00703105555555556,0.0245321723047623,0.029777645932303,8,3,0.140471787799632,0.156943875611044,0.0421840849193955,-0.0390768011148685,0.153561920041718,-0.192638721156587,0.980829253011726
"166","Endotherms","Birds",12,"Dromadidae","Glareolidae",0.217121666666666,0.346898333333333,0.00419016666666667,0.004733,0.0193046394926728,0.0137353444519984,1,17,0.0959677252924983,0,0.198056957622256,0.119542309846224,-0.00485989819692234,-0.347679880782737,2.83321334405622
"167","Endotherms","Birds",13,"Alcidae+Stercorariidae","Laridae",0.250092748148148,0.268704140740741,0.00486652592592593,0.00490511111111111,0.0195553689802021,0.0183868757537448,32,103,0.129981200828547,0,0.194228309075035,0.00841617358488629,-0.00485989819692234,-0.064376437480582,1.16899308542991
"168","Endotherms","Birds",14,"Steatornithidae","Nyctibiidae",0.303589,0.377773111111111,0.00872733333333333,0.00981944444444442,0.028821239355152,0.0260399627588049,1,7,0.108162571403569,0,0.081965426482762,0.116079347203907,-0.00485989819692234,-0.100917152323359,1.94591014905531
"169","Endotherms","Birds",15,"Hemiprocnidae+Apodidae","Trochilidae",0.284302533333333,0.566327516666667,0.00758433333333333,0.0116482916666667,0.0270593062681358,0.0206962845755748,117,362,0.0919288040552402,0,0.172689593114059,0.430613150449149,-0.00485989819692234,-0.263552213926525,1.12947027702802
"170","Endotherms","Birds",16,"Eurypygidae","Rhynochetidae",0.340423666666667,0.265796,0.00947433333333333,0.00933566666666667,0.0278310066573906,0.0351234279923952,1,1,NA,NA,NA,0.014744197632699,0.247461823073229,-0.232717625440529,0
"171","Endotherms","Birds",17,"Hydrobatidae","Procellariidae",0.318446071428572,0.269129666666667,0.00949807142857143,0.00645464285714286,0.0298333107899663,0.0239342171019839,18,100,0.19507462685781,0,0.107093793183804,-0.394551161128978,0.247461823073229,-0.226746737838614,1.71479842809193
"172","Endotherms","Birds",18,"Balaenicipitidae","Pelecanidae+Scopidae",0.216800666666667,0.340123222222222,0.00715711111111111,0.00763100000000001,0.0330577652722456,0.0222163059557834,1,9,0.26294606213241,0,0.119272635377042,0.0399553477456521,0.247461823073229,-0.39971225660383,2.19722457733622
"173","Endotherms","Birds",19,"Anhingidae","Phalacrocoracidae",0.297398177777778,0.347633311111111,0.00997062222222222,0.00881382222222222,0.0335806534482896,0.0254130310306729,4,42,0.0356118942721491,0,0.0489702539575946,-0.121886862479343,0.247461823073229,-0.279895567365224,2.35137525716348
"174","Endotherms","Birds",20,"Tytonidae","Strigidae",0.404680133333333,0.453095755555556,0.0183092333333333,0.0162906111111111,0.0455139894407177,0.0364755260818312,20,234,0.192284440257903,0,0.178773191122204,-0.129610959904564,0.247461823073229,-0.233207491434664,2.45958884180371
"175","Endotherms","Birds",21,"Pandionidae+Sagittariidae","Accipitridae",0.32819245,0.295509433333333,0.0112551,0.0102117,0.0343916695108497,0.0348428094195778,2,255,0.261874556747146,0,0.177338175675366,-0.124186791001339,0.247461823073229,-0.00660683746761914,4.84811636459848
"176","Endotherms","Birds",22,"Bucerotidae","Bucorvidae",0.2380415,0.155472518518519,0.00638031481481482,0.00612727777777778,0.027131014977475,0.0399135516235402,59,2,0.0986817312747362,0.229510859176838,0.248413315997931,0.0383813958109693,0.425123640866516,-0.386742245055547,3.38439026334577
"177","Endotherms","Birds",23,"Phoeniculidae","Upupidae",0.4875155,0.513271,0.0196775,0.0140976666666667,0.0401743518476828,0.0274974422232128,9,4,0.219164631093173,0.12424710082717,0.0949175302660024,0.320201838998992,-0.0586735232516928,0.378875362250685,0.810930216216329
"178","Endotherms","Birds",24,"Brachypteraciidae","Coraciidae",0.27890475,0.317360666666667,0.0076655,0.00945316666666667,0.0275730636314929,0.029815924398125,5,13,0.0649423669793821,0,0.124253903450304,0.208995180279465,0.0291824442859679,0.0784927317140456,0.955511445027436
"179","Endotherms","Birds",25,"Momotidae","Alcedinidae",0.428687133333333,0.38455075,0.0111629833333333,0.0106777333333333,0.0260672234348201,0.0278722439125068,14,116,0.107828463255414,0,0.0987864636357846,-0.0491246467480098,0.0291824442859679,0.0633934759576501,2.11453286149111
"180","Endotherms","Birds",26,"Bucconidae","Galbulidae",0.36073762962963,0.421868703703704,0.0119755925925926,0.0138158888888889,0.0336674852807566,0.0329481428102832,38,18,0.0994122276365785,0.161819941155025,0.179193489379585,-0.142206374149756,-0.16113059165691,0.0189242175071545,0.747214401830221
"181","Endotherms","Birds",27,"Picidae","Indicatoridae",0.361525288888889,0.333899944444444,0.00950891111111111,0.0106782222222222,0.0266574466832873,0.0328621623033058,239,17,0.17473271252515,0.353776246069935,0.20881884382405,-0.105984982421931,0.105080625874875,-0.211065608296805,2.64325020787529
"182","Endotherms","Birds",28,"Capitonidae","Ramphastidae+Semnornithidae",0.317867388888889,0.234971888888889,0.0100671666666667,0.00758888888888889,0.0316213039611924,0.0325580270990947,15,45,0.163197728084879,0,0.065549330393998,-0.276951825938097,0.368133456726321,0.0293144805722674,1.09861228866811
"183","Endotherms","Birds",29,"Psittacidae","Psittaculidae",0.30614898,0.227541356666667,0.00973595333333333,0.00657906333333333,0.0323695025572688,0.0291102452452185,181,197,0.153550905956793,0,0.183169214682525,-0.402400716137411,0.368133456726321,-0.105988473359494,0.0847066974721624
"184","Endotherms","Birds",30,"Philepittidae","Eurylaimidae",0.305278666666667,0.392587,0.00887633333333333,0.0119573333333333,0.0290761664752204,0.0304577923704384,4,9,NA,NA,NA,0.297956199402482,0.368133456726321,0.0464230513663995,0.810930216216329
"185","Endotherms","Birds",31,"Sapayoidae","Pittidae",0.395001833333333,0.331409166666667,0.0108363333333334,0.00966633333333334,0.0274362422156581,0.0291685688714753,1,44,0.0327822764926326,0,0.0171597163675971,-0.114386669162007,0.368133456726321,0.0610654865180686,3.78418963391826
"186","Endotherms","Birds",32,"Formicariidae","Furnariidae",0.414154133333333,0.306395066666667,0.0128351333333333,0.00795853333333333,0.0310178936891168,0.0259644877121703,12,315,0.0722630428498064,0,0.0797801761275034,-0.479943285749441,0.368133456726321,-0.1786377998686,3.26766598903763
"187","Endotherms","Birds",33,"Tityridae","Tyrannidae",0.32613546031746,0.399462158730159,0.00820985714285714,0.00991512698412699,0.0253648881968717,0.0249377862526362,45,438,0.161467984893162,0,0.169623460122954,0.182878057995622,0.368133456726321,-0.0178952632372461,2.27555642060613
"188","Endotherms","Birds",34,"Atrichornithidae","Menuridae",0.309699666666667,0.318109333333333,0.0127923333333333,0.009063,0.0413056089824657,0.0284902046256633,2,2,NA,NA,NA,0.344645842072391,-0.0267921285346218,0.371437970607013,0
"189","Endotherms","Birds",35,"Climacteridae","Ptilonorhynchidae",0.435548444444445,0.445280111111111,0.00983566666666667,0.010869,0.0230072845691113,0.024437269624979,7,28,0.0283573043240274,0,0.137372722368695,0.0992587746882458,-0.0267921285346218,0.0677170646886112,1.38629436111989
"190","Endotherms","Birds",36,"Acanthizidae","Pardalotidae",0.254961541666667,0.268704458333333,0.0056375,0.00648875,0.0221542090947064,0.0242116327403008,67,4,0.112611601988801,0.112473526349283,0.146055205463468,-0.144052765092557,-0.0536488816917357,-0.0904038834008217,2.81839825827107
"191","Endotherms","Birds",37,"Orthonychidae","Pomatostomidae",0.366578,0.326939333333333,0.0114586666666667,0.00992266666666667,0.0312584679567969,0.0303501770970762,3,5,NA,NA,NA,-0.143924655428375,-0.165586020282432,-0.029487961445422,0.51082562376599
"192","Endotherms","Birds",38,"Ifritidae+Corcoracidae","Paradisaeidae",0.204317333333334,0.262651,0.00639683333333333,0.00685266666666666,0.0313031269409291,0.0260874997855104,3,45,0.049856075944045,0,0.0545069132337003,0.0703007796060726,-0.165586020282432,-0.180835915782208,2.70805020110221
"193","Endotherms","Birds",39,"Laniidae+Platylophidae","Corvidae",0.301850214814815,0.226944814814815,0.0101157851851852,0.00683102962962963,0.0336665662811295,0.0300306925081703,35,135,0.154988445230443,0,0.147809002302428,-0.401964509341414,-0.165586020282432,-0.116943697162509,1.34992671694902
"194","Endotherms","Birds",40,"Platysteiridae","Vangidae",0.216189,0.260270666666667,0.006253,0.007306,0.0289237657790174,0.0280707776007541,32,39,NA,NA,NA,0.15563457978793,-0.165586020282432,-0.0299345102823776,0.19782574332992
"195","Endotherms","Birds",41,"Oreoicidae","Falcunculidae+Psophodidae",0.287118666666667,0.196444666666667,0.00879433333333333,0.00574166666666667,0.0306296119142375,0.0292279081132261,3,7,NA,NA,NA,-0.426358046440589,-0.165586020282432,-0.0468432405135455,0.847297860387203
"196","Endotherms","Birds",42,"Pachycephalidae","Oriolidae",0.232561844444444,0.2864706,0.00577666666666667,0.00907657777777778,0.0250269514180211,0.031645809017489,64,39,0.11675484105188,0.139655244532502,0.11524468236617,-0.447067703036925,-0.20633118591063,-0.240736517126296,0.495321437230025
"197","Endotherms","Birds",43,"Paramythiidae","Vireonidae",0.303147166666667,0.33077125,0.00579125,0.00893325000000001,0.0191400735859771,0.02727246995119,3,64,0.0971421388563244,0,0.143540494842857,0.431056963660823,-0.377148018236213,0.347544245129147,3.06027079469156
"198","Endotherms","Birds",44,"Callaeidae","Notiomystidae",0.28531325,0.370820916666667,0.0100206666666667,0.00932758333333333,0.0352008344263742,0.0252101371355546,5,1,0.0802974795934133,0.0468330912518585,0.0528923356780168,0.0699446677584397,-0.261493828235698,0.331438495994137,1.6094379124341
"199","Endotherms","Birds",45,"Chaetopidae+Eupetidae","Picathartidae",0.287862,0.312178666666667,0.013776,0.009593,0.0478562644600538,0.0307291978098012,3,2,NA,NA,NA,0.361894281849564,-0.0810944748486888,0.442988756698254,0.405465108108164
"200","Endotherms","Birds",46,"Remizidae","Paridae",0.288323216666667,0.2389532,0.0077138,0.00628933333333333,0.0268639126504558,0.0264974564698728,11,64,0.0755859137244758,0,0.0833005499505246,-0.206432972864992,-0.0810944748486888,-0.016270243945237,1.7609878105613
"201","Endotherms","Birds",47,"Alaudidae","Panuridae",0.319848666666667,0.299824933333333,0.00741453333333333,0.00719753333333333,0.0232207625429477,0.0240299474694491,100,1,0.0346214699999193,0.0851638183509937,0.0955683505363039,0.0292538069025156,0.064300138805208,-0.0350463319026922,4.60517018598809
"202","Endotherms","Birds",48,"Locustellidae","Bernieridae+Donacobiidae",0.273724625,0.33424975,0.00740754166666667,0.00797195833333333,0.0271300865623087,0.0237525668665631,67,12,0.254389688115728,0.24092917478338,0.0888800919457408,-0.0573530756927645,-0.189568265824424,0.132215190131659,1.71978596960297
"203","Endotherms","Birds",49,"Phylloscopidae","Hyliidae+Aegithalidae+Erythrocercidae+Cettiidae",0.271885725925926,0.278137388888889,0.00653367037037037,0.00704275185185185,0.0241541602639075,0.0254453072985622,81,51,0.161121120727846,0.180589226070986,0.11905099620741,-0.0699758386674925,-0.0189309263464899,-0.0510449123210025,0.462623521948113
"204","Endotherms","Birds",50,"Paradoxornithidae","Sylviidae",0.237871162962963,0.294456918518519,0.00701644444444444,0.00834520740740741,0.0297752656656488,0.0284679212968367,37,34,0.176338927614296,0.200549092824775,0.135931114931362,-0.183651945040402,-0.228022537900499,0.0443705928600967,0.0845573880280628
"205","Endotherms","Birds",51,"Zosteropidae","Timaliidae",0.290602783333333,0.272522743333333,0.00623684333333333,0.00729545333333333,0.0216511413055502,0.026959489088943,149,265,0.121797234953687,0,0.168016784472173,0.155911593036611,-0.40155539470611,0.218604762451923,0.575783520040763
"206","Endotherms","Birds",52,"Stenostiridae","Hyliotidae",0.350646,0.316184,0.00843066666666667,0.00839233333333333,0.0240432420922146,0.0265425617151195,9,4,NA,NA,NA,0.00455726085448926,0.103452844921984,-0.0988955840674941,0.810930216216329
"207","Endotherms","Birds",53,"Ptiliogonatidae","Mohoidae",0.295680333333333,0.352945333333333,0.00661233333333333,0.00744966666666667,0.0223631151209471,0.021107140293681,4,5,NA,NA,NA,0.119232696583315,0.103452844921984,-0.0578015694815202,0.22314355131421
"208","Endotherms","Birds",54,"Polioptilidae","Troglodytidae",0.3122715,0.252352833333333,0.00690808333333333,0.00735483333333333,0.0221592908293105,0.0293244344688586,21,88,0.0258401905262124,0,0.116315370010582,0.0624668052848774,0.103452844921984,0.278573295580378,1.43281437675478
"209","Endotherms","Birds",55,"Mimidae","Sturnidae",0.229643777777778,0.192594074074074,0.00529603703703704,0.00538425925925926,0.0232487349466195,0.0280530037175377,34,126,0.10397120576816,0,0.145365475917289,0.0130904799556966,0.103452844921984,0.190270987534225,1.30992138233532
"210","Endotherms","Birds",56,"Turdidae","Muscicapidae",0.266493486666667,0.236889303333333,0.00667674333333333,0.00517958666666667,0.0250991512912208,0.0220658852456263,174,344,0.189870793419125,0,0.205478822463858,-0.255393528658645,0.103452844921984,-0.135388073447913,0.681586358158869
"211","Endotherms","Birds",57,"Dicaeidae","Nectariniidae",0.244903333333334,0.233253666666667,0.00832266666666667,0.00580316666666667,0.0340254426518844,0.024862069715698,50,146,0.0638746742885663,0,0.00684146967831335,-0.36203960771476,0.103452844921984,-0.31358176747282,1.07158361628019
"212","Endotherms","Birds",58,"Viduidae","Estrildidae",0.2691759,0.241842016666667,0.00850503333333333,0.00561686666666667,0.031993555073041,0.0231890709152297,20,142,0.173190147373209,0,0.160779452735684,-0.423713165597397,0.103452844921984,-0.317791331865196,1.96009478404727
"213","Endotherms","Birds",59,"Calcariidae","Emberizidae",0.2037587,0.221990466666667,0.00320243333333333,0.00429593333333333,0.0157809759535407,0.0193357492935876,6,45,0.119834563276844,0,0.147157514305223,0.288567543358482,0.103452844921984,0.201445860217504,2.01490302054226
"214","Endotherms","Birds",60,"Cardinalidae","Thraupidae+Mitrospingidae",0.215285916666667,0.204732633333333,0.00362710333333333,0.00459696,0.0168981034962888,0.0226805108113855,53,390,0.155428182266729,0,0.199142326497892,0.231702389346205,0.103452844921984,0.284474583987556,1.99585482557157
"215","Endotherms","Birds",61,"Parulidae","Icteridae",0.211690224489796,0.222657346938776,0.00259020408163265,0.00417381632653061,0.0123040816950159,0.0188246520712838,120,110,0.150683036240345,0.131121517248637,0.162908427610768,-0.469032379497692,-0.0504118690532333,-0.418620510444459,0.0870113769896292
