"","ThermoMode","Group","ID","Lineage1.name","Lineage2.name","Lineage1.Mean.dS","Lineage2.Mean.dS","Lineage1.Mean.dN","Lineage2.Mean.dN","Lineage1.Mean.dNdS","Lineage2.Mean.dNdS","Lineage1.spp","Lineage2.spp","diff.dn.sd","diff.ds.sd","diff.dnds.sd","diff.dn","diff.ds","diff.dnds","diff.spp"
"1","Ectotherms","Fishes",1,"Polyodontidae","Acipenseridae",0.0221356666666667,0.0274026666666667,0.00306633333333333,0.00349866666666667,0.138524553134458,0.127676138575321,2,25,NA,NA,NA,0.131899449706715,0.213450148314813,-0.0815506986080985,2.52572864430826
"2","Ectotherms","Fishes",2,"Amiiformes","Lepisosteiformes",0.173262111111111,0.148193666666667,0.0126675555555556,0.0130443333333334,0.0731101885155572,0.0880259532775321,1,7,0.0131130713349202,0.015234066767578,0.00755815422042379,0.0293492232292121,-0.156327382732071,0.185676605961283,1.94591014905531
"3","Ectotherms","Fishes",3,"Elopiformes","Anguilliformes+Notacanthiformes+Albuliformes",0.149196222222222,0.161757111111111,0.00902544444444444,0.0115612222222222,0.0605161076463545,0.0714849344164687,9,976,0.0190311646759469,0.0521363763898812,0.0336728023776523,0.247780172020815,0.0812161245753492,0.166564047445466,4.68623800907687
"4","Ectotherms","Fishes",4,"Notopteridae","Morymridae+Gymnarchidae",0.221610666666667,0.187758833333333,0.0162818333333333,0.0155013333333333,0.0734690735770671,0.0825633467427375,10,233,0.00527043068150146,0.0128925128947097,0.018162943576211,-0.0491655456113578,-0.165746999389376,0.116581453778018,3.14845336057165
"5","Ectotherms","Fishes",5,"Engraulidae","Clupeidae",0.172686833333333,0.108844444444444,0.0115183333333333,0.00914088888888889,0.0684469030132559,0.0866653680468535,145,200,0.202119733345621,0.242506033949836,0.152017047651873,-0.205662366205864,-0.429017070108384,0.22335470390252,0.321583624127462
"6","Ectotherms","Fishes",6,"Cobitidae+Nemacheilidae+Botiidae","Cyprinidae",0.110535236111111,0.0943914722222222,0.0105948888888889,0.00960056944444445,0.096055823670101,0.104280210124708,1086,2950,0.1046027997539,0.198370207599194,0.11699054167416,-0.0997423725344136,-0.173798655051966,0.074056282517552,0.999303948839985
"7","Ectotherms","Fishes",7,"Distichodontidae","Serrasalmidae+Erythrinidae+Hepsetidae+Characidae",0.212485388888889,0.148659722222222,0.0151483888888889,0.0117094444444444,0.0713000768894706,0.0789247902843766,107,1949,0.0996196688011016,0.113547966902148,0.0187504845320084,-0.26069260639034,-0.362036946388538,0.101344339998199,2.90224286504565
"8","Ectotherms","Fishes",8,"Apteronotidae","Gymnotidae+Rhamphichthyidae",0.0779983333333333,0.075257,0.0070625,0.00746866666666667,0.0905400417689856,0.0998027809078438,88,56,0.00257769091460634,0.122276565502507,0.119698874587902,-0.0559625767664418,0.0375814631884266,-0.0935440399548684,0.451985123743057
"9","Ectotherms","Fishes",9,"Callichthyidae","Loricariidae+Scoloplacidae",0.207556666666667,0.124888333333333,0.0158116666666667,0.010624,0.0761799990364078,0.085067994074707,201,884,NA,NA,NA,-0.397632471442654,-0.507984390048355,0.110351918605701,1.48115215457857
"10","Ectotherms","Fishes",10,"Sisoridae","Amblycipitidae+Akysidae",0.0833563333333333,0.0614966666666667,0.00869633333333333,0.008748,0.104327205691229,0.142251612553526,205,91,NA,NA,NA,-0.00592362193019724,0.304141618311578,-0.310065240241775,0.812150472621559
"11","Ectotherms","Fishes",11,"Esociformes","Salmoniformes",0.137576233333333,0.0763421666666667,0.010592,0.00750943333333333,0.0769527345615181,0.0983212147060153,14,222,0.128282418633985,0.117051942530788,0.0554416219283033,-0.343426619022176,-0.586590005877652,0.243163386855476,2.76362005225702
"12","Ectotherms","Fishes",12,"Osmeridae","Plecoglossidae+Salangidae",0.0310871666666667,0.0668378333333333,0.00303616666666667,0.0048885,0.0982244082785366,0.0728208403398368,15,23,0.144942047511095,0.0193196228863439,0.164261670397438,0.467750131718907,0.766654176459356,-0.29890404474045,0.42744401482694
"13","Ectotherms","Fishes",13,"Synodontidae+Aulopidae","Chlorophthalmidae et al.",0.225272666666667,0.105460166666666,0.014742,0.0075965,0.0654776479373566,0.0721027384724683,80,160,0.0123918376588647,0.0146405493753457,0.00224871171648106,-0.662868255619301,-0.759192324580543,0.0963240689612419,0.693147180559945
"14","Ectotherms","Fishes",14,"Amblyopsidae+Aphredoderidae","Percopsidae",0.0871565,0.0599523333333334,0.0103421666666667,0.0053875,0.118693946795026,0.089894250838841,9,2,0.000655622348991879,0.0025094855657096,0.00316510791470179,0.652158224246027,0.374172663229878,0.277985561016149,1.50407739677627
"15","Ectotherms","Fishes",15,"Zeidae+Grammicolepididae+Oreosomatidae+Cyttidae","Parazenidae",0.0461936666666667,0.0348766666666667,0.00416066666666667,0.00343866666666667,0.0900700673252466,0.0985950492210647,22,4,NA,NA,NA,0.190591518492753,0.281024674828735,-0.0904331563359828,1.70474809223843
"16","Ectotherms","Fishes",16,"Moridae","Macrouridae",0.0452007222222222,0.100068,0.00455883333333333,0.00900022222222222,0.101522369912212,0.0930434087991397,109,398,0.309981444299387,0.407762342056674,0.10723337867854,0.647007179322373,0.737643738343421,-0.0906365590210474,1.29510412305529
"17","Ectotherms","Fishes",17,"Phycidae","Lotidae+Gadidae+Gaidropsaridae",0.0724697333333333,0.0875511,0.00570026666666667,0.00732491666666667,0.0786409697527649,0.085388438703697,11,48,0.297067659648033,0.365347492719625,0.0930510624218656,0.222533082328523,0.14352894059372,0.0790041417348036,1.47330573810952
"18","Ectotherms","Fishes",18,"Regalecidae+Lophotidae+Trachipteridae","Lampridae+Veliferidae",0.0627836666666667,0.0278303333333333,0.006855,0.00467466666666667,0.109184448184507,0.16797020038088,17,4,NA,NA,NA,0.382820454063454,0.813568401772112,-0.430747947708658,1.44691898293633
"19","Ectotherms","Fishes",19,"Stephanoberycidae","Rondeletiidae+Cetomimidae+Barbourisiidae",0.028827,0.0132176666666667,0.005296,0.002813,0.183716654525271,0.212821224119234,4,33,NA,NA,NA,-0.632700289126987,-0.779758129369843,0.147057840242856,2.11021320034659
"20","Ectotherms","Fishes",20,"Holocentridae_Myripristis","Holocentridae_Sargocentron",0.056882375,0.051091375,0.004717625,0.004050375,0.082999696887358,0.0792678633974385,41,42,0.0569041999919238,0.0521397562271046,0.0521139734651642,-0.153432958620127,-0.108095618732842,-0.0453373398872852,0.0240975515790605
"21","Ectotherms","Fishes",21,"Kurtiformes","Gobiiformes",0.113023791666667,0.312444229166667,0.00938025,0.0203582291666667,0.0834199676021832,0.0652760390245263,349,1998,0.0495395036737621,0.114453784655671,0.0986362465858072,0.774818554594797,1.0192658127812,-0.244447258186402,1.74483003700607
"22","Ectotherms","Fishes",22,"Scombrifomres","Syngnathiformes",0.0524935666666667,0.241013977777778,0.00523001111111111,0.0196388666666667,0.0996618493059447,0.0818182407215572,267,621,0.346344407710054,0.312804521233646,0.173205599821627,1.28292007636816,1.49131051369348,-0.208390437325314,0.844082423533229
"23","Ectotherms","Fishes",23,"Serranidae","Nototheniidae+Bathydraconidae+Channichthyidae",0.0689659166666667,0.104038916666667,0.00542983333333334,0.0131291666666667,0.0787350947891957,0.125858384104937,535,100,0.130861560005388,0.0713422070134826,0.0607141165894282,-0.877322346913488,-0.408947728826994,-0.468374618086494,1.67709656090791
"24","Ectotherms","Fishes",24,"Scorpaenidae","Sebastidae",0.0251062222222222,0.0270052222222222,0.00270455555555556,0.00500466666666667,0.107725196748936,0.185418761938986,215,135,0.0110671633787904,0.0203055947930836,0.0303347559984467,-0.615368768808834,-0.0727353610124649,-0.542633407796368,0.465363249689233
"25","Ectotherms","Fishes",25,"Terapontidae+Kuhliidae","Oplegnathidae+Kyphosidae",0.067049,0.0219446666666667,0.005301,0.002014,0.0790615818282152,0.0917762858097638,66,41,NA,NA,NA,0.967772687709298,1.1168995618374,-0.149126874128105,0.476082675322117
"26","Ectotherms","Fishes",26,"Cirrhitidae+Cheilodactylidae+Enoplosidae","Centrarchidae+Sinipercidae+Percichthyidae",0.0524216666666667,0.0357145,0.00520683333333333,0.00438833333333333,0.0993062232015233,0.124383735137956,61,77,0.279460943059243,0.373030595038231,0.093569651978988,-0.196304663395332,-0.420642265560222,0.22433760216489,0.232931557680373
"27","Ectotherms","Fishes",27,"Ephippidae","Drepaneidae",0.040946,0.035473,0.00334966666666667,0.002875,0.0818069327081197,0.0810475572970992,15,3,NA,NA,NA,0.152808164149399,0.143482281704361,0.00932588244503796,1.6094379124341
"28","Ectotherms","Fishes",28,"Acanthuriformes","Chaetodontiformes+Pomacanthidae",0.0905275,0.145087833333333,0.00728133333333333,0.00946333333333335,0.0807238083085133,0.078206103894798,84,267,0.671546216023603,0.970637658801581,0.299091442777978,0.149265407030134,0.214679331723618,-0.0654139246934837,1.15643185955694
"29","Ectotherms","Fishes",29,"Caproidae+Siganidae","Priacanthidae+Scatophagidae",0.0425833333333333,0.0771873333333333,0.004111,0.00685566666666667,0.0965401174168298,0.088818545357183,46,23,NA,NA,NA,-0.511409252983472,-0.594772427159997,0.0833631741765251,0.693147180559945
"30","Ectotherms","Fishes",30,"Lophiiformes","Tetraodontiformes",0.0953618333333333,0.138882104166667,0.0112467916666667,0.0137338541666667,0.121127965847033,0.101084415414378,349,433,0.454600629732273,0.529496104143711,0.122242680480549,0.181191235409175,0.363882384792615,-0.18269114938344,0.215665805800063
"31","Ectotherms","Fishes",31,"Synbranchiformes","Anabantiformes",0.0677233703703704,0.0780631296296296,0.00897442592592593,0.00877838888888889,0.133727750708555,0.113026348690481,87,38,0.192868834713885,0.219663644198044,0.145127151877232,0.0350295949629922,-0.125088383825794,0.160117978788786,0.828321958928198
"32","Ectotherms","Fishes",32,"Incertae sedis in Carangaria","Pleuronectiformes",0.107581333333333,0.108851,0.00905627777777778,0.0126497222222222,0.0841790458506663,0.119569597711015,106,780,0.316306765104875,0.377697444969731,0.115527929568995,0.29986474729717,-0.0448787371711524,0.344743484468322,1.99585482557157
"33","Ectotherms","Fishes",33,"Mugiliformes et al.","Gobiescociformes et al.",0.10107737037037,0.112191320987654,0.00844255555555556,0.00909375308641975,0.0840183446354247,0.0851784679643366,128,1757,0.391201940512103,0.435431371488642,0.117127046335423,-0.0136194096416587,-0.0207056644439387,0.00708625480227993,2.61933282426748
"34","Ectotherms","Fishes",34,"Cichliformes+Pholidichthyiformes","Beloniformes+Atheriniformes+Cyprinodontiformes",0.100168428571429,0.169583714285714,0.00959038571428571,0.0152639761904762,0.0960442240086816,0.0909749282463193,1666,1891,0.166553411709893,0.175551864176047,0.0886346525359449,0.453813938101711,0.51265641337935,-0.0588424752776387,0.12668024593167
"35","Ectotherms","Amphibians",1,"Caeciliidae+Typhlonectidae","Indotyphlidae+Siphonopidae+Dermophiidae",0.0335329166666666,0.0376733333333333,0.00441483333333333,0.00461483333333333,0.131591564394896,0.122496519991525,57,66,0.0431533173687572,0.0816414728781495,0.0393456634030316,0.0422655019189933,0.113342362661344,-0.0710768607423508,0.146603474191875
"36","Ectotherms","Amphibians",2,"Cryptobranchidae","Hynobiidae",0.0414852222222222,0.0530155555555555,0.00410211111111111,0.00467688888888889,0.0988864735781301,0.0882015675773046,4,83,0.0518830123058485,0.0119037520147717,0.0438886013625021,0.130815201429204,0.245204988524642,-0.114389787095439,3.03254624667671
"37","Ectotherms","Amphibians",3,"Ambystomatidae+Dicamptodontidae","Salamandridae",0.105120666666667,0.111147090909091,0.00656957575757576,0.00707984848484849,0.0624920395331857,0.0636907312176708,36,126,0.0345382314127322,0.0297631824827929,0.026376955290661,0.0746974085896558,0.0557361235462072,0.0189612850434486,1.25276296849537
"38","Ectotherms","Amphibians",4,"Proteidae","Plethodontidae+Rhyacotritonidae+Amphiumidae",0.0782918666666667,0.1242966,0.00667833333333333,0.00737453333333333,0.0853160217007136,0.0593384102291731,8,498,0.0423916933918245,0.0186751074171457,0.0383051872885078,0.0985545068406346,0.462006071427182,-0.363451564586547,4.13115853534482
"39","Ectotherms","Amphibians",5,"Ascaphidae","Leiopelmatidae",0.057806,0.0519783333333333,0.00691166666666667,0.00643033333333333,0.119566596316415,0.123711802994838,2,3,NA,NA,NA,-0.0721844277925934,-0.106265611434127,0.0340811836415345,0.405465108108164
"40","Ectotherms","Amphibians",6,"Bombinatoridae","Alytidae",0.118983333333333,0.0915593333333333,0.00839633333333333,0.00645433333333333,0.0705673063454267,0.0704934505129643,10,12,NA,NA,NA,-0.263043362762287,-0.261996213422441,-0.00104714933984518,0.182321556793954
"41","Ectotherms","Amphibians",7,"Rhinophrynidae","Pipidae",0.10073,0.163480666666667,0.007609,0.0124533333333333,0.0755385684503127,0.0761761839320446,1,41,NA,NA,NA,0.492656567498144,0.484251066703976,0.00840550079416813,3.71357206670431
"42","Ectotherms","Amphibians",8,"Scaphiopodidae","Megophryidae+Pelobatidae+Pelodytidae",0.13371525,0.146251083333333,0.00919241666666666,0.0103100833333333,0.0687928779360714,0.0704448565993822,7,278,0.118184194552989,0.0827028923655556,0.0400026790451402,0.10977829966951,0.0858661806761267,0.0239121189933831,3.68171096463532
"43","Ectotherms","Amphibians",9,"Calyptocephalellidae","Myobatrachidae",0.0437056666666667,0.0825893333333333,0.00449333333333333,0.00691033333333333,0.102808941632282,0.0836710148203158,5,133,NA,NA,NA,0.430423059066815,0.636402770086827,-0.205979711020012,3.28091121578765
"44","Ectotherms","Amphibians",11,"Ceratophryidae","Hylidae",0.0376524583333333,0.0579741875,0.00320358333333333,0.00446091666666667,0.0851468654002691,0.0772284721228026,12,1020,0.175600196729642,0.141408044686033,0.123919929142329,0.318381398153747,0.422843195317596,-0.10446179716385,4.44265125649032
"45","Ectotherms","Amphibians",12,"Eleutherodactylidae","Brachycephalidae+Craugastoridae+Strabomantidae",0.0452958333333334,0.0424396666666667,0.004307,0.00451333333333333,0.0950857295704734,0.109671934043491,227,936,0.0488240969638002,0.195755833574616,0.244579930538415,0.0476017267854911,-0.0802443794939287,0.12784610627942,1.41666545899619
"46","Ectotherms","Amphibians",13,"Centrolenidae+Allophrynidae","Leptodactylidae",0.04813775,0.0635886666666667,0.00440666666666667,0.00482458333333334,0.0915439060511809,0.0767460863875405,163,224,0.0721365774670445,0.137385415331262,0.098510308973225,0.0872954040298062,0.267167413968366,-0.17987200993856,0.317895851048277
"47","Ectotherms","Amphibians",14,"Odontophrynidae","Bufonidae",0.0468749166666667,0.057545,0.00409458333333333,0.00496441666666667,0.0873284843388918,0.0863805298023334,50,637,0.118949713177823,0.0599615549395554,0.109249520032664,0.190547861765661,0.203572440667612,-0.0130245789019509,2.54474665014402
"48","Ectotherms","Amphibians",16,"Hemisotidae","Brevicipitidae",0.0741538333333333,0.0472683333333333,0.00574408333333333,0.00516608333333333,0.0798826182696938,0.109638442338035,9,36,0.182269828430508,0.263449399761821,0.102820615330883,-0.0847350329318686,-0.405357057777309,0.320622024845441,1.38629436111989
"49","Ectotherms","Amphibians",17,"Hyperoliidae","Arthroleptidae",0.0726857192982456,0.0551200701754386,0.00580137719298246,0.00483795614035088,0.0797216038402208,0.0885002537211341,232,151,0.183901965311849,0.181745791204026,0.100656245717356,0.190320645191724,0.289822557899091,-0.0995019127073666,0.429457534851386
"50","Ectotherms","Amphibians",19,"Petropedetidae+Micrixalidae+Conrauidae","Pyxicephalidae",0.0544872666666667,0.0579386666666667,0.00465696666666667,0.00537793333333333,0.0855539851673178,0.0941875596627523,43,87,0.0732385121084588,0.137230357085922,0.106496134730541,0.143441291736847,0.0547404781539002,0.0887008135829475,0.704708002961021
"51","Ectotherms","Amphibians",20,"Nyctibatrachidae","Ceratobatrachidae",0.0405626666666667,0.046176,0.00418966666666667,0.00447566666666667,0.103288738412991,0.0969262531762533,39,102,NA,NA,NA,0.0660341401478703,0.129612079250128,-0.0635779391022564,0.961411167154624
"52","Ectotherms","Amphibians",21,"Mantellidae","Rhacophoridae",0.0434871975308642,0.0557971481481481,0.00389412345679012,0.00532896296296296,0.0897745395305237,0.0962265060679707,232,434,0.121529939338661,0.162542767914624,0.0929478787125995,0.311146734158307,0.243599827313882,0.0675469068444248,0.626307162434095
"53","Ectotherms","Reptiles",1,"Diplodactylidae","Carphodactylidae+Pygopodidae",0.0281172777777778,0.0282562777777778,0.00345111111111111,0.0038065,0.122658942927074,0.134915630391281,154,76,0.216371853446019,0.204341945960861,0.0454952574854637,-0.11384936032597,-0.0190814427446672,-0.094767917581303,0.706219262127298
"54","Ectotherms","Reptiles",2,"Sphaerodactylidae","Gekkonidae",0.0532605833333333,0.0397904166666666,0.00636591666666667,0.0045495,0.119523360121599,0.114548612286113,224,1291,0.0928162694440366,0.112321085234631,0.0312464326239057,-0.338634480854328,-0.29574075064791,-0.0428937302064186,1.7515263389916
"55","Ectotherms","Reptiles",3,"Xantusiidae+Gerrhosauridae+Cordylidae","Scincidae",0.0602244333333333,0.0722737916666667,0.00726605,0.00836011666666667,0.120407681840484,0.116391409818651,141,1687,0.115629659930712,0.138070944088278,0.0727066680167695,0.136803343532672,0.173362991535842,-0.0365596480031696,2.4819471921678
"56","Ectotherms","Reptiles",4,"Lacertidae","Rhineuridae+Bipedidae+Blanidae+Cadeidae+Trogonophidae+Amphisbaenidae",0.0663137666666667,0.0635151,0.00612623333333333,0.0083436,0.0924207982522981,0.131090502042202,346,199,0.108071215558921,0.0950519194213425,0.0211002807340041,-0.30585341008493,0.0434030808999804,-0.349256490984911,0.553133950333232
"57","Ectotherms","Reptiles",5,"Alopoglossidae+Gymnophthalmidae","Teiidae",0.06260065,0.0462367666666667,0.0066671,0.00423986666666667,0.106795916084836,0.09218456532009,280,162,0.0964567626701647,0.148026757162945,0.0619186343411535,0.454588978342893,0.306633152751075,0.147955825591819,0.547193267936866
"58","Ectotherms","Reptiles",6,"Shinisauridae","Varanidae+Lanthanotidae",0.0206916,0.0651325333333333,0.00292606666666667,0.0079198,0.141348853107768,0.121387575503199,1,82,0.0651762653149859,0.0491998686410649,0.0349787785955053,0.991691251016052,1.14496499871807,-0.153273747702019,4.40671924726425
"59","Ectotherms","Reptiles",7,"Helodermatidae","Xenosauridae+Diploglossidae+Anniellidae+Anguidae",0.0241162222222222,0.0347717222222222,0.00321116666666667,0.00401922222222222,0.133417348039377,0.122198618761756,2,148,0.257402228571749,0.377201027740319,0.126950236018881,0.196344868582145,0.294558037902501,-0.0982131693203557,4.30406509320417
"60","Ectotherms","Reptiles",8,"Chamaeleonidae","Agamidae",0.0582892777777778,0.0533821944444444,0.00903469444444444,0.00589377777777778,0.155174968573961,0.111085963529498,213,515,0.207483406874734,0.241163423024012,0.0539889369020733,-0.443847242859834,-0.108567663427754,-0.335279579432081,0.882874734954311
"61","Ectotherms","Reptiles",9,"Dactyloidae","Polychrotidae",0.055203,0.036162,0.00740166666666667,0.004997,0.13408087724701,0.138183728776063,436,8,NA,NA,NA,0.392867467713889,0.423008455903385,-0.0301409881894965,3.9982007016692
"62","Ectotherms","Reptiles",10,"Liolaemidae","Opluridae+Leiosauridae",0.0357420222222222,0.0324450666666667,0.00507626666666667,0.00469595555555556,0.143252053414473,0.148481336196387,318,42,0.219908846940968,0.329257570928953,0.110871578907718,0.0884961058288013,0.121634414482248,-0.0331383086534467,2.02438176449681
"63","Ectotherms","Reptiles",11,"Leiocephalidae","Hoplocercidae",0.03893,0.025371,0.004807,0.00367666666666667,0.123478037503211,0.144916111570954,29,19,NA,NA,NA,0.268066644314521,0.42815837215417,-0.160091727839648,0.422856850820034
"64","Ectotherms","Reptiles",12,"Iguanidae","Crotaphytidae",0.0328826388888889,0.0288472222222222,0.00450436111111111,0.00370880555555556,0.137535263846635,0.12851839521349,44,12,0.124291293738452,0.136651977485625,0.0642817402573577,0.196707491479713,0.130641204821144,0.0660662866585694,1.29928298413026
"65","Ectotherms","Reptiles",13,"Leptotyphlopidae","Gerrhopilidae+Typhlopidae+Xenotyphlopidae",0.0548196142857143,0.0586170428571429,0.00829840952380952,0.00952054761904762,0.151517897397332,0.163643399470166,142,295,0.0948404880774441,0.128229179615832,0.0424128654919432,0.134811196771301,0.0589841485300109,0.0758270482412903,0.731148298738559
"66","Ectotherms","Reptiles",14,"Aniliidae","Tropidophiidae",0.0251007333333333,0.0291499333333333,0.00410666666666667,0.00518353333333333,0.16363907843526,0.177809928310991,1,34,0.0305780460913108,0.0208351268204622,0.0160508629262819,0.232676609399898,0.149480746335327,0.0831958630645713,3.52636052461616
"67","Ectotherms","Reptiles",15,"Cylindrophiidae","Uropeltidae",0.0168666333333333,0.0225088666666667,0.002849,0.00438953333333333,0.168829415493089,0.195829069567465,14,56,0.153487084281041,0.179699540560169,0.0492635665011801,0.422277877887709,0.273985828162516,0.148292049725194,1.38629436111989
"68","Ectotherms","Reptiles",16,"Xenopeltidae","Loxocemidae+Pythonidae",0.0204525666666667,0.0168842,0.0034118,0.0026178,0.166897128679793,0.155098738268247,2,42,0.0411685608468586,0.0264617659378074,0.0220872080261017,-0.265577952910778,-0.192199501595658,-0.0733784513151197,3.04452243772342
"69","Ectotherms","Reptiles",17,"Bolyeridae+Xenophidiidae","Boidae",0.0252557777777778,0.0195086666666667,0.00362188888888889,0.00325088888888889,0.143410643774425,0.166974852504725,4,62,0.0703950329472666,0.0971170593855811,0.0268059435410923,-0.109358968620351,-0.261177184838208,0.151818216217857,2.7408400239252
"70","Ectotherms","Reptiles",20,"Cyclocoridae+Elapidae+Lamprophiidae+Colubridae","Colubridae",0.01981838,0.02077551,0.00320438,0.00347580333333333,0.163109268531086,0.16671620857025,699,1967,0.32209105954297,0.321568267772472,0.107640754628423,0.0408048917970268,0.0174621829077534,0.0233427088892735,1.03461407615525
"71","Endotherms","Mammals",1,"Dasypodidae_Tolypeutes et al.","Dasypodidae_Dasypus",0.015846,0.020263,0.00235666666666667,0.00322333333333333,0.148723126761749,0.159074832617743,14,7,NA,NA,NA,-0.313167829556718,-0.245879460340142,-0.0672883692165769,0.693147180559945
"72","Endotherms","Mammals",2,"Myrmecophagidae+Cyclopedidae","Megalonychidae+Bradypodidae",0.032511,0.0227333333333333,0.00495558333333333,0.00398525,0.152414748766484,0.175297961967881,4,6,0.015225069880269,0.0159695343093358,0.0120350453955983,-0.217687153960981,-0.357598506465297,0.139911352504316,0.405465108108164
"73","Endotherms","Mammals",3,"Macroscelididae","Orycteropodidae",0.0723406666666667,0.0391936666666667,0.008964,0.005085,0.123913704601377,0.129740349206079,15,1,NA,NA,NA,0.566921526438158,0.612871273104375,-0.045949746666218,2.70805020110221
"74","Endotherms","Mammals",4,"Chrysochloridae","Tenrecidae",0.0543711666666667,0.0802145,0.00629616666666667,0.00972183333333334,0.115813691515741,0.12136064969006,21,30,0.0492957967853814,0.0964091869853645,0.0471133901999831,0.434169929159431,0.38770436696981,0.0464655621896213,0.356674943938732
"75","Endotherms","Mammals",5,"Trichechidae","Dugongidae",0.00482433333333333,0.00647133333333334,0.0008125,0.00122816666666666,0.168878584704477,0.189853825070266,3,2,0.154203052918477,0.108196373675807,0.0460066792426681,-0.402494896343987,-0.284815607874906,-0.117679288469081,0.405465108108164
"76","Endotherms","Mammals",6,"Elephantidae","Procaviidae",0.0246318333333333,0.05022725,0.00360525,0.00712083333333333,0.146359249349207,0.141772478274837,3,4,0.0215003404587386,0.00340733801793611,0.0181232389822028,0.680778419756276,0.712522595488987,-0.0317441757327108,0.287682072451781
"77","Endotherms","Mammals",7,"Lorisidae","Galagidae",0.014817,0.0153906666666667,0.00199633333333333,0.001847,0.134732626937526,0.120007796933206,9,19,NA,NA,NA,-0.0777494633971108,0.0379860948579607,-0.115735558255072,0.747214401830221
"78","Endotherms","Mammals",8,"Lemuridae","Indridae+Cheirogaleidae+Lepilemuridae",0.0132016507936508,0.0160785238095238,0.00195929365079365,0.0023586746031746,0.148334806809282,0.146512306822255,19,40,0.196592728987649,0.181620194074497,0.0349546293365069,0.170524335847956,0.182759114647205,-0.0122347787992492,0.744440474947496
"79","Endotherms","Mammals",9,"Pitheciidae","Atelidae+Aotidae+Cebidae",0.00977300000000001,0.0106089166666667,0.00141625,0.0014779,0.144516676357375,0.139830682735676,40,88,0.140331082284979,0.121986179115501,0.0717091036539511,0.0458753173387687,0.079525841611804,-0.0336505242730354,0.788457360364271
"80","Endotherms","Mammals",10,"Hominidae+Hylobatidae","Cercopithecidae",0.00895554444444445,0.0110517333333333,0.00127845,0.00154373333333333,0.142749576805528,0.139542379872761,21,132,0.102530925833058,0.0402604262585572,0.0704570125509669,0.186035308848342,0.210511656995668,-0.0244763481473265,1.83827948486295
"81","Endotherms","Mammals",11,"Ochotonidae","Leporidae",0.0649421666666667,0.04170975,0.00729041666666667,0.004575,0.112256646701402,0.109674901302063,30,61,0.0198534179628018,0.0132989896805351,0.010861364663809,-0.466151772913122,-0.442882900603291,-0.0232688723098315,0.709676482511156
"82","Endotherms","Mammals",12,"Gliridae","Aplodontiidae+Sciuridae",0.0539351666666667,0.0441715888888889,0.00609614444444444,0.00512473333333333,0.112712834656042,0.115967776336771,28,279,0.154774570332885,0.119001261836134,0.0500795298204543,-0.164609365724936,-0.192701216962411,0.0280918512374756,2.29900727164616
"83","Endotherms","Mammals",13,"Petromuridae","Thryonomyidae",0.0289893333333333,0.0295873333333333,0.003495,0.00405933333333333,0.120561585870665,0.137198350645547,1,2,NA,NA,NA,0.149685380832499,0.0204183955812116,0.129266985251286,0.693147180559945
"84","Endotherms","Mammals",14,"Bathyergidae","Heterocephalidae",0.0253233333333333,0.01952,0.00369666666666667,0.00320866666666667,0.145978675793077,0.164378415300547,15,1,NA,NA,NA,0.141576030481358,0.260286655862073,-0.118710625380715,2.70805020110221
"85","Endotherms","Mammals",15,"Chinchillidae","Dinomyidae",0.0189293333333333,0.0258296666666667,0.00220866666666667,0.00354133333333333,0.116679580192999,0.137103330795338,7,1,NA,NA,NA,-0.472114288856372,-0.310810955000312,-0.16130333385606,1.94591014905531
"86","Endotherms","Mammals",16,"Echimyidae","Octodontidae+Ctenomyidae",0.0291223333333333,0.0241198333333333,0.003741,0.00293183333333333,0.128457816053802,0.121314377098864,112,73,0.150684368388184,0.113366910963723,0.0373174574244615,0.249059664222784,0.191528467856269,0.0575311963665164,0.428039430146703
"87","Endotherms","Mammals",17,"Dasyproctidae+Cuniculidae","Caviidae",0.0202082,0.0304558666666667,0.00255913333333333,0.00383873333333333,0.127042036992672,0.127359687777136,15,18,0.0614248027492241,0.0937403651297928,0.0565458465605773,0.403907658870873,0.40502431267288,-0.00111665380200656,0.182321556793954
"88","Endotherms","Mammals",18,"Castoridae+Anomaluridae","Heteromyidae+Geomyidae ",0.045236,0.0721325555555556,0.00538566666666667,0.00813177777777778,0.119069123453177,0.11274425650612,9,100,0.0348413895904881,0.0212171801303944,0.0141174887768473,0.411827003923204,0.466381099327769,-0.054554095404565,2.40794560865187
"89","Endotherms","Mammals",19,"Muridae","Cricetidae",0.0464460166666667,0.0415277266666667,0.00552756666666667,0.00482218333333333,0.119121841258421,0.116216554931512,730,681,0.0940033622647773,0.105251658701472,0.0376371667489463,0.139669998919239,0.114759721516172,0.0249102774030663,0.0694822279929248
"90","Endotherms","Mammals",20,"Soricidae+Erinaceidae","Talpidae",0.0934713333333333,0.0589354583333333,0.0111963333333333,0.00682145833333333,0.120071967605578,0.115921926109797,400,39,0.0933546731498947,0.117882740200245,0.0288591963117681,0.49506232014074,0.459929551014657,0.0351327691260831,2.32790290097834
"91","Endotherms","Mammals",21,"Megadermatidae","Craseonycteridae",0.03634,0.038259,0.00478766666666667,0.005779,0.131746468537883,0.151049426278784,5,1,NA,NA,NA,-0.188187490554064,-0.0514597637448473,-0.136727726809217,1.6094379124341
"92","Endotherms","Mammals",22,"Hipposideridae+Rhinolophidae","Pteropodidae",0.036108525,0.0364536916666667,0.00483989166666667,0.00500796666666667,0.134068905437255,0.137357726680846,158,186,0.0599580111279892,0.0512047961372353,0.0181894479633319,0.0335703295182484,0.00916850110759437,0.024401828410654,0.163151640686235
"93","Endotherms","Mammals",23,"Noctilionidae+Furipteridae","Mormoopidae+Phyllostomidae",0.0400428333333333,0.0277318333333334,0.00556833333333333,0.003574,0.139095379038929,0.129146681668597,4,170,0.0329809093814643,0.0144407264507079,0.0474216358321713,-0.442831878668635,-0.367854998321494,-0.0749768803471408,3.74950407593037
"94","Endotherms","Mammals",24,"Molossidae","Miniopteridae+Vespertilionidae",0.0318807666666667,0.0396636666666667,0.00427546666666667,0.00570656666666667,0.134087409384273,0.144280767755473,100,407,0.188028098687638,0.160103503044654,0.0714987563778088,0.285402422088811,0.213261335375901,0.0721410867129103,1.4036429994545
"95","Endotherms","Mammals",25,"Hyaenidae+Eupleridae+Herpestidae+Viverridae","Felidae",0.0256842380952381,0.0168897333333333,0.00305734761904762,0.00187828095238095,0.118858321828643,0.111231899018632,80,40,0.134443752428659,0.111989489788226,0.0579000402137436,0.478409872387348,0.412697444746665,0.0657124276406831,0.693147180559945
"96","Endotherms","Mammals",26,"Odobenidae+Otariidae","Phocidae",0.00935973958333334,0.00760589583333333,0.00161494791666667,0.0011173125,0.166274338252212,0.146726396685417,17,19,0.406814574776726,0.140114239825556,0.275988866807098,-0.29150551477294,-0.201316083631722,-0.0901894311412178,0.111225635110224
"97","Endotherms","Mammals",27,"Equidae","Tapiridae+Rhinocerotidae",0.0243482380952381,0.0200214476190476,0.0032243619047619,0.0028448,0.132415567303001,0.142117437816883,8,9,0.0407344645707958,0.0104469263885207,0.0412498852537584,-0.125110162128861,-0.195662228453184,0.0705520663243235,0.117783035656384
"98","Endotherms","Mammals",28,"Tayassuidae","Suidae",0.0193363333333334,0.018699,0.00251883333333333,0.00215566666666667,0.130265500248543,0.115295894836688,3,19,0.0191925201382183,0.00489663186178237,0.0240891520000001,-0.155840859067277,-0.033527679382404,-0.122313179684873,1.84582669049833
"99","Endotherms","Mammals",29,"Balaenidae","Balaenopteridae+Neobalaenidae+Eschrichtiidae",0.00284853571428571,0.00376685714285714,0.000539583333333333,0.000711380952380952,0.189448471399868,0.188900440244229,4,9,0.0597105134959838,0.0585029883673819,0.0465274265606631,0.276641886975808,0.279884170719046,-0.00324228374323844,0.810930216216329
"100","Endotherms","Mammals",30,"Physeteridae","Kogiidae",0.003552,0.006318,0.000728666666666667,0.00111233333333333,0.205142642642643,0.176057824205972,1,2,NA,NA,NA,0.422998810014887,0.57589187724997,-0.152893067235083,0.693147180559945
"101","Endotherms","Mammals",31,"Lipotidae","Pontoporiidae+Iniidae",0.005258,0.0060005,0.00112033333333333,0.001137,0.21304074502667,0.18948660196445,1,2,0.0503362927901488,0.0270377805751695,0.0232985122149793,0.0151185959911984,0.132300838903062,-0.117182242911863,0.693147180559945
"102","Endotherms","Mammals",32,"Monodontidae+Phocoenidae","Delphinidae",0.00365977333333333,0.00361233333333333,0.000688873333333333,0.00065408,0.188395803520532,0.181060595442794,8,34,0.0872216445800855,0.0853877337788796,0.0454130537170527,-0.0496439505598638,-0.00984066520038045,-0.0398032853594833,1.44691898293633
"103","Endotherms","Mammals",33,"Antilocapridae","Giraffidae",0.0166048888888889,0.0116938888888889,0.00219577777777778,0.00159888888888889,0.132235437030971,0.136697255796583,1,3,0.0457567007133133,0.0212812756819403,0.0249947272885068,-0.317673272349372,-0.350742999107121,0.0330697267577492,1.09861228866811
"104","Endotherms","Mammals",34,"Cervidae","Moschidae+Bovidae",0.01556489,0.0149213566666667,0.00188782666666667,0.00196931666666667,0.121007412783419,0.131666731760615,51,150,0.151792424774035,0.088724405768594,0.0771636820141847,0.0413078093155078,-0.0421927956419924,0.0835006049575003,1.07880966137193
"105","Endotherms","Mammals",35,"Mephitidae","Ailuridae+Procyonidae+Mustelidae",0.0243205666666667,0.0229195,0.00302913333333333,0.00256096666666667,0.124547400326672,0.112070456578044,1,74,0.0948443542828327,0.12079858566736,0.0392331794862939,-0.171551462295178,-0.0653551350772932,-0.106196327217884,4.30406509320417
"106","Endotherms","Birds",1,"Casuariidae","Tinamidae",0.0134715666666667,0.0583743,0.00216996666666667,0.0074073,0.161068065070967,0.127055680993167,4,46,0.0563797583665636,0.0645264984757958,0.0251039308325495,1.22772934938557,1.46532966380757,-0.237600314422001,2.4423470353692
"107","Endotherms","Birds",2,"Odontophoridae","Phasianidae",0.0244307777777778,0.0195055777777778,0.00339064444444444,0.00259171111111111,0.139176583323433,0.132862955202513,34,185,0.029429045662934,0.0658600237499018,0.0469935877143652,-0.268953126003645,-0.223634834410372,-0.045318291593273,1.69399530046216
"108","Endotherms","Birds",3,"Anseranatidae","Anatidae",0.0129246666666667,0.0251337333333333,0.0019206,0.0035406,0.148598741009439,0.140956992826209,1,174,0.0632220775275545,0.0709258297462922,0.00862657291405012,0.61008751921216,0.662930309307282,-0.052842790095122,5.15905529921453
"109","Endotherms","Birds",4,"Podicipedidae","Phoenicopteridae",0.0195003333333333,0.0119956666666667,0.00290033333333333,0.00169066666666667,0.14873250029914,0.14093978381082,23,6,NA,NA,NA,0.539702744448959,0.485886085980118,0.0538166584688411,1.34373474670109
"110","Endotherms","Birds",5,"Psophiidae","Aramidae+Gruidae",0.0184339166666667,0.01355125,0.00274825,0.00192141666666667,0.149088231974044,0.141778242823305,3,11.5,0.333868266111041,0.284058957921321,0.0506489797549332,-0.218575411177993,-0.193148152014842,-0.0254272591631515,1.4817315064926
"111","Endotherms","Birds",6,"Heliornithidae+Sarothruridae","Rallidae",0.0271665,0.0256164166666667,0.00391733333333334,0.00336483333333333,0.144197761516015,0.131402448719091,3,152,0.0237931727057267,0.0323048040663214,0.017558876323659,-0.152184005465825,-0.0591389770380355,-0.0930450284277894,3.92526823217817
"112","Endotherms","Birds",7,"Hemiprocnidae+Apodidae","Trochilidae",0.0237406666666667,0.0379403333333333,0.00365566666666667,0.00566233333333333,0.153983319760748,0.149243109795205,4,362,NA,NA,NA,0.4375575818591,0.468825279483746,-0.0312676976246455,4.50534985070588
"113","Endotherms","Birds",8,"Caprimulgidae_Nyctiprogne et al.","Caprimulgidae_Caprimulgus et al.",0.00950266666666666,0.0114778888888889,0.00136455555555555,0.001538,0.143613843712444,0.134776453853486,97,97,0.098977808608946,0.140506582640648,0.0455246879585111,-0.11592113068916,-0.180488031258652,0.064566900569492,0
"114","Endotherms","Birds",9,"MUSOPHAGIFORMES","OTIDIFORMES",0.0235255666666667,0.0234723666666667,0.0036519,0.00366893333333333,0.155546583982464,0.156352610961157,23,26,0.0204994855458488,0.0611310842284538,0.0474238190539453,0.0046144265292785,-0.00124291260084264,0.00585733913012125,0.122602322092332
"115","Endotherms","Birds",10,"MESITORNITHIFORMES","PTEROCLIFORMES",0.0312201111111111,0.0247866666666667,0.00472788888888889,0.00422244444444444,0.151438228882419,0.170337777398059,3,16,0.0376750190285809,0.0395627453673266,0.0153349854150412,-0.113650783877389,-0.231241004808019,0.11759022093063,1.67397643357167
"116","Endotherms","Birds",11,"CUCULIFORMES","COLUMBIFORMES",0.0412325333333333,0.03193344,0.00620441333333333,0.00483850666666667,0.151009886652695,0.151577339491371,150,351,0.0975447551260793,0.124328790859454,0.0303030723020467,-0.24622564696878,-0.250506013643166,0.00428036667438599,0.85015092936961
"117","Endotherms","Birds",12,"PHAETHONTIFORMES","EURYPYGIFORMES",0.0188193333333333,0.0321905,0.0028045,0.0045805,0.14901834316714,0.142286101588181,3,1,0.0415757088053458,0.0264721259687654,0.015103582836581,-0.490470498315794,-0.536680109689174,0.0462096113733805,1.09861228866811
"118","Endotherms","Birds",13,"Fregatidae","Sulidae+Anhingidae+Phalacrocoracidae",0.0115064666666667,0.0185439333333333,0.0018534,0.00308986666666667,0.161078674947794,0.166795617902658,5,35.6,0.0689406020426701,0.0810655311446424,0.015599606530252,0.509332352942883,0.474577538562383,0.0347548143805002,1.8412148007914
"119","Endotherms","Birds",14,"Threskiornithidae","Pelecanidae+Ardeidae",0.0133196888888889,0.0174005333333333,0.00209731111111111,0.00278211111111111,0.157456190214036,0.160639610703709,36,59.2,0.213203401006589,0.166949548864956,0.0483663903549567,0.206036970414935,0.233621224663213,-0.0275842542482773,0.855333223803211
"120","Endotherms","Birds",15,"PROCELLARIIFORMES","SPHENISCIFORMES",0.0122843066666667,0.0116495733333333,0.00208077333333333,0.00198678666666667,0.169304892995196,0.170549918178449,65.6,18,0.0977336525145272,0.0843199913075699,0.0395855805289442,-0.00573131319082819,-0.00543861711263475,-0.000292696078193444,1.14643638983558
"121","Endotherms","Birds",16,"Burhinidae","Chionidae+Pluvianellidae",0.0118540833333334,0.018725,0.0016665,0.00256675,0.140587652822158,0.137118413396235,10,1.5,0.00929341545029049,0.0197486545903988,0.0143253193861922,-0.431940401718238,-0.457064832502507,0.0251244307842677,1.95601150271407
"122","Endotherms","Birds",17,"Recurvirostridae+Ibidorhynchidae+Haematopodidae","Charadriidae",0.01021825,0.0105465833333333,0.00139508333333333,0.00143541666666667,0.136276967447741,0.136092901715456,5.5,68,0.15412936164886,0.123456792977704,0.0320533378120025,0.0310777093223722,0.0321032317666179,-0.00102552244424547,3.06821515867908
"123","Endotherms","Birds",18,"Scolopacidae","Pedionomidae+Thinocoridae+Jacanidae+Rostratulidae",0.0160831111111111,0.0241049111111111,0.002074,0.00327851111111111,0.129266604123198,0.136148205169455,98,3.8,0.140468511033673,0.165196316339418,0.0321669548574985,-0.458866443361314,-0.406879328288664,-0.0519871150726507,3.45237538264338
"124","Endotherms","Birds",19,"Dromadidae","Glareolidae",0.007178,0.011747,0.00107316666666666,0.00173466666666666,0.149507854889707,0.147669682877808,1,17,0.0454737617083838,0.0497482329967204,0.0042744712883365,0.479599754930591,0.491966666527917,-0.0123669115973267,2.83321334405622
"125","Endotherms","Birds",20,"Laridae","Stercorariidae+Alcidae",0.00804561333333333,0.00769386666666667,0.0011748,0.00124674666666667,0.145790972733383,0.162101530076744,103,25,0.100779540711088,0.0806389637910284,0.0344021757083868,-0.063822698236747,0.0422780984265324,-0.106100796663279,1.41585316336144
"126","Endotherms","Birds",21,"Cathartidae","Sagittariidae+Accipitridae+Pandionidae",0.0110465333333333,0.0147340666666667,0.00168186666666667,0.0022108,0.152253009710707,0.150030107575487,7,255,0.0292494922909631,0.0238129924370693,0.00802672369733228,0.272993996661539,0.287728814990059,-0.0147348183285201,3.59535339610311
"127","Endotherms","Birds",22,"CARIAMIFORMES","FALCONIFORMES",0.0195124666666667,0.0224006666666667,0.00305396666666667,0.00347633333333333,0.156522697294257,0.155124901614798,2,65,0.116738742964945,0.109734384921647,0.0103829998517086,0.122078886514071,0.131064645743732,-0.00898575922966067,3.48124008933569
"128","Endotherms","Birds",23,"Tytonidae","Strigidae",0.0196622,0.0181272666666667,0.00291833333333333,0.00262793333333333,0.148444222163961,0.144768565019569,20,234,0.128823572107573,0.106344903887316,0.0236887869257778,-0.112669969399646,-0.0875053996796472,-0.025164569719999,2.45958884180371
"129","Endotherms","Birds",24,"Bucorvidae","Bucerotidae",0.0105796666666667,0.014811,0.00154833333333333,0.002161,0.146349916506505,0.145905070555668,2,59,NA,NA,NA,0.333391993927059,0.33643622799714,-0.00304423407008136,3.38439026334577
"130","Endotherms","Birds",25,"Upupidae","Phoeniculidae",0.029437,0.034349,0.00416233333333333,0.004655,0.141398013837461,0.135520684736091,4,9,NA,NA,NA,0.111866096264133,0.154320519668696,-0.0424544234045634,0.810930216216329
"131","Endotherms","Birds",26,"Coraciidae","Brachypteraciidae",0.021649,0.0248133333333333,0.00244233333333333,0.003385,0.112815064591128,0.136418592154756,13,5,NA,NA,NA,-0.326400039854522,-0.136421879100646,-0.189978160753877,0.955511445027436
"132","Endotherms","Birds",27,"Todidae","Momotidae+Alcedinidae",0.0307891666666667,0.029537,0.00414133333333333,0.0039045,0.134514530506693,0.132010987879874,5,65,0.0975144639399172,0.032241847038287,0.0652726169016304,-0.0616124849919588,-0.0420254232127302,-0.0195870617792285,2.08688584792671
"133","Endotherms","Birds",28,"Bucconidae","Galbulidae",0.0325306666666667,0.0299666666666667,0.005067,0.00411533333333333,0.155760718091647,0.137330367074527,38,18,NA,NA,NA,0.20802909119018,0.0820975813688616,0.125931509821317,0.747214401830221
"134","Endotherms","Birds",29,"Indicatoridae","Picidae",0.0151933333333334,0.0199891666666667,0.00243116666666666,0.00288683333333333,0.160016262432843,0.144383175694957,17,239,0.0571269220907737,0.0421479528802629,0.0149789692105105,0.170992641860112,0.273825620613644,-0.102832978753531,2.64325020787529
"135","Endotherms","Birds",30,"Megalaimidae","Lybiidae+Ramphastidae+Capitonidae+Semnornithidae",0.0215,0.0188678333333333,0.0030795,0.00283033333333333,0.143233584048523,0.150021042533903,34,36,0.133308638108813,0.166429456284005,0.0490601455511544,-0.0577863233905194,-0.0780503345630383,0.020264011172519,0.380707274186538
"136","Endotherms","Birds",31,"Psittaculidae","Psittacidae",0.0122958666666667,0.01152476,0.00200401333333333,0.00193310666666667,0.162880529378277,0.167771959229751,197,181,0.145903622995597,0.142177644373345,0.0196295511324821,0.0268972355014856,0.056695753537841,-0.0297985180363556,0.0847066974721624
"137","Endotherms","Birds",32,"Eurylaimidae","Calyptomenidae+Pittidae+Sapayoidae",0.02159375,0.0205636666666667,0.00304108333333333,0.00298333333333333,0.140833813095174,0.144878703864858,9,14.25,0.0635999606766614,0.0525673881200117,0.0567732567359251,0.126305683429977,0.123464423359062,0.00284126007091473,1.14877996253365
"138","Endotherms","Birds",33,"Thamnophilidae+Conopophagidae+Melanopareiidae","Grallariidae+Formicariidae+Rhinocryptidae+Furnariidae",0.0236574444444445,0.0205725555555556,0.00333388888888889,0.00284835555555556,0.141512658683633,0.138842285126357,238,204.4,0.216386513574048,0.168005327448172,0.0896099432433539,-0.101192520640475,-0.0672955850701592,-0.0338969355703159,1.02523066462436
"139","Endotherms","Birds",34,"Pipridae","Cotingidae+Tityridae+Tyrannidae",0.0117212933333333,0.0143076133333333,0.00176988,0.00208,0.151018555875223,0.145910431938925,54,280.8,0.1645739318325,0.204390869432905,0.0573934631304423,0.0679735957955994,0.0850637271229508,-0.0170901313273514,1.32886954100488
"140","Endotherms","Birds",35,"Dasyornithidae","Acanthizidae+Pardalotidae+Meliphagidae",0.0149011666666666,0.0148535,0.00207733333333333,0.00220816666666666,0.139412858275012,0.148663013191316,3,131.5,0.00762413917957101,0.0161976003370594,0.00857346115748868,0.0611071757768791,-0.00313723622985718,0.0642444120067354,3.64279135064263
"141","Endotherms","Birds",36,"Platysteiridae+Vangidae+Malaconotidae+Pityriasidae+Aegithinidae","Rhagologidae",0.01057,0.007448,0.00171866666666667,0.00117966666666667,0.162598549353517,0.158387039026137,32,1,NA,NA,NA,0.376316883713613,0.35007425990738,0.0262426238062334,3.46573590279973
"142","Endotherms","Birds",37,"Machaerirhynchidae","Artamidae",0.00930133333333333,0.00811066666666667,0.00150666666666667,0.00132966666666667,0.161983944954129,0.163940489889857,2,24,NA,NA,NA,-0.12497142092087,-0.136977691268109,0.0120062703472392,2.484906649788
"143","Endotherms","Birds",38,"Neosittidae","Mohouidae",0.0145976666666667,0.0127566666666667,0.002253,0.00159933333333333,0.15433973466079,0.125372354324536,3,3,NA,NA,NA,0.342675785700716,0.134807687821038,0.207868097879679,0
"144","Endotherms","Birds",39,"Falcunculidae","Oreoicidae",0.009703,0.00994033333333333,0.001447,0.00154533333333333,0.149129135318974,0.155460916803595,1,3,NA,NA,NA,0.0657471891600467,0.0241654386036263,0.04158175055642,1.09861228866811
"145","Endotherms","Birds",40,"Oriolidae","Pachycephalidae",0.010734,0.0110213333333333,0.00171166666666667,0.00171,0.159462145208372,0.155153641422696,39,64,NA,NA,NA,-0.000974184197844785,0.0264165147866819,-0.0273906989845267,0.495321437230025
"146","Endotherms","Birds",41,"Paramythiidae","Vireonidae",0.0114875555555555,0.0143673333333333,0.00187966666666667,0.00224744444444444,0.163627789063456,0.156770028084025,3,64,0.0643766263210916,0.095642095287158,0.0320101132961441,0.17733970291742,0.220535537932043,-0.0431958350146235,3.06027079469156
"147","Endotherms","Birds",42,"Dicruridae","Rhipiduridae",0.008845,0.012567,0.00135533333333334,0.00192683333333333,0.153250757820986,0.15377752950642,30,55,0.16810096593871,0.183837246818407,0.0157362808796969,0.344375282518087,0.341112538077672,0.00326274444041508,0.606135803570316
"148","Endotherms","Birds",43,"Monarchidae","Ifritidae+Paradisaeidae",0.0122590666666667,0.00718273333333333,0.00174713333333334,0.001172,0.142517485453669,0.163139612004744,106,45,0.0308083865601041,0.0169428359577186,0.017376486080906,0.399699202456171,0.534730623080409,-0.135031420624238,0.856776604341747
"149","Endotherms","Birds",44,"Laniidae+Platylophidae","Corvidae",0.0121512,0.00783826666666667,0.00196613333333333,0.0013276,0.161805963383518,0.169367318311636,34,135,0.0347528093459295,0.0111215367189314,0.0315706184214131,-0.393071198793706,-0.438446971594929,0.0453757728012227,1.37891425382227
"150","Endotherms","Birds",45,"Callaeidae","Notiomystidae",0.013737,0.0190576666666667,0.00189066666666667,0.00275233333333333,0.137633156196161,0.144421317754884,5,1,NA,NA,NA,-0.375519536205462,-0.327376547962275,-0.0481429882431872,1.6094379124341
"151","Endotherms","Birds",46,"Petroicidae","Picathartidae+Chaetopidae",0.0176794166666666,0.0171301666666667,0.00259916666666667,0.0026135,0.14694851278571,0.15263555100518,51,2,0.0494541238406074,0.0394221997226303,0.0265984909907906,-0.00643948774265368,0.031549060344467,-0.0379885480871203,3.23867845216438
"152","Endotherms","Birds",47,"Remizidae","Paridae",0.0162295833333333,0.0138325,0.00262266666666667,0.00205858333333333,0.161599229415368,0.148824336234351,11,64,0.0331182597904634,0.0323905709441799,0.00588577384714951,-0.242646715972097,-0.160283126816574,-0.0823635891555241,1.7609878105613
"153","Endotherms","Birds",48,"Macrosphenidae","Cisticolidae+Alaudidae",0.0154250666666667,0.0229028,0.00236,0.00292846666666667,0.153044052453207,0.128128372263923,18,126.8,0.078702531900632,0.081385428547579,0.01007120295267,0.214162381510654,0.391896532750934,-0.17773415124028,1.91992787866339
"154","Endotherms","Birds",49,"Donacobiidae+Bernieridae+Locustellidae","Acrocephalidae",0.0152335,0.0131180833333333,0.00225525,0.00194029166666667,0.147911351581386,0.147895080180575,34,61,0.161476055243579,0.159598998844033,0.0230816885580182,-0.0607448934989709,-0.0292286347517188,-0.0315162587472523,2.10234630969548
"155","Endotherms","Birds",50,"Phylloscopidae","Cettiidae+Erythrocercidae+Hyliidae+Aegithalidae",0.0140993333333334,0.0140991666666667,0.00193083333333333,0.00203005555555556,0.136910822745615,0.144303096763731,81,12.5,0.0934285654401267,0.0770776221742728,0.0382845209260709,-0.0498271342432382,0.00283749412688383,-0.0526646283701222,2.43883797230011
"156","Endotherms","Birds",51,"Paradoxornithidae","Sylviidae",0.0107243333333333,0.0127393333333333,0.00139783333333334,0.00185216666666667,0.130342309750911,0.145368722891249,37,34,0.0509816507299003,0.0442172445468921,0.00676440618300725,-0.280735805488019,-0.171635903146837,-0.109099902341182,0.0845573880280628
"157","Endotherms","Birds",52,"Leiothrichidae+Pellorneidae+Timaliidae","Zosteropidae",0.0114165733333333,0.0137703066666667,0.00158409333333333,0.00194592,0.138994338320151,0.1413117713521,73.8,149,0.0939094727831317,0.0975661584888086,0.0381212644879374,0.209342665196377,0.191978006887577,0.0173646583087997,0.765168265621251
"158","Endotherms","Birds",53,"Ptiliogonatidae+Hylocitreidae+Mohoidae","Bombycillidae",0.010223,0.0124773333333333,0.00156433333333333,0.00200666666666667,0.15302096579608,0.160824962598847,4,3,NA,NA,NA,-0.249015222508453,-0.199273581120926,-0.0497416413875269,0.287682072451781
"159","Endotherms","Birds",54,"Troglodytidae+Polioptilidae","Certhiidae",0.0161021111111111,0.0156496666666667,0.00227466666666666,0.00207761111111111,0.141212349683097,0.132764201220622,54.5,11,0.0786118891933326,0.0706863425542723,0.0095992906376653,0.0874521521615742,0.0257629631569262,0.0616891890046479,1.36303435330244
"160","Endotherms","Birds",55,"Mimidae","Sturnidae",0.00968046666666667,0.00910173333333333,0.00143386666666667,0.00136473333333334,0.148136796781417,0.149869304974501,34,126,0.0937473221317344,0.0730824636776937,0.0266180928071018,-0.0527964379211614,-0.0643576228506593,0.0115611849294978,1.30992138233532
"161","Endotherms","Birds",56,"Turdidae","Muscicapidae",0.0136701866666667,0.0161480266666667,0.00212613333333333,0.00239202666666667,0.155524277178037,0.14843328773458,174,344,0.126493560500681,0.126806543924544,0.0246843031362045,0.111788671670039,0.158718717725784,-0.0469300460557455,0.681586358158869
"162","Endotherms","Birds",57,"Ploceidae","Viduidae+Estrildidae",0.00836153333333333,0.0115192,0.00126093333333334,0.00191126666666667,0.150931903842053,0.165061312474831,118,93.2,0.400911104089545,0.317417626221606,0.0860776824799391,0.242616084931156,0.164927487008593,0.0776885979225627,0.821066400246027
"163","Endotherms","Birds",58,"Calcariidae","Emberizidae",0.008847,0.00876833333333333,0.001238,0.00131633333333333,0.139934441053464,0.150123550655769,6,45,NA,NA,NA,0.0613529193739959,-0.00893167198658862,0.0702845913605843,2.01490302054226
"164","Endotherms","Birds",59,"Cardinalidae","Thraupidae+Mitrospingidae",0.00702771111111111,0.00695384444444444,0.000994866666666667,0.00106222222222222,0.141556622993658,0.152882715079104,53,386,0.08697727184078,0.09478645243936,0.037191152909932,0.0622777348340708,-0.0142827710294407,0.0765605058635115,1.98554545591271
"165","Endotherms","Birds",60,"Passerellidae","Zeledoniidae+Calyptophilidae+Parulidae+Icteridae",0.01140152,0.00882681333333333,0.00161566666666667,0.00123186666666667,0.141740377977806,0.139147125416917,138,116,0.156071595080494,0.114915742094428,0.0602575063906076,0.278222657466586,0.258764030363693,0.0194586271028927,0.174566493171011
