ThermoMode,Group,ID,Lineage1.Name,Lineage2.Name,Lineage1.Mean.dS,Lineage2.Mean.dS,Lineage1.Mean.dN,Lineage2.Mean.dN,Lineage1.Spp,Lineage2.Spp,Diff.dS,Diff.dS.SD,Diff.dN,Diff.dN.SD,Diff.Spp
Ectotherms,Fishes,1,Acipenseridae,Polyodontidae,0.1257689,0.111663667,0.0029561,0.004183067,25,2,0.10733232,0.652815179,-0.352564609,0.128607938,2.525728644
Ectotherms,Fishes,2,Lepisosteidae,Amiidae,0.375573533,0.436571733,0.018873133,0.0163462,7,1,-0.153271824,0.135296348,0.143765289,0.004283685,1.945910149
Ectotherms,Fishes,3,Elopidae,Megalopidae,0.360291,0.359022917,0.007308417,0.010208583,7,2,0.000804551,0.073543656,-0.333062983,0.052493106,1.252762968
Ectotherms,Fishes,4,Notacanthidae,Halosauridae,0.308806084,0.17724325,0.004837584,0.003059667,11,16,-0.559407388,0.078797612,-0.45440661,0.142658956,0.374693449
Ectotherms,Fishes,5,Anguillidae,Serrivomeridae+Nemichthyidae,0.270828539,0.472495161,0.004889811,0.009197811,23,20,-0.416163408,0.467338316,-0.583770285,0.204245114,0.139761942
Ectotherms,Fishes,6,Eurypharyngidae+Moringuidae,Saccopharyngidae,0.525385555,0.582959222,0.014801111,0.036028333,16,10,-0.139896335,0.194151979,-0.900543344,0.348250901,0.470003629
Ectotherms,Fishes,7,Chlopsidae,Muraenidae+Heterenchelyidae,0.566136759,0.751574426,0.015157222,0.015380944,22,209,0.29039839,0.35117903,0.018501853,0.15111538,2.251291799
Ectotherms,Fishes,8,Colocongridae,Derichthyidae,0.171775667,0.168268833,0.007046667,0.008903333,9,3,0.048274085,0.349291967,-0.1898774,0.402169056,1.098612289
Ectotherms,Fishes,9,Ophichthidae,Muraenesocidae,0.360586044,0.469122933,0.012446133,0.0212176,313,15,-0.254355942,0.19627904,-0.510650163,0.30347515,3.038152989
Ectotherms,Fishes,10,Congridae,Nettastomatidae,0.446168222,0.331064511,0.014744111,0.007136111,194,42,0.278321752,0.365415623,0.552957501,0.59555834,1.530188541
Ectotherms,Fishes,11,Notopteridae,Mormyridae+Gymnarchidae,0.652026017,0.543484539,0.014481794,0.009964928,10,223,-0.197802919,0.151559439,-0.371706569,0.149128927,3.104586678
Ectotherms,Fishes,12,Alepocephalidae,Platytroctidae,0.169498983,0.156194325,0.006264608,0.00673105,98,39,0.071192891,0.542384899,-0.117256513,0.340301493,0.921405833
Ectotherms,Fishes,13,Clupeidae,Dussumieriidae,0.537881117,0.424132133,0.008744417,0.0155377,200,9,0.157440091,0.442207263,-0.547284983,0.42520091,3.101092789
Ectotherms,Fishes,14,Pristigasteridae,Chirocentridae,0.50232075,1.092121167,0.0099275,0.02066175,38,3,-0.776276864,0.063755482,-0.735776079,0.082134576,2.538973871
Ectotherms,Fishes,15,Kneriidae,Chanidae,0.542512889,0.396118778,0.018118111,0.008760556,31,1,0.312578603,0.028624371,0.721793866,0.097812207,3.433987204
Ectotherms,Fishes,17,Balitoridae,Serpenticobitidae,0.2462401,0.196881267,0.005865,0.002574367,246,3,0.224673125,0.222029186,0.734739643,0.421061504,4.406719247
Ectotherms,Fishes,18,Gymnotidae,Hypopomidae+Rhamphichthyidae,0.449336111,0.430807111,0.019590111,0.017106111,40,42,-0.010716622,0.182167779,-0.103457696,0.254624549,0.048790164
Ectotherms,Fishes,19,Distichodontidae,Citharinidae,0.363613,0.309946667,0.008770333,0.006092,99,8,0.159689874,NA,0.364398341,NA,2.515678308
Ectotherms,Fishes,20,Erythrinidae,Lebiasinidae+Ctenoluciidae,0.442826,0.413369834,0.009380833,0.007929333,16,82,-0.070592687,0.087939114,-0.168133337,0.043644282,1.634130525
Ectotherms,Fishes,21,Bryconidae,Gasteropelecidae+Triportheidae,0.49249875,0.533664167,0.031816417,0.013901667,48,32,-0.112675111,0.290285028,0.790578192,0.344610702,0.405465108
Ectotherms,Fishes,22,Alestidae,Hepsetidae,0.379298333,0.517067667,0.013781,0.011083333,120,4,-0.309850696,NA,0.217848384,NA,3.401197382
Ectotherms,Fishes,23,Parodontidae,Chilodontidae,0.352381667,0.451482667,0.005993,0.013148667,32,8,-0.247822113,NA,-0.785728263,NA,1.386294361
Ectotherms,Fishes,24,Serrasalmidae,Hemiodontidae,0.263085167,0.269080722,0.005162667,0.006292278,92,31,-0.029365721,0.166454335,-0.210107215,0.161095354,1.087801373
Ectotherms,Fishes,25,Anostomidae,Curimatidae+Prochilodontidae,0.307000719,0.261131396,0.008644156,0.004956292,155,124,0.162787107,0.263039446,0.533391436,0.482582098,0.223143551
Ectotherms,Fishes,26,Callichthyidae,Loricariidae+Scoloplacidae,0.539142198,0.376592917,0.012085932,0.008821557,201,884,-0.359687702,0.110840415,-0.322469568,0.154747429,1.481152155
Ectotherms,Fishes,27,Doradidae,Auchenipteridae,0.278981333,0.2863045,0.005976722,0.008233278,94,110,0.03081265,0.145883163,0.332486222,0.142251051,0.157185584
Ectotherms,Fishes,28,Clariidae,Heteropneustidae,0.224572133,0.256116333,0.003487067,0.003330467,114,4,-0.131171268,0.096841979,0.044885199,0.079600981,3.349904087
Ectotherms,Fishes,29,Siluridae,Chacidae,0.328131333,0.481297167,0.006923167,0.019129933,106,4,-0.390616137,0.10452556,-1.02210683,0.113231286,3.277144733
Ectotherms,Fishes,30,Sisoridae,Erethistidae,0.2340754,0.406173567,0.012585933,0.0082222,205,40,-0.561408791,0.159262786,0.199378938,0.67141274,1.634130525
Ectotherms,Fishes,31,Pangasiidae,Plotosidae,0.194436867,0.593686167,0.004530067,0.019816033,28,40,1.116927976,0.071778663,1.480464426,0.105609416,0.356674944
Ectotherms,Fishes,32,Ictaluridae,Cranoglanididae,0.265573,0.275270458,0.005921833,0.007288042,51,5,-0.04643055,0.137329773,-0.218950815,0.182637632,2.32238772
Ectotherms,Fishes,33,Ariidae,Bagridae,0.278469593,0.356928187,0.007427787,0.007321107,159,228,0.248405021,0.124397761,-0.012438233,0.134813266,0.360441427
Ectotherms,Fishes,34,Pimelodidae,Pseudopimelodidae,0.308371778,0.242247111,0.0054585,0.005159722,112,37,0.239379864,0.114204591,0.053770639,0.09581519,1.107580959
Ectotherms,Fishes,35,Mochokidae,Malapteruridae,0.327392,0.449819,0.005449667,0.010596333,209,21,-0.31768705,NA,-0.664953492,NA,2.297811814
Ectotherms,Fishes,36,Salmonidae,Esocidae+Umbridae,0.430333919,0.513587078,0.007134181,0.015850174,222,14,-0.148394772,0.256091358,-0.797665441,0.106675438,2.763620052
Ectotherms,Fishes,37,Argentinidae,Opisthoproctidae,0.316218333,0.25163,0.007101667,0.011817667,27,19,0.228473148,NA,-0.50926607,NA,0.351397887
Ectotherms,Fishes,38,Salangidae,Plecoglossidae,0.350487167,0.3402965,0.009163833,0.002784792,20,3,0.030233726,0.095421676,0.917368219,0.819174478,1.897119985
Ectotherms,Fishes,40,Myctophidae,Neoscopelidae,0.417266467,0.3452358,0.010488267,0.006625,248,6,0.191022485,0.117377525,0.451214893,0.132833302,3.721669277
Ectotherms,Fishes,41,Percopsidae,Aphredoderidae+Amblyopsidae,0.435366667,0.616436667,0.012436333,0.014026667,2,9,0.347766999,NA,0.120338035,NA,1.504077397
Ectotherms,Fishes,42,Zeidae,Oreosomatidae+Grammicolepididae+Cyttidae,0.29970775,0.12628225,0.00998325,0.004715667,6,16,-0.864783073,0.031792275,-0.744511419,0.063436623,0.980829253
Ectotherms,Fishes,44,Gadidae,Lotidae,0.257154517,0.149929933,0.003621617,0.00237325,25,9,0.6168734,0.623333479,0.455969149,0.264725278,1.021651248
Ectotherms,Fishes,45,Trachipteridae,Regalecidae,0.562611,0.663809167,0.009629667,0.010998,10,3,-0.166345855,0.164124963,-0.139369145,0.14428455,1.203972804
Ectotherms,Fishes,46,Trachichthyidae,Anoplogastridae,0.158650333,0.15372,0.003473667,0.004533,51,2,0.031569851,NA,-0.266173164,NA,3.238678452
Ectotherms,Fishes,47,Melamphaidae,Berycidae,0.230582167,0.125337055,0.010667167,0.003656222,61,10,0.604899078,0.29836803,0.986147887,0.318180468,1.808288771
Ectotherms,Fishes,48,Cetomimidae,Barbourisiidae,0.481767191,0.180022428,0.019514095,0.004353714,30,1,0.929476836,0.433865057,1.453076333,0.385453328,3.401197382
Ectotherms,Fishes,50,Apogonidae,Kurtidae,0.714027767,0.509660833,0.0158426,0.013795433,347,2,0.333571305,0.153878642,0.127045767,0.141985384,5.156177599
Ectotherms,Fishes,51,Odontobutidae,Rhyacichthyidae,0.442535367,0.325818467,0.0171742,0.0058907,22,3,0.29434289,0.210692187,1.021489425,0.278555165,1.992430165
Ectotherms,Fishes,52,Kraemeriidae,Gobiidae+Schindleriidae,0.682997833,0.475297333,0.0267032,0.0122426,9,1770,-0.385128019,0.261295411,-0.813195063,0.297300413,5.281510248
Ectotherms,Fishes,54,Mullidae,Champsodontidae,1.007961083,0.79770975,0.016255417,0.034341417,83,13,0.184092347,0.309309962,-0.74964753,0.070529681,1.85389125
Ectotherms,Fishes,55,Centrolophidae,Arripidae+Pomatomidae,0.251565389,0.325608833,0.009965167,0.010789556,31,5,-0.236917344,0.352968457,0.041383667,0.618747989,1.824549292
Ectotherms,Fishes,56,Trichiuridae,Gempylidae,0.37946725,0.298653783,0.018471717,0.0092654,44,24,0.276599807,0.525650686,0.742382902,0.650559256,0.606135804
Ectotherms,Fishes,57,Stromateidae,Nomeidae+Ariommatidae,0.339890491,0.198891343,0.018961704,0.004657148,15,24,-0.514725274,0.284454012,-1.291276822,0.671869223,0.470003629
Ectotherms,Fishes,58,Synbranchidae,Indostomidae,0.785461217,0.9205465,0.024111833,0.028325167,23,3,-0.170755294,0.581180636,-0.2537566,0.712777285,2.036881927
Ectotherms,Fishes,59,Badidae,Pristolepididae+Nandidae,0.548751,0.406686,0.019917667,0.008692333,21,13,0.299603398,NA,0.829165754,NA,0.47957308
Ectotherms,Fishes,60,Osphronemidae,Anabantidae+Helostomatidae,0.6798254,0.371282767,0.0153758,0.014107833,132,34,0.547837041,0.449020845,0.021499769,0.389120625,1.356441398
Ectotherms,Fishes,61,Polynemidae,Toxotidae,0.479496933,0.256609,0.020334067,0.0108384,43,7,0.629222733,0.130087663,0.621257652,0.169927847,1.815289967
Ectotherms,Fishes,62,Echeneidae,Coryphaenidae+Rachycentridae,0.659108222,0.860333222,0.013417778,0.033927222,8,3,-0.215658146,0.35702408,-0.925164965,0.08690777,0.980829253
Ectotherms,Fishes,63,Istiophoridae,Xiphiidae,0.228205296,0.265082519,0.003281111,0.003289778,11,1,-0.149852276,0.02915672,-0.003285486,0.042402065,2.397895273
Ectotherms,Fishes,64,Pleuronectidae,Scophthalmidae,0.612146433,0.663981333,0.013555633,0.020862033,82,9,-0.086805759,0.127461345,-0.460332389,0.223487359,2.20949467
Ectotherms,Fishes,67,Mugilidae,Ambassidae,0.453789633,0.642795533,0.0149906,0.01743045,79,49,-0.337116081,0.1905098,-0.158194191,0.219618353,0.477627554
Ectotherms,Fishes,69,Bedotiidae,Isonidae,0.357667,0.485149,0.006743667,0.010196333,16,5,-0.304853674,NA,-0.413424304,NA,1.16315081
Ectotherms,Fishes,70,Exocoetidae,Hemiramphidae,0.445165773,0.433218253,0.008989107,0.00950376,68,63,0.081598232,0.228011034,-0.01608014,0.280428668,0.076372979
Ectotherms,Fishes,71,Belonidae,Zenarchopteridae,0.3140404,0.352108067,0.016516367,0.014418333,52,61,0.120389592,0.22029026,0.215539301,0.795070731,0.159630146
Ectotherms,Fishes,73,Fundulidae,Goodeidae+Valenciidae+Profundulidae,0.660062511,0.366763844,0.016690889,0.010980245,46,65,-0.591468995,0.086217451,-0.41887619,0.061264525,0.345745873
Ectotherms,Fishes,74,Himantolophidae,Melanocetidae,0.087384917,0.108002,0.004024833,0.005507,21,6,-0.212155294,0.034314029,-0.314213473,0.037043415,1.252762968
Ectotherms,Fishes,75,Ostraciidae,Aracanidae,0.3974006,0.186240333,0.0052844,0.004212134,26,13,0.756028662,0.118473055,0.229320296,0.169422477,0.693147181
Ectotherms,Fishes,76,Tetraodontidae,Diodontidae,0.514958744,0.558341344,0.014472922,0.010581889,191,18,-0.083792458,0.135735596,0.293993101,0.230600133,2.36190167
Ectotherms,Fishes,77,Monacanthidae,Balistidae,0.49739911,0.45265774,0.013711407,0.007627853,108,42,0.073572234,0.220178317,0.550765142,0.268093524,0.944461609
Ectotherms,Fishes,78,Triacanthidae,Triacanthodidae,0.405047417,0.322174083,0.01755075,0.010029417,7,23,-0.224744874,0.134153227,-0.556202696,0.10902088,1.189584067
Ectotherms,Fishes,79,Siganidae,Caproidae,0.395627191,0.478446214,0.006663619,0.014687357,28,18,-0.153142022,0.264647815,-0.70510452,0.360869595,0.441832752
Ectotherms,Fishes,80,Priacanthidae,Scatophagidae,0.429579583,0.474782792,0.009978125,0.021044375,19,4,-0.158373986,0.346520519,-0.906986901,0.674314285,1.558144618
Ectotherms,Fishes,81,Drepaneidae,Ephippidae,0.356212667,0.301358889,0.014046222,0.010434444,3,15,-0.172449309,0.100433756,-0.297992922,0.055460738,1.609437912
Ectotherms,Fishes,82,Acanthuridae,Zanclidae,0.384187889,0.398607852,0.009222074,0.006279296,82,1,-0.049367398,0.257569401,0.097545526,1.003349668,4.406719247
Ectotherms,Fishes,83,Sparidae,Nemipteridae,0.496046607,0.68741202,0.013259747,0.01973244,142,67,-0.333602397,0.179291175,-0.400944261,0.142275517,0.751134438
Ectotherms,Fishes,84,Chaetodontidae,Leiognathidae,0.467424708,0.664797583,0.015546354,0.020565688,129,48,-0.347310935,0.252799332,-0.279447719,0.089940502,0.988611393
Ectotherms,Fishes,85,Haemulidae,Lutjanidae,0.282266938,0.302110867,0.005781595,0.004735619,137,133,-0.068553719,0.165382564,0.198149658,0.134340552,0.029631798
Ectotherms,Fishes,86,Monodactylidae,Emmelichthyidae+Dinopercidae,0.194947333,0.191915667,0.002954667,0.003710333,6,19,-0.015673394,NA,0.227735676,NA,1.15267951
Ectotherms,Fishes,87,Sillaginidae,Moronidae,0.656496488,0.499017321,0.013230941,0.0170115,33,6,0.272732236,0.184722872,-0.268885716,0.209676195,1.704748092
Ectotherms,Fishes,88,Pentacerotidae,Banjosidae,0.1419255,0.131970334,0.002564,0.002080833,13,1,0.051864749,0.267460821,0.207275495,0.055300561,2.564949357
Ectotherms,Fishes,89,Polyprionidae,Lateolabracidae,0.089510834,0.4846725,0.002695333,0.012224,5,2,-1.689914271,0.068257022,-1.513170991,0.074721095,0.916290732
Ectotherms,Fishes,90,Scombropidae,Epigonidae+Creediidae,0.135427667,0.210487667,0.003014667,0.004301667,3,59,0.440989387,NA,0.355513246,NA,2.978925155
Ectotherms,Fishes,91,Terapontidae,Kuhliidae,0.389577611,0.264265278,0.010964556,0.009061222,52,14,0.388924672,0.070494647,0.188810148,0.072102086,1.312186389
Ectotherms,Fishes,92,Girellidae,Kyphosidae,0.353913167,0.24909625,0.009903167,0.00525125,18,34,-0.367039621,0.221299154,-0.685494825,0.378528422,0.635988767
Ectotherms,Fishes,93,Centrarchidae,Elassomatidae,0.2684837,0.864669233,0.006126467,0.01853555,38,7,-1.185411201,0.199589374,-1.122038873,0.19400664,1.691676011
Ectotherms,Fishes,94,Sinipercidae,Percichthyidae,0.228525595,0.216327667,0.004236748,0.010199571,9,30,0.077023908,0.589213182,0.722591225,0.425999966,1.203972804
Ectotherms,Fishes,95,Percidae+Niphonidae,Trachinidae+Bembropidae,0.386767667,0.407276467,0.008109533,0.017848967,239,26,-0.058773939,0.114992798,-0.798673004,0.133646179,2.218367014
Ectotherms,Fishes,96,Channichthyidae,Bathydraconidae,0.088262944,0.061303645,0.006079467,0.005442078,25,17,0.362618633,0.152614977,0.143358604,0.310850691,0.385662481
Ectotherms,Fishes,97,Platycephalidae,Hoplichthyidae+Normanichthyidae,0.488301333,0.582787834,0.0198455,0.012591834,79,13,-0.231336345,0.352050767,0.432229885,0.330292944,1.804498495
Ectotherms,Fishes,98,Sebastidae,Scorpaenidae,0.271149189,0.435130811,0.006250311,0.0090775,135,215,0.472924033,0.163374119,0.345958065,0.18944693,0.46536325
Ectotherms,Fishes,99,Triglidae,Peristediidae,0.247210167,0.344021445,0.005411778,0.004615389,124,44,-0.331454526,0.027219356,0.157457639,0.082186457,1.036091932
Ectotherms,Fishes,100,Gasterosteidae,Hypoptychidae+Aulorhynchidae,0.284678645,0.376215267,0.006461333,0.009280433,18,3,-0.296698374,0.352885242,-0.319765136,0.420926573,1.791759469
Ectotherms,Fishes,101,Zoarcidae,Anarhichadidae,0.105443833,0.098193986,0.004395014,0.001921222,302,5,0.074608251,0.150206439,0.828990851,0.195836661,4.100989105
Ectotherms,Fishes,102,Liparidae,Cyclopteridae,0.3696095,0.1472415,0.009018667,0.006850167,399,27,0.918787491,0.120914556,0.27481014,0.020319045,2.693124551
Ectotherms,Fishes,103,Psychrolutidae,Cottidae+Jordaniidae,0.175549237,0.272890023,0.00362188,0.004068433,221,107,-0.459464673,0.341124203,-0.497330874,0.765064875,0.725333867
Ectotherms,Amphibians,1,Siphonopidae,Dermophiidae,0.675574667,1.304846667,0.019711333,0.027146333,28,14,-0.658277129,NA,-0.320048223,NA,0.693147181
Ectotherms,Amphibians,2,Hynobiidae,Cryptobranchidae,0.743180578,0.991927711,0.016226611,0.0264744,83,4,-0.280837692,0.284170903,-0.49113073,0.065336146,3.032546247
Ectotherms,Amphibians,3,Dicamptodontidae+Ambystomatidae,Salamandridae,0.919355932,0.913119966,0.018920368,0.019312671,36,126,0.011718211,0.207500003,0.018820128,0.110127277,1.252762968
Ectotherms,Amphibians,4,Plethodontidae,Amphiumidae,0.7961739,0.950930167,0.024125367,0.026890333,491,3,-0.192992134,0.157219422,-0.115941933,0.127958635,5.097831839
Ectotherms,Amphibians,5,Bombinatoridae,Alytidae,0.622008444,0.568154694,0.016679806,0.014767361,10,12,-0.093595076,0.196800109,-0.124529656,0.123634617,0.182321557
Ectotherms,Amphibians,7,Calyptocephalellidae,Myobatrachidae,0.517716667,0.607009167,0.017397833,0.021149667,5,133,0.169693821,0.287988948,0.197696974,0.125542649,3.280911216
Ectotherms,Amphibians,9,Mantellidae,Rhacophoridae,0.978956611,0.661664889,0.025433278,0.027758944,232,434,-0.401225713,0.174782064,0.087622642,0.028128553,0.626307162
Ectotherms,Reptiles,1,Alligatoridae,Crocodylidae+Gavialidae,0.732116771,1.090552438,0.026083029,0.027078025,8,18,0.390089856,0.159506862,0.043216121,0.098504125,0.810930216
Ectotherms,Reptiles,3,Trionychidae,Carettochelyidae,0.723657333,1.148054567,0.019978667,0.0268267,33,1,-0.49368955,0.148245995,-0.300351416,0.126921743,3.496507561
Ectotherms,Reptiles,4,Dermochelyidae,Cheloniidae,0.210012889,0.175192278,0.005592222,0.006038111,1,6,-0.186692712,0.151804732,0.061740228,0.210855251,1.791759469
Ectotherms,Reptiles,5,Platysternidae,Emydidae,0.297592111,0.210061333,0.017386445,0.014350222,1,53,-0.348009088,0.050415843,-0.192296638,0.034795991,3.970291914
Ectotherms,Reptiles,6,Geoemydidae,Testudinidae,0.19504176,0.212001363,0.014055207,0.007749003,71,60,-0.089100216,0.184811847,0.609426645,0.2529476,0.168335315
Ectotherms,Reptiles,8,Diplodactylidae,Pygopodidae+Carphodactylidae,0.790846667,0.861157667,0.017487,0.016651667,124,70,-0.085173507,NA,0.048947416,NA,0.571786324
Ectotherms,Reptiles,9,Scincidae,Xantusiidae+Cordylidae+Gerrhosauridae+,0.899133667,0.882256333,0.0224992,0.02758015,1075,125,-0.004567454,0.402889971,-0.202413031,0.095188079,2.151762203
Ectotherms,Reptiles,10,Amphisbaenidae,Trogonophidae,1.137683334,1.2669345,0.026256834,0.0216145,65,4,-0.086572362,0.389011479,0.193165456,0.116806272,2.788092909
Ectotherms,Reptiles,12,Helodermatidae+Xenosauridae,Anguidae+Diploglossidae+Anniellidae,1.978567708,1.013657375,0.025313875,0.027939458,14,111,-0.663224479,0.18190582,0.09862807,0.043154474,2.070472872
Ectotherms,Reptiles,14,Polychrotidae+Liolaemidae,Opluridae+Leiosauridae+Hoplocercidae,0.9485045,1.045542,0.019811834,0.017299,326,60,-0.055463719,0.389905323,0.135966533,0.045610768,1.692552819
Ectotherms,Reptiles,15,Iguanidae,Leiocephalidae,0.669359333,1.749478133,0.014332067,0.01687,40,15,-0.940619635,0.270647717,-0.167057799,0.108544632,0.980829253
Ectotherms,Reptiles,16,Crotaphytidae,Corytophanidae,0.645829333,0.771843333,0.013807667,0.015175,12,8,-0.178246314,NA,-0.094425319,NA,0.405465108
Ectotherms,Reptiles,17,Tropidophiidae,Aniliidae,1.307823,1.072515333,0.022543667,0.017783,10,1,0.198357255,NA,0.237211239,NA,2.302585093
Ectotherms,Reptiles,18,Xenopeltidae,Pythonidae+Loxocemidae,0.588545333,0.617467,0.010683667,0.009914,1,35,0.047971671,NA,-0.074768227,NA,3.555348061
Ectotherms,Reptiles,19,Colubridae,Elapidae+Micrelapidae+Lamprophiidae+Cyclocoridae,0.580035143,0.675713593,0.01629273,0.01995348,990,572,-0.15961202,0.283425968,-0.20050848,0.183288891,0.548565952
Endotherms,Mammals,1,Ornithorhynchidae,Tachyglossidae,0.356721334,0.229999833,0.006670167,0.009998334,1,4,-0.439558856,0.026413908,0.404204465,0.042679599,1.386294361
Endotherms,Mammals,2,Thylacomyidae,Peramelidae,0.590332889,0.370569889,0.010441926,0.006890482,2,22,-0.452771916,0.295098839,-0.422093651,0.102653143,2.397895273
Endotherms,Mammals,3,Myrmecobiidae,Dasyuridae,0.627403267,0.862149483,0.014563383,0.012188583,2,73,0.357312965,0.397512324,-0.175451179,0.195124834,3.597312261
Endotherms,Mammals,4,Phascolarctidae,Vombatidae,0.390741167,0.2257855,0.021678834,0.007034167,1,3,-0.548695676,0.016904381,-1.125562364,0.00182818,1.098612289
Endotherms,Mammals,5,Burramyidae,Phalangeridae,0.524033562,0.432031563,0.009673167,0.010095938,5,27,-0.200726854,0.136706641,0.035969022,0.16202193,1.686398954
Endotherms,Mammals,6,Petauridae,Pseudocheiridae,0.519380133,0.495493183,0.008693233,0.010657283,13,20,-0.054126888,0.267572553,0.202751821,0.234436765,0.430782916
Endotherms,Mammals,7,Potoroidae,Macropodidae,0.304518987,0.28606978,0.005038853,0.00580894,12,68,-0.062194574,0.137304476,0.142438053,0.19459335,1.734601055
Endotherms,Mammals,8,Chlamyphoridae,Dasypodidae,0.352100114,0.574601067,0.009250062,0.010120643,13,7,-0.494402203,0.27822245,-0.093083324,0.093317425,0.619039208
Endotherms,Mammals,10,Megalonychidae,Bradypodidae,0.226215933,0.2936845,0.008409617,0.019211817,2,4,0.28252401,0.263476226,0.874572085,0.359646668,0.693147181
Endotherms,Mammals,11,Macroscelididae,Orycteropodidae,1.104295555,1.041877334,0.022109222,0.015633222,19,1,0.058401484,0.298691742,0.344577785,0.091008645,2.944438979
Endotherms,Mammals,13,Trichechidae,Dugongidae,0.222984833,0.163602334,0.007324834,0.006834167,3,1,0.312847136,0.110504545,0.070772564,0.086930198,1.098612289
Endotherms,Mammals,14,Elephantidae,Procaviidae,0.499998595,1.259291071,0.029220119,0.023166571,7,5,-0.927916148,0.061531898,0.232615162,0.041254979,0.336472237
Endotherms,Mammals,15,Lorisidae,Galagidae,0.374848222,0.350230407,0.012494519,0.011555574,12,18,-0.064450586,0.262591142,-0.078094279,0.051595763,0.405465108
Endotherms,Mammals,16,Cheirogaleidae,Lepilemuridae,0.456234421,0.28307869,0.015103636,0.017998054,33,26,0.477495305,0.114898234,-0.176833758,0.075405974,0.238411023
Endotherms,Mammals,17,Aotidae,Callitrichidae,0.160053342,0.367831483,0.007158675,0.009865492,11,47,0.835498311,0.128204565,0.313435357,0.119654925,1.452252329
Endotherms,Mammals,18,Hominidae+Hylobatidae,Cercopithecidae,0.257382418,0.304464414,0.015641458,0.020924542,27,139,0.162264062,0.154727286,0.291465056,0.127999947,1.638637067
Endotherms,Mammals,19,Ochotonidae,Leporidae,0.729288128,0.92821733,0.01532964,0.012867734,32,67,0.251948495,0.261472999,-0.175094135,0.035877067,0.738956717
Endotherms,Mammals,21,Bathyergidae,Heterocephalidae,0.010068,0.012579,0.000703333,0.000516,19,1,-0.22266668,NA,0.309723698,NA,2.944438979
Endotherms,Mammals,22,Echimyidae,Capromyidae,0.341638987,0.333252067,0.010978833,0.0104043,88,11,0.024409684,0.129308746,0.049736539,0.125254564,2.079441542
Endotherms,Mammals,23,Ctenomyidae,Octodontidae+Cuniculidae,0.463286185,0.314161481,0.012145111,0.009447778,59,16,0.38771182,0.043699345,0.250466764,0.149682452,1.304948722
Endotherms,Mammals,24,Erethizontidae,Caviidae+Dasyproctidae,0.611032,0.689225334,0.016040834,0.0197725,19,36,0.118152699,0.060124437,0.209087396,0.012313206,0.639079959
Endotherms,Mammals,25,Zapodidae,Dipodidae,0.753298733,0.7877338,0.015785933,0.016776133,4,35,0.033131789,0.415576157,0.060621285,0.083241835,2.1690537
Endotherms,Mammals,28,Hipposideridae+Rhinonycteridae,Rhinolophidae,0.235546833,0.3922559,0.007116567,0.007660767,95,90,-0.515095071,0.165610742,-0.071470116,0.080784481,0.054067221
Endotherms,Mammals,29,Noctilionidae,Furipteridae,0.575458333,0.675891667,0.014777,0.015696667,2,2,-0.160865983,NA,-0.060376479,NA,0
Endotherms,Mammals,30,Mormoopidae,Phyllostomidae,0.451686222,0.590482767,0.008542867,0.013265744,12,207,0.272213383,0.123287763,0.421553273,0.178271507,2.847812143
Endotherms,Mammals,31,Miniopteridae,Vespertilionidae+Cistugidae,0.5665947,0.573463933,0.011202867,0.0161523,32,453,0.007628346,0.123519433,0.356600699,0.152134816,2.650156223
Endotherms,Mammals,32,Eupleridae,Herpestidae,0.209292889,0.332000667,0.005407889,0.008300889,9,36,0.46080858,0.026353722,0.424878856,0.116598926,1.386294361
Endotherms,Mammals,33,Felidae,Prionodontidae,0.242424567,0.278603067,0.005833567,0.0073285,41,2,-0.14036626,0.052811121,-0.233831128,0.100647086,3.020424886
Endotherms,Mammals,34,Otariidae+Odobenidae,Phocidae,0.30129847,0.196514263,0.01018218,0.007035887,17,19,-0.429139346,0.118002183,-0.367525482,0.098549074,0.111225635
Endotherms,Mammals,35,Procyonidae,Mustelidae,0.412153967,0.320583067,0.013883633,0.00917765,14,66,-0.251378467,0.060571998,-0.404590626,0.159762059,1.550597412
Endotherms,Mammals,36,Equidae,Tapiridae+Rhinocerotidae,0.301913646,0.224965438,0.007100742,0.007898675,9,9,0.295548339,0.108278846,-0.107123635,0.103733998,0
Endotherms,Mammals,37,Tayassuidae,Suidae,0.353133286,0.366460643,0.00823231,0.007261595,3,19,0.036488521,0.174943271,-0.120383145,0.114419577,1.84582669
Endotherms,Mammals,38,Balaenopteridae,Eschrichtiidae,0.077391111,0.087478852,0.002781704,0.003671333,9,1,-0.13516392,0.181604565,-0.289762287,0.164398636,2.197224577
Endotherms,Mammals,39,Physeteridae,Kogiidae,0.246762833,0.268599667,0.008769667,0.0081915,1,2,0.086278466,0.160952721,-0.068088125,0.016959216,0.693147181
Endotherms,Mammals,40,Lipotidae,Pontoporiidae+Iniidae,0.316938334,0.327990834,0.012687,0.012978,1,2,0.032177126,0.110248508,0.020696777,0.076196973,0.693147181
Endotherms,Mammals,41,Phocoenidae+Monodontidae,Delphinidae,0.216573554,0.156337933,0.005949313,0.004844208,9,38,-0.303131848,0.269919192,-0.20549146,0.083133846,1.440361582
Endotherms,Mammals,42,Antilocapridae,Giraffidae,0.433744,0.214579834,0.004726,0.007411167,1,2,-0.70614855,0.042689327,0.44892561,0.17434428,0.693147181
Endotherms,Mammals,43,Moschidae+Cervidae,Bovidae,0.253073443,0.271795977,0.005101083,0.00537695,63,144,0.072069611,0.159559292,0.048502869,0.225020471,0.826678573
Endotherms,Birds,1,Casuariidae,Apterygidae,0.288725972,0.191352833,0.004595583,0.007873083,4,5,-0.411392946,0.051566745,0.539050572,0.068918726,0.223143551
Endotherms,Birds,2,Rheidae,Tinamidae,0.325024583,0.717049067,0.00689075,0.019406883,2,46,0.790707887,0.146872456,1.02987303,0.106724669,3.135494216
Endotherms,Birds,3,Anseranatidae,Anatidae,0.224350767,0.664037633,0.0058367,0.012192333,1,174,1.08620701,0.090361304,0.733523831,0.101509713,5.159055299
Endotherms,Birds,4,Odontophoridae,Phasianidae,0.30207588,0.270831593,0.008930973,0.007949693,34,185,-0.114211053,0.156776021,-0.117781315,0.13616277,1.6939953
Endotherms,Birds,5,Mesitornithidae,Pteroclidae,0.473335333,0.348130778,0.015948556,0.009414667,3,16,-0.308636095,0.057055375,-0.52996509,0.10454948,1.673976434
Endotherms,Birds,6,Otididae,Cuculidae,0.2930094,0.598656233,0.00862485,0.014225392,26,150,0.709735921,0.146288662,0.495090331,0.118893789,1.752538756
Endotherms,Birds,7,Sarothruridae+Heliornithidae,Rallidae,0.526061617,0.395931867,0.014554967,0.0106883,18,152,-0.244017087,0.39143448,-0.292439886,0.239883419,2.133508763
Endotherms,Birds,8,Aramidae,Gruidae,0.217167333,0.1905483,0.0045424,0.0052093,1,15,-0.130642002,0.058617396,0.135077868,0.095989532,2.708050201
Endotherms,Birds,9,Burhinidae,Chionidae+Pluvianellidae,0.271204,0.374624,0.007165,0.006919333,10,3,-0.323051551,NA,0.034888635,NA,1.203972804
Endotherms,Birds,10,Recurvirostridae,Ibidorhynchidae+Haematopodidae,0.174871278,0.186002833,0.0031635,0.004977889,10,13,0.037162443,0.253903938,0.426676936,0.196797631,0.262364264
Endotherms,Birds,11,Jacanidae,Rostratulidae,0.274036889,0.236512111,0.006718833,0.007031056,8,3,0.15356192,0.156943876,-0.039076801,0.140471788,0.980829253
Endotherms,Birds,12,Dromadidae,Glareolidae,0.217121667,0.346898333,0.004190167,0.004733,1,17,0.467222191,0.102089232,0.11954231,0.095967725,2.833213344
Endotherms,Birds,13,Alcidae+Stercorariidae,Laridae,0.250092748,0.268704141,0.004866526,0.004905111,32,103,0.072792611,0.099818045,0.008416174,0.129981201,1.168993085
Endotherms,Birds,14,Steatornithidae,Nyctibiidae,0.303589,0.377773111,0.008727333,0.009819444,1,7,0.2169965,0.180383514,0.116079347,0.108162571,1.945910149
Endotherms,Birds,15,Hemiprocnidae+Apodidae,Trochilidae,0.284302533,0.566327517,0.007584333,0.011648292,117,362,0.694165364,0.1563978,0.43061315,0.091928804,1.129470277
Endotherms,Birds,16,Eurypygidae,Rhynochetidae,0.340423667,0.265796,0.009474333,0.009335667,1,1,0.247461823,NA,0.014744198,NA,0
Endotherms,Birds,17,Hydrobatidae,Procellariidae,0.318446071,0.269129667,0.009498071,0.006454643,18,100,-0.167804423,0.125201405,-0.394551161,0.195074627,1.714798428
Endotherms,Birds,18,Balaenicipitidae,Pelecanidae+Scopidae,0.216800667,0.340123222,0.007157111,0.007631,1,9,0.439667604,0.2017989,0.039955348,0.262946062,2.197224577
Endotherms,Birds,19,Anhingidae,Phalacrocoracidae,0.297398178,0.347633311,0.009970622,0.008813822,4,42,0.158008705,0.077360201,-0.121886862,0.035611894,2.351375257
Endotherms,Birds,20,Tytonidae,Strigidae,0.404680133,0.453095756,0.018309233,0.016290611,20,234,0.103596532,0.218734093,-0.12961096,0.19228444,2.459588842
Endotherms,Birds,21,Pandionidae+Sagittariidae,Accipitridae,0.32819245,0.295509433,0.0112551,0.0102117,2,255,-0.117579954,0.261676227,-0.124186791,0.261874557,4.848116365
Endotherms,Birds,22,Bucerotidae,Bucorvidae,0.2380415,0.155472519,0.006380315,0.006127278,59,2,0.425123641,0.229510859,0.038381396,0.098681731,3.384390263
Endotherms,Birds,23,Phoeniculidae,Upupidae,0.4875155,0.513271,0.0196775,0.014097667,9,4,-0.058673523,0.124247101,0.320201839,0.219164631,0.810930216
Endotherms,Birds,24,Brachypteraciidae,Coraciidae,0.27890475,0.317360667,0.0076655,0.009453167,5,13,0.130502449,0.079220709,0.20899518,0.064942367,0.955511445
Endotherms,Birds,25,Momotidae,Alcedinidae,0.428687133,0.38455075,0.011162983,0.010677733,14,116,-0.112518123,0.113116661,-0.049124647,0.107828463,2.114532861
Endotherms,Birds,26,Bucconidae,Galbulidae,0.36073763,0.421868704,0.011975593,0.013815889,38,18,-0.161130592,0.161819941,-0.142206374,0.099412228,0.747214402
Endotherms,Birds,27,Picidae,Indicatoridae,0.361525289,0.333899944,0.009508911,0.010678222,239,17,0.105080626,0.353776246,-0.105984982,0.174732713,2.643250208
Endotherms,Birds,28,Capitonidae,Ramphastidae+Semnornithidae,0.317867389,0.234971889,0.010067167,0.007588889,15,45,-0.306266307,0.134265621,-0.276951826,0.163197728,1.098612289
Endotherms,Birds,29,Psittacidae,Psittaculidae,0.30614898,0.227541357,0.009735953,0.006579063,181,197,-0.296412243,0.231960658,-0.402400716,0.153550906,0.084706697
Endotherms,Birds,30,Philepittidae,Eurylaimidae,0.305278667,0.392587,0.008876333,0.011957333,4,9,0.251533148,NA,0.297956199,NA,0.810930216
Endotherms,Birds,31,Sapayoidae,Pittidae,0.395001833,0.331409167,0.010836333,0.009666333,1,44,-0.175452156,0.01562256,-0.114386669,0.032782276,3.784189634
Endotherms,Birds,32,Formicariidae,Furnariidae,0.414154133,0.306395067,0.012835133,0.007958533,12,315,-0.301305486,0.045314483,-0.479943286,0.072263043,3.267665989
Endotherms,Birds,33,Tityridae,Tyrannidae,0.32613546,0.399462159,0.008209857,0.009915127,45,438,0.200773321,0.132743401,0.182878058,0.161467985,2.275556421
Endotherms,Birds,34,Atrichornithidae,Menuridae,0.309699667,0.318109333,0.012792333,0.009063,2,2,-0.026792129,NA,0.344645842,NA,0
Endotherms,Birds,35,Climacteridae,Ptilonorhynchidae,0.435548444,0.445280111,0.009835667,0.010869,7,28,0.03154171,0.112211711,0.099258775,0.028357304,1.386294361
Endotherms,Birds,36,Acanthizidae,Pardalotidae,0.254961542,0.268704458,0.0056375,0.00648875,67,4,-0.053648882,0.112473526,-0.144052765,0.112611602,2.818398258
Endotherms,Birds,37,Orthonychidae,Pomatostomidae,0.366578,0.326939333,0.011458667,0.009922667,3,5,-0.114436694,NA,-0.143924655,NA,0.510825624
Endotherms,Birds,38,Ifritidae+Corcoracidae,Paradisaeidae,0.204317333,0.262651,0.006396833,0.006852667,3,45,0.251136695,0.004650837,0.07030078,0.049856076,2.708050201
Endotherms,Birds,39,Laniidae+Platylophidae,Corvidae,0.301850215,0.226944815,0.010115785,0.00683103,35,135,-0.285020812,0.057147376,-0.401964509,0.154988445,1.349926717
Endotherms,Birds,40,Platysteiridae,Vangidae,0.216189,0.260270667,0.006253,0.007306,32,39,0.18556909,NA,0.15563458,NA,0.197825743
Endotherms,Birds,41,Oreoicidae,Falcunculidae+Psophodidae,0.287118667,0.196444667,0.008794333,0.005741667,3,7,-0.379514806,NA,-0.426358046,NA,0.84729786
Endotherms,Birds,42,Pachycephalidae,Oriolidae,0.232561844,0.2864706,0.005776667,0.009076578,64,39,-0.206331186,0.139655245,-0.447067703,0.116754841,0.495321437
Endotherms,Birds,43,Paramythiidae,Vireonidae,0.303147167,0.33077125,0.00579125,0.00893325,3,64,0.083512719,0.088843284,0.431056964,0.097142139,3.060270795
Endotherms,Birds,44,Callaeidae,Notiomystidae,0.28531325,0.370820917,0.010020667,0.009327583,5,1,-0.261493828,0.046833091,0.069944668,0.08029748,1.609437912
Endotherms,Birds,45,Chaetopidae+Eupetidae,Picathartidae,0.287862,0.312178667,0.013776,0.009593,3,2,-0.081094475,NA,0.361894282,NA,0.405465108
Endotherms,Birds,46,Remizidae,Paridae,0.288323217,0.2389532,0.0077138,0.006289333,11,64,-0.190162729,0.061238083,-0.206432973,0.075585914,1.760987811
Endotherms,Birds,47,Alaudidae,Panuridae,0.319848667,0.299824933,0.007414533,0.007197533,100,1,0.064300139,0.085163818,0.029253807,0.03462147,4.605170186
Endotherms,Birds,48,Locustellidae,Bernieridae+Donacobiidae,0.273724625,0.33424975,0.007407542,0.007971958,67,12,-0.189568266,0.240929175,-0.057353076,0.254389688,1.71978597
Endotherms,Birds,49,Phylloscopidae,Hyliidae+Aegithalidae+Erythrocercidae+Cettiidae,0.271885726,0.278137389,0.00653367,0.007042752,81,51,-0.018930926,0.180589226,-0.069975839,0.161121121,0.462623522
Endotherms,Birds,50,Paradoxornithidae,Sylviidae,0.237871163,0.294456919,0.007016444,0.008345207,37,34,-0.228022538,0.200549093,-0.183651945,0.176338928,0.084557388
Endotherms,Birds,51,Zosteropidae,Timaliidae,0.290602783,0.272522743,0.006236843,0.007295453,149,265,-0.062693169,0.145687152,0.155911593,0.121797235,0.57578352
Endotherms,Birds,52,Stenostiridae,Hyliotidae,0.350646,0.316184,0.008430667,0.008392333,9,4,0.103452845,NA,0.004557261,NA,0.810930216
Endotherms,Birds,53,Ptiliogonatidae,Mohoidae,0.295680333,0.352945333,0.006612333,0.007449667,4,5,0.177034266,NA,0.119232697,NA,0.223143551
Endotherms,Birds,54,Polioptilidae,Troglodytidae,0.3122715,0.252352833,0.006908083,0.007354833,21,88,-0.21610649,0.134066839,0.062466805,0.025840191,1.432814377
Endotherms,Birds,55,Mimidae,Sturnidae,0.229643778,0.192594074,0.005296037,0.005384259,34,126,-0.177180508,0.160356218,0.01309048,0.103971206,1.309921382
Endotherms,Birds,56,Turdidae,Muscicapidae,0.266493487,0.236889303,0.006676743,0.005179587,174,344,-0.120005455,0.101540755,-0.255393529,0.189870793,0.681586358
Endotherms,Birds,57,Dicaeidae,Nectariniidae,0.244903333,0.233253667,0.008322667,0.005803167,50,146,-0.04845784,0.070716144,-0.362039608,0.063874674,1.071583616
Endotherms,Birds,58,Viduidae,Estrildidae,0.2691759,0.241842017,0.008505033,0.005616867,20,142,-0.105921834,0.135129956,-0.423713166,0.173190147,1.960094784
Endotherms,Birds,59,Calcariidae,Emberizidae,0.2037587,0.221990467,0.003202433,0.004295933,6,45,0.087121683,0.063597559,0.288567543,0.119834563,2.014903021
Endotherms,Birds,60,Cardinalidae,Thraupidae+Mitrospingidae,0.215285917,0.204732633,0.003627103,0.00459696,53,390,-0.052772195,0.125239505,0.231702389,0.155428182,1.995854826
Endotherms,Birds,61,Parulidae,Icteridae,0.211690224,0.222657347,0.002590204,0.004173816,120,110,-0.050411869,0.131121517,-0.469032379,0.150683036,0.087011377