"","Group","Species","Mass","Tb","Tlc","BMR","MeanTemp","MinTemp","MaxTemp","kT","Latitude"
"1","Mammals","Pecari_tajacu",9.90348755253613,38,28,8.66561319653451,21.91492537,8.8,28.4,37.2840368768952,-4.81875789
"2","Mammals","Philantomba_monticola",8.34283980427146,39.1,25,7.49886973397693,23.25555556,20.5,26.7,37.15269199118,-4.69192096
"3","Mammals","Raphicerus_campestris",9.16951837745593,39,30,8.21500643276157,20.60149254,13.9,23,37.1645941830721,-20.97527672
"4","Mammals","Tragulus_javanicus",7.38894609761844,38.4,26.6,6.77090409623294,25.775,23.6,26.9,37.2361677876615,-7.34599234
"5","Mammals","Ailurus_fulgens",8.65521448931361,37.6,25,6.77787435812762,1.85,-7.1,8.6,37.3320292011132,28.60568736
"6","Mammals","Arctogalidia_trivirgata",7.60589000105312,36.2,19,6.31499627245346,24.9375,20.9,27,37.500979713095,9.88905923
"7","Mammals","Canis_latrans",9.21034037197618,36,22,7.90100705199242,11.66742122,-12.1,27.3,37.525240414834,43.96565408
"8","Mammals","Cerdocyon_thous",8.60226936377136,38.6,25,7.31128518245579,22.43101266,16.6,28.3,37.212279307926,-12.65999419
"9","Mammals","Eira_barbara",7.98956044933387,38.4,26,7.10767114417704,23.63697479,5.5,28.4,37.2361677876615,-5.6772246
"10","Mammals","Fossa_fossana",7.72312009226633,37.9,26,6.80937037706074,21.06666667,19.9,22.6,37.2960233860985,-17.76650973
"11","Mammals","Genetta_tigrina",7.43720636687129,38.5,26,6.61619904498176,16.95,16.4,17.5,37.2242197152124,-32.56048916
"12","Mammals","Martes_americana",6.80239476332431,37,26,6.38839332419386,1.213704819,-10.4,11.9,37.4042497960533,56.65092482
"13","Mammals","Nandinia_binotata",8.35936910622267,37.4,27,6.75983514890551,23.41355932,13.6,26.7,37.356071725152,-0.43982519
"14","Mammals","Paradoxurus_hermaphroditus",7.97590836016554,36.5,27,6.68123101950845,24.81891892,14.6,27.8,37.4646474220763,16.52080307
"15","Mammals","Spilogale_putorius",6.43615036836943,36.5,30,5.74300318780948,16.20989011,4.6,24.2,37.4646474220763,37.72619846
"16","Mammals","Suricata_suricatta",6.74523634948436,36.3,30,5.73753957145433,19.63333333,14.9,21.2,37.4888611221391,-26.09116101
"17","Mammals","Vulpes_macrotis",7.53262361878879,38,22,7.04158662661566,17.5675,8.6,23.3,37.2840368768952,32.83117994
"18","Mammals","Vulpes_zerda",3.7864597824528,32,23.4,3.15700042115011,21.23529412,19.1,24.5,38.0171328010681,23.08414662
"19","Mammals","Anoura_latidens",2.61006979274201,38.12,34.7,3.60821155104648,18.6,18.6,18.6,37.2696632320684,3.26655851
"20","Mammals","Artibeus_concolor",2.98061863574394,35,29,3.68386691229039,26.54444444,23.1,28.3,37.6470163045463,-2.72077154
"21","Mammals","Artibeus_jamaicensis",3.81109708683819,36,25,4.34120464015363,24.38595318,11,28.2,37.525240414834,16.48567678
"22","Mammals","Artibeus_lituratus",4.24992279404054,36.7,25,4.68213122712422,23.91057402,6.9,28.5,37.4404649806227,-5.33769773
"23","Mammals","Carollia_perspicillata",2.70136121295141,36.6,29,3.7635229971097,24.51503462,9.4,28.5,37.4525522978077,-6.45890257
"24","Mammals","Chrotopterus_auritus",4.56538931597625,37.2,28,4.95088528969048,23.52337662,15.1,27.8,37.3801452368163,-7.0159102
"25","Mammals","Cynopterus_brachyotis",3.62167070442049,36.5,30,3.8607297110406,25.50736842,17,28.1,37.4646474220763,11.56950966
"26","Mammals","Desmodus_rotundus",3.38099467434464,35,29,3.54673968695281,22.90733558,4.1,28.5,37.6470163045463,-7.96283576
"27","Mammals","Diaemus_youngi",3.60004824040732,33,25,3.61899332664977,25.97058824,23.6,28.2,37.8929546766158,-7.44780527
"28","Mammals","Diphylla_ecaudata",3.32503602069659,33,26,3.65325227647079,23.27727273,15.7,26.5,37.8929546766158,-5.6044573
"29","Mammals","Dobsonia_anderseni",5.48645530866343,36.4,28,5.15905529921453,25.93333333,23.4,27,37.4767503609948,-5.026476
"30","Mammals","Dobsonia_praedatrix",5.19017520792833,37.1,26,4.95934199970871,25.86,23.7,26.9,37.3921936317355,-5.12186926
"31","Mammals","Eonycteris_spelaea",3.94352167248752,34,26,3.87120101090789,25.21271186,2.8,28,37.7695851350999,11.20391961
"32","Mammals","Glossophaga_longirostris",2.60268968544438,37.5,31.5,3.27714473299218,26.14433962,22.7,28.5,37.3440465934201,6.52541329
"33","Mammals","Glossophaga_soricina",1.91692261218206,36.5,31.4,2.87356463957978,24.37271523,10.3,28.5,37.4646474220763,-5.20015707
"34","Mammals","Hipposideros_galeritus",2.14006616349627,31.9,29,2.24070968927596,25.5875,20.3,27.3,38.0295953917258,8.79200489
"35","Mammals","Histiotus_velatus",2.41591377830105,32,25,2.30258509299405,20.41875,16,23.4,38.0171328010681,-17.40034259
"36","Mammals","Leptonycteris_curasoae",3.17805383034795,36,27,3.52929738428947,26.99090909,24.1,28.5,37.525240414834,8.03916559
"37","Mammals","Macroderma_gigas",4.67282883446191,35.6,30,4.54542018158232,26.76647399,21.5,28.8,37.573856110918,-18.26226431
"38","Mammals","Miniopterus_schreibersii",2.38967979984498,37.7,32.5,3.25809653802148,13.27241379,6.8,17.9,37.3200195407622,41.43511395
"39","Mammals","Molossus_molossus",2.74727091425549,36,32,3.11351530921037,24.55373665,14.3,28.3,37.525240414834,-7.55403424
"40","Mammals","Monophyllus_redmani",2.16332302566054,35.5,31,2.40694510831829,23.7402439,17.8,26.3,37.586029723784,20.29350596
"41","Mammals","Mormoops_blainvillei",2.15176220325946,33,30,2.07944154167984,23.87407407,21.1,26.2,37.8929546766158,20.28699118
"42","Mammals","Natalus_tumidirostris",1.68639895357023,34,28,2.11625551480255,23.94545455,14.8,27.3,37.7695851350999,7.01554418
"43","Mammals","Noctilio_albiventris",3.29583686600433,34.2,32,3.45315712059287,25.50238095,20,28.2,37.7450075622123,-6.81337993
"44","Mammals","Noctilio_leporinus",4.11087386417331,33.3,28,4.25985900069967,25.71481481,21.3,28.1,37.8558592731145,-6.25776415
"45","Mammals","Nyctimene_albiventer",3.4307561839037,35.9,28,3.27336401015227,25.25222222,19.3,27.3,37.5373825408379,-5.11781528
"46","Mammals","Peropteryx_macrotis",1.62924053973028,35,30.5,2.46809953147162,25.57080745,17.9,28.2,37.6470163045463,-5.40395059
"47","Mammals","Phyllostomus_discolor",3.51154543883102,34,25,3.86911550441687,25.43819876,12.6,28.3,37.7695851350999,-5.29861922
"48","Mammals","Phyllostomus_elongatus",3.57234563785798,36,25,3.65842024662923,26.03504274,19.2,28.3,37.525240414834,-6.20344259
"49","Mammals","Phyllostomus_hastatus",4.43319492124828,35,25,4.60716818865076,25.13584906,15.9,28.3,37.6470163045463,-6.05921165
"50","Mammals","Pteronotus_quadridens",1.58923520511658,32.8,30,1.80828877117927,24.48108108,20.4,26.4,37.9177253611569,20.28762237
"51","Mammals","Rhinonicteris_aurantia",2.1126345090356,36.1,32.5,2.78501124223834,27.13673469,24.3,28.9,37.5131061414582,-16.44726771
"52","Mammals","Rhinophylla_pumilio",2.2512917986065,36,30,2.92316158071916,25.55547445,21.3,27.2,37.525240414834,-4.55716555
"53","Mammals","Saccopteryx_bilineata",2.10413415427021,35.5,30,2.72785282839839,25.72868852,6.9,28.7,37.586029723784,-3.89663315
"54","Mammals","Sturnira_erythromos",2.76631910922619,34.4,25.5,3.68637632389582,16.54630542,5.2,25.6,37.7204619549535,-5.1573508
"55","Mammals","Sturnira_lilium",3.08648663682246,36.6,30,3.9740583963476,23.72422464,11.8,28.3,37.4525522978077,-18.97199576
"56","Mammals","Tonatia_bidens",3.31054301339402,37,28,4.00914971615887,21.88333333,15.1,25.4,37.4042497960533,-20.29007748
"57","Mammals","Uroderma_bilobatum",2.78501124223834,36.3,30,3.45315712059287,25.39327354,16.2,28.2,37.4888611221391,-6.76688357
"58","Mammals","Chaetophractus_vellerosus",7.01211529430638,34.4,30,5.72489143786644,18.33793103,13.2,25,37.7204619549535,-25.58783064
"59","Mammals","Dasypus_novemcinctus",8.10772006191053,34.5,28,6.69307580608006,20.85373665,10.8,28.4,37.7082011189532,-0.16238402
"60","Mammals","Euphractus_sexcinctus",9.01066917684711,34.2,26,7.12681048438774,22.89622642,16.8,26.5,37.7450075622123,-16.13807327
"61","Mammals","Zaedyus_pichiy",7.46164039220858,35.2,28,5.97431838827301,10.94605263,4.2,17.3,37.6225979382064,-40.79930337
"62","Mammals","Planigale_maculata",2.57261223020711,34.2,31,2.58021682959233,24.50197487,15.2,28.8,37.7450075622123,-19.83256739
"63","Mammals","Caluromys_derbianus",5.87773578177964,34,25,5.31566600488265,24.97755102,11.8,27.7,37.7695851350999,11.21421332
"64","Mammals","Chironectes_minimus",6.85224256905188,35.3,24.5,6.30755184406493,23.2137931,17.4,28.3,37.6104006297486,-5.24992838
"65","Mammals","Didelphis_marsupialis",7.19218205871325,35,25.5,6.41558783703468,24.3605042,14,28.4,37.6470163045463,-0.82370476
"66","Mammals","Didelphis_virginiana",8.08856180527623,34.8,22,6.97988987674134,16.42933071,6.1,28.5,37.6714663881992,32.38976875
"67","Mammals","Lutreolina_crassicaudata",6.69950034016168,35.8,27,6.00635315960173,19.08876404,13.2,26.6,37.5495325270948,-19.97811211
"68","Mammals","Marmosa_lepida",4.66343909411207,36.3,31,4.15261347034608,24.95,24.5,25.7,37.4888611221391,-2.83613926
"69","Mammals","Marmosa_robinsoni",4.80402104473326,34,26.5,4.58087749341905,25.68684211,15.1,28,37.7695851350999,8.67158594
"70","Mammals","Metachirus_nudicaudatus",5.8171111599632,35,27.5,5.32300997913841,23.69010989,17.3,28.3,37.6470163045463,-6.90014417
"71","Mammals","Monodelphis_brevicaudata",4.70953020131233,33.8,28,4.32413265625498,26.28571429,24.4,27.2,37.7941947361002,1.99855003
"72","Mammals","Philander_opossum",6.62140565176413,35.8,29.5,5.82304589548302,25.09313725,17.7,28,37.5495325270948,-4.11722893
"73","Mammals","Cercartetus_nanus",4.0943445622221,34.9,31,3.94352167248752,14.82527646,5.7,19.8,37.6592373778476,-35.91522939
"74","Mammals","Cercopithecus_mitis",9.0825070004663,37,5,8.16621626859214,19.67741935,-3,27.6,37.4042497960533,-8.47491717
"75","Mammals","Lagorchestes_conspicillatus",7.88608140177575,35.8,25,6.74664711858738,26.17877095,21.7,27.8,37.5495325270948,-18.29282657
"76","Mammals","Lasiorhinus_latifrons",10.1266311038503,34,25,7.91935619066062,17.15515873,15.8,19.1,37.7695851350999,-31.60795078
"77","Mammals","Macropus_giganteus",10.1735146897492,36.5,15,8.86418136976543,15.35436783,5.1,25.1,37.4646474220763,-28.47873087
"78","Mammals","Macropus_rufus",10.0562086395538,36.3,15,8.52373176825582,19.47937783,13.5,27.4,37.4888611221391,-25.42068295
"79","Mammals","Petaurus_breviceps",4.86753445045558,36.3,27,4.53903038348355,15.83748553,6.4,28.6,37.4888611221391,-19.60389236
"80","Mammals","Phascolarctos_cinereus",8.4690528160883,35.8,20,6.95492508345853,17.06457571,8.8,23.2,37.5495325270948,-27.87479717
"81","Mammals","Tarsipes_rostratus",2.30258509299405,36.6,28,3.36729582998647,16.65205882,14,20.3,37.4525522978077,-32.65178794
"82","Mammals","Atelerix_albiventris",6.10924758276437,35.2,30,4.98838968514894,24.75428571,14.5,29.2,37.6225979382064,6.99107739
"83","Mammals","Erinaceus_concolor",6.71259161417488,35.2,27.5,5.8499009827862,11.98,7.6,19.7,37.6225979382064,38.38486457
"84","Mammals","Heterohyrax_brucei",7.16006920759613,36.4,25,6.50608296911267,21.0875,13.7,27.4,37.4767503609948,-3.29463608
"85","Mammals","Sylvilagus_audubonii",6.55250788703459,38.25,28,6.12336961798792,14.82277819,-2,25.8,37.254104284669,34.62623679
"86","Mammals","Elephantulus_edwardii",3.90801498403061,37.6,32.5,3.99452422693989,17,13.9,18.5,37.3320292011132,-32.43907306
"87","Mammals","Macroscelides_proboscideus",3.65842024662923,36.23,35,3.95124371858143,17.63076923,14.9,20.6,37.4973433132263,-29.83475015
"88","Mammals","Colobus_guereza",9.28730141311231,37,5,8.04942705711069,18.54,7.2,25,37.4042497960533,4.85673274
"89","Mammals","Eulemur_fulvus",7.75362354655975,38.8,30,5.78320960828752,23.13636364,18.7,26.6,37.1884214593555,-16.68008576
"90","Mammals","Nycticebus_coucang",6.85992964949953,35.1,25,5.3858702635559,26.18571429,24.7,27.1,37.6348031605708,-0.28298035
"91","Mammals","Perodicticus_potto",6.83733281468559,36,25,5.85105239339124,23.40444444,17,26.5,37.525240414834,7.09104869
"92","Mammals","Abrothrix_andinus",3.54385368206368,39.3,27,4.16976120150686,4.809677419,-1.2,13.4,37.1289104632611,-22.16249724
"93","Mammals","Abrothrix_longipilis",3.74478708605223,36.5,27,4.0517849478033,8.497928437,2.5,17.2,37.4646474220763,-43.00707198
"94","Mammals","Akodon_azarae",3.40119738166216,37.7,30,3.93182563272433,17.28018018,12.2,23.3,37.3200195407622,-33.24486939
"95","Mammals","Ammospermophilus_leucurus",4.37197629882038,37.2,31,4.63472898822964,14.40039331,2.5,24.1,37.3801452368163,37.23388248
"96","Mammals","Aplodontia_rufa",6.44571981938558,38,26.5,5.62473926731575,8.919211823,-2.1,13.5,37.2840368768952,44.57260903
"97","Mammals","Apodemus_mystacinus",3.74478708605223,38.3,28,4.2570301444992,17.34117647,7.3,21.4,37.2481235326567,38.77651916
"98","Mammals","Auliscomys_boliviensis",4.34120464015363,36.9,23,4.70592008908823,4.105555556,1.2,8.9,37.4163137372873,-17.19476272
"99","Mammals","Baiomys_taylori",1.98787434815435,36,29,2.65324196460721,19.02684766,11.5,28.8,37.525240414834,27.26742528
"100","Mammals","Cabassous_centralis",8.06463647577422,33.6,27.5,6.51811430622086,23.31904762,17.9,28.3,37.8188364278596,10.38100238
"101","Mammals","Cannomys_badius",5.8406416573734,36,27,5.14749447681345,23.06153846,17.4,28,37.525240414834,19.7067452
"102","Mammals","Chaetodipus_hispidus",3.57794789340665,37.5,30.5,3.80220813942094,15.59776833,0.9,24.4,37.3440465934201,33.87446479
"103","Mammals","Chaetodipus_intermedius",2.68102152871429,35,33,2.74727091425549,15.60311457,7.4,23.3,37.6470163045463,32.41547374
"104","Mammals","Cryptomys_bocagei",4.54329478227,33.7,31.5,4.24276456734037,19.36666667,17.8,20.5,37.8065115667132,-13.35233217
"105","Mammals","Cryptomys_hottentotus",4.34380542185368,33.8,28,3.88156379794344,16.84545455,13.6,20.7,37.7941947361002,-31.98502736
"106","Mammals","Cryptomys_mechowi",5.58724865840025,34,29,5.07642303463426,20.67058824,18.8,23.4,37.7695851350999,-10.37758145
"107","Mammals","Ctenomys_talarum",4.83628190695148,36.1,25,4.78080275463125,15.03333333,13.7,16.3,37.5131061414582,-37.3993241
"108","Mammals","Cynomys_ludovicianus",7.01418522259798,37.2,30,6.04666270757274,11.62396396,0.1,19.2,37.3801452368163,39.58051499
"109","Mammals","Dasyprocta_leporina",7.89618060861549,38.3,20,7.35147909920739,26.02941176,23.8,26.9,37.2481235326567,-5.28350335
"110","Mammals","Dipodomys_deserti",4.66343909411207,36.8,28.5,4.52396013056255,18.76792929,6.8,24.2,37.4283854629648,34.66998304
"111","Mammals","Dipodomys_microps",4.04655389838575,36.4,27,4.20319896713418,11.38772563,2.9,18.8,37.4767503609948,39.42887389
"112","Mammals","Dolichotis_salinicola",7.38585107812521,38.4,28,6.5874122642908,23.92727273,20.1,25.2,37.2361677876615,-24.76158261
"113","Mammals","Geomys_bursarius",5.28320372873799,36.4,30,4.92652878479926,13.12935685,3.8,18.5,37.4767503609948,40.20709325
"114","Mammals","Geomys_pinetis",5.30826769740121,36.1,26,4.90749453517674,20.25944444,17.4,22.4,37.5131061414582,31.03770377
"115","Mammals","Georychus_capensis",5.26061549936403,36.4,26.3,4.73268350628705,16.66666667,16.4,17.5,37.4767503609948,-31.51303145
"116","Mammals","Gerbillurus_paeba",3.43817198445352,36,33.3,3.32143241319329,18.9942029,13.9,22.7,37.525240414834,-24.7023066
"117","Mammals","Gerbillus_andersoni",3.57794789340665,37,28,3.67376581630389,19.66666667,18.9,20.6,37.4042497960533,31.08661191
"118","Mammals","Gerbillus_nanus",3.33932197794407,38.8,33,3.09104245335832,23.25588235,14.6,29.6,37.1884214593555,24.58770204
"119","Mammals","Heterocephalus_glaber",3.66867674679642,32.3,32,3.07269331469012,23.09090909,18,26.2,37.9797939900014,5.22395712
"120","Mammals","Heteromys_anomalus",4.23844490619586,36,26,4.61015772749913,25.1962963,15.1,28.2,37.525240414834,9.17821767
"121","Mammals","Hydrochoerus_hydrochaeris",10.1811192891344,37.1,22,8.79482492801452,26.37986348,16.6,28,37.3921936317355,-10.7608627
"122","Mammals","Hystrix_africaeaustralis",9.31470038730042,37,24,7.7492793602831,19.77941176,13.9,27.5,37.4042497960533,-16.71909663
"123","Mammals","Isthmomys_pirrensis",4.94449549159171,37.5,30,4.81705054502359,21.97,19.7,24.3,37.3440465934201,7.81429957
"124","Mammals","Jaculus_jaculus",4.31079912538551,37,33,4.51743127168008,21.26971429,13.2,29,37.4042497960533,25.34636357
"125","Mammals","Jaculus_orientalis",4.9351930989294,37,28,4.9351930989294,19.11034483,18.1,19.9,37.4042497960533,34.48495015
"126","Mammals","Kerodon_rupestris",6.0913098820777,38.2,27,5.64509347830752,24.3,20.6,27,37.2600869575909,-9.33501291
"127","Mammals","Liomys_irroratus",3.87328217711172,36.63,31,3.98713047791495,20.31344697,10.4,26.1,37.4489252832524,21.77964823
"128","Mammals","Liomys_salvini",3.7796338173824,37.09,31,3.84801767545223,24.59651163,12.9,28.1,37.3933988984204,13.61218179
"129","Mammals","Loxodontomys_micropus",4.13196142579341,37.2,22,4.58292457704077,7.522794118,2.5,12,37.3801452368163,-42.94307332
"130","Mammals","Microtus_longicaudus",3.37279790714046,37.7,20,4.33598269617247,4.557239232,-9.9,17,37.3200195407622,50.61157202
"131","Mammals","Microtus_montanus",3.42718996193641,37.5,26,4.40182926197006,5.502188184,-3.4,18.5,37.3440465934201,42.51736403
"132","Mammals","Microtus_ochrogaster",3.5918177412708,37.8,25,3.69635146895264,10.51568938,-3.2,19.7,37.3080176049073,43.61526985
"133","Mammals","Myodes_gapperi",3.14845336057165,37.6,26.5,3.88156379794344,4.001387755,-9,12.9,37.3320292011132,50.94002033
"134","Mammals","Myoprocta_acouchy",6.81783057145415,35.4,25,6.21999357069853,25.84545455,23.7,27.2,37.5982112275027,1.66647172
"135","Mammals","Myopus_schisticolor",3.27336401015227,39,20.9,4.53796143629464,1.919895288,-13.2,6,37.1645941830721,60.45987709
"136","Mammals","Mystromys_albicaudatus",4.54095161366144,37.5,20,4.84261104200313,16.05,16,16.1,37.3440465934201,-29.69257054
"137","Mammals","Napaeozapus_insignis",3.03974915897077,37,31,4.52178857704904,5.341785714,-1,13.8,37.4042497960533,46.6678691
"138","Mammals","Notomys_alexis",3.47506723022861,37.7,32,3.81109708683819,22.08318401,18.2,27.1,37.3200195407622,-25.12432441
"139","Mammals","Ochrotomys_nuttalli",2.9704144655697,38.08,29.5,3.29953372788566,16.60251572,9.6,22.2,37.2744532154546,34.33190316
"140","Mammals","Octodon_degus",5.32787616878958,37.6,27,5.25540986553676,13.12857143,9.4,15.1,37.3320292011132,-32.1687991
"141","Mammals","Octodontomys_gliroides",5.02388052084628,37.2,25,4.87290462063018,10.10769231,5.5,13.9,37.3801452368163,-22.31543646
"142","Mammals","Otomys_irroratus",4.62497281328427,36.5,24,4.4414740933173,16.6,13.6,18.2,37.4646474220763,-33.01614249
"143","Mammals","Pedetes_capensis",7.74066440191724,36,23,6.60123011872888,20.30555556,16.9,22.8,37.525240414834,-19.41052749
"144","Mammals","Peromyscus_eremicus",3.06805293513362,36.6,29,3.45946628978613,17.91783905,3.5,25.8,37.4525522978077,29.81092618
"145","Mammals","Peromyscus_leucopus",3.05400118167797,36,27.5,3.56104608260405,13.02268298,0.4,27.6,37.525240414834,37.51544242
"146","Mammals","Peromyscus_truei",3.50254987592244,36.7,27,3.92789635458444,11.74201313,2.2,22.4,37.4404649806227,38.08634338
"147","Mammals","Phyllotis_darwini",4.07753744390572,37,27.5,4.26829786934554,13.646,3.9,17.6,37.4042497960533,-31.69377989
"148","Mammals","Priodontes_maximus",10.7186311024053,33.6,27,8.01555853435183,25.07083333,22,27.5,37.8188364278596,-6.92575033
"149","Mammals","Pseudomys_hermannsburgensis",2.50143595173921,37.5,31,3.14845336057165,22.1139505,15.8,27.6,37.3440465934201,-25.31320065
"150","Mammals","Rattus_fuscipes",4.86753445045558,37.4,28.1,4.95371214669663,14.61920876,3.9,24.1,37.356071725152,-32.62248171
"151","Mammals","Rattus_villosissimus",5.52385804246197,38.9,30,5.3958976948869,23.03421053,18.4,29,37.1765040033518,-22.3140969
"152","Mammals","Saccostomus_campestris",4.4236483093647,35.4,28,4.40305400186596,20.68,16.4,25.7,37.5982112275027,-17.97960419
"153","Mammals","Spalacopus_cyanus",5.18178355029209,36,26.5,4.71939133007811,12.79230769,1.2,16.7,37.525240414834,-32.40526113
"154","Mammals","Spalax_leucodon",5.33609473088207,37,25,5.07454861983991,10.25833333,7,11.7,37.4042497960533,43.85016173
"155","Mammals","Spermophilus_beecheyi",6.39626276622844,37.6,25,5.76142225410262,12.40571429,-1.3,18.9,37.3320292011132,38.78558641
"156","Mammals","Tachyoryctes_splendens",5.45361025095407,36.2,27,5.09681299033731,16.93085106,8.1,24.4,37.500979713095,4.68583802
"157","Mammals","Tamias_merriami",4.10758978897212,37,29,4.51305489708029,11.3,5.9,17.9,37.4042497960533,35.66247558
"158","Mammals","Thomomys_bottae",4.96284463025991,36,28,4.78832472908594,13.98537371,-0.5,25.4,37.525240414834,34.40815512
"159","Mammals","Thomomys_talpoides",4.66343909411207,35.5,26,4.94875989037817,5.416398243,-2.2,13.3,37.586029723784,46.18783308
"160","Mammals","Thomomys_umbrinus",4.44265125649032,34.6,27,4.28082412916472,16.52580645,5.8,25.5,37.6959482510022,25.03501495
"161","Mammals","Thrichomys_apereoides",5.77765232322266,37.6,25,5.33126846668772,25.53333333,22.6,27,37.3320292011132,-10.70002319
"162","Mammals","Tupaia_belangeri",4.61373341664858,39.4,30,4.93591174790032,22.86521739,14.7,25.3,37.117031112609,20.95964265
"163","Mammals","Tupaia_glis",4.81218435537242,37,30,4.53796143629464,26.18636364,19.3,27.4,37.4042497960533,5.09123261
"164","Mammals","Blarina_brevicauda",3.02042488614436,38,25,4.18965474202643,7.944458545,-0.4,16.5,37.2840368768952,44.58534639
"165","Mammals","Condylura_cristata",3.89182029811063,37.7,24.5,4.70320392625946,7.059836066,-0.7,19.5,37.3200195407622,46.99972787
"166","Mammals","Neurotrichus_gibbsii",2.46809953147162,38.7,25,3.83945231259331,9.648756219,2.6,14.2,37.2003465584285,44.54927232
"167","Mammals","Notiosorex_crawfordi",1.38629436111989,38,32,2.57261223020711,15.93242009,4.1,24.4,37.2840368768952,31.3424252
"168","Mammals","Scalopus_aquaticus",3.87120101090789,36,26,4.21508617991823,13.87509363,5.3,24.2,37.525240414834,36.95617739
"169","Birds","Buteo_buteo",6.91968384984741,39.8,13,6.47126379226885,8.64973302,-6.6,27.5,37.0695896285219,53.01150025
"170","Birds","Anas_castanea",6.18063757885104,41.5,24,5.7927086838506,16.01873679,6.2,24.8,36.8693089917239,-30.02219275
"171","Birds","Anas_rhynchotis",6.23048144757848,40.9,22,6.11522965444191,15.57114785,6.1,27.2,36.9397486841138,-29.62980911
"172","Birds","Aythya_novaeseelandiae",6.19113474223655,40,16,5.99520753338682,11.21071864,4.4,16.4,37.0459143357686,-42.11756564
"173","Birds","Hymenolaimus_malacorhynchos",6.57521530088853,41,12,6.29267963384235,7.85359116,3.8,12.8,36.9279900501224,-41.60276108
"174","Birds","Tadorna_variegata",7.0847292294495,40.2,22,6.35523922816194,11.82792627,2.2,16.4,37.0222692651857,-41.77349995
"175","Birds","Collocalia_esculenta",1.91692261218206,38.2,31.5,2.63188884013665,23.32429792,10.1,27.6,37.2600869575909,-0.20780923
"176","Birds","Aegotheles_cristatus",3.81903013857898,38.2,31,4.02356438016105,20.77836134,8.6,28.5,37.2600869575909,-25.6788972
"177","Birds","Caprimulgus_macrurus",4.22829253473184,38.1,26,3.97968165390196,25.56092437,12.8,28,37.2720580698665,7.67351078
"178","Birds","Caprimulgus_vociferus",3.8286413964891,37,25,4.02356438016105,8.184400657,0.6,26.7,37.4042497960533,42.22554879
"179","Birds","Chordeiles_minor",4.27666611901606,40,30,4.33073334028633,11.33253073,-7.4,28.3,37.0459143357686,45.12532841
"180","Birds","Eurostopodus_mystacalis",5.08759633523238,40.1,30,4.41521960202965,16.70429907,9.3,26.2,37.0340880263238,-27.20459461
"181","Birds","Phalaenoptilus_nuttallii",3.68887945411394,40.2,35,3.42100000895834,12.12772199,-3.7,24.3,37.0222692651857,37.21871899
"182","Birds","Podargus_strigoides",5.94096041493421,38.6,30,5.1806593230798,17.77615354,5.5,29.3,37.212279307926,-25.73221065
"183","Birds","Calidris_alpina",3.97029191355212,37.6,28.2,4.42124734782716,7.78689233,-7.9,30.7,37.3320292011132,68.2307901
"184","Birds","Calidris_minuta",3.36729582998647,39,28,3.97217692824789,18.76404959,-11.8,30.7,37.1645941830721,71.28894335
"185","Birds","Cepphus_grylle",5.83539536145809,39.9,7,6.25402110077903,5.061714633,-17.1,10.7,37.0577482007537,68.13485298
"186","Birds","Pluvialis_apricaria",5.01727983681492,38.9,18,5.3645731623251,3.827453952,-7.4,22.5,37.1765040033518,65.55715927
"187","Birds","Rissa_tridactyla",5.89989735358249,40.2,5,6.34528542206381,2.552265372,-20,5.8,37.0222692651857,60.91593097
"188","Birds","Uria_lomvia",6.70808408385307,39.6,2,6.77124803432747,0.3058706468,-22.4,9,37.0932952014259,67.89744873
"189","Birds","Bubulcus_ibis",5.70111224610032,40,25,5.14516618705386,20.3669335,6.2,30.2,37.0459143357686,5.66200283
"190","Birds","Egretta_thula",5.74939298590825,40.2,26,5.45403824154481,19.05407314,-1.9,29.2,37.0222692651857,3.56185943
"191","Birds","Egretta_tricolor",5.73334127689775,40.4,29,5.67846466667191,21.99967746,2.4,29.2,36.998654358941,18.58156979
"192","Birds","Colius_striatus",3.93182563272433,39,25,3.70376806660769,18.93370497,-3,27.6,37.1645941830721,-3.86980767
"193","Birds","Urocolius_macrourus",3.93769075217672,40.6,29,3.65065824129374,22.18789474,-3,29.6,36.9750695593496,9.38277437
"194","Birds","Columba_livia",6.1463292576689,41.6,23,5.51181454081044,10.21412346,-6.3,30.2,36.8575951524891,35.80776117
"195","Birds","Columba_vitiensis",6.14825459787217,39.9,22,5.51463769251412,22.8870229,13.9,27.3,37.0577482007537,-1.84217041
"196","Birds","Columbina_inca",3.72569342723665,40.2,32,3.80443779474821,20.94772614,5.4,29.1,37.0222692651857,26.20065241
"197","Birds","Ducula_bicolor",6.11589212548303,40.9,26,5.45830810285698,26.32307692,23.8,27.1,36.9397486841138,2.11268181
"198","Birds","Geopelia_cuneata",3.66356164612965,39,34,3.8264651170665,23.47319192,11.9,29.4,37.1645941830721,-23.58464484
"199","Birds","Geophaps_plumifera",4.48863636973214,40.5,33,4.28634138453947,23.59541705,17.6,29.4,36.9868581994132,-21.83062407
"200","Birds","Goura_cristata",7.7464735828613,40.9,19,6.59878147106273,26.35714286,25.6,27.2,36.9397486841138,-2.41723517
"201","Birds","Gymnophaps_albertisii",5.48728346606066,39.2,22,5.09067800176979,21.07317073,11.2,26.8,37.1407974203488,-4.88870671
"202","Birds","Hemiphaga_novaeseelandiae",6.07672439105881,40.4,20,5.7810521101475,11.66195715,4.2,16.4,36.998654358941,-41.80370785
"203","Birds","Leucosarcia_melanoleuca",6.14846829591765,40.7,24,5.66226579445327,16.55384615,6.9,22.7,36.9632884315627,-30.43981239
"204","Birds","Oena_capensis",3.58351893845611,39,32,3.74004774068834,19.95249451,6.1,30.7,37.1645941830721,0.78818336
"205","Birds","Ptilinopus_melanospilus",4.58496747867057,38.9,30,4.4320065669789,24.60731707,17.1,27,37.1765040033518,-2.04796085
"206","Birds","Dacelo_novaeguineae",5.8171111599632,37,20,5.25853649653619,16.19129544,5.1,26.6,37.4042497960533,-29.08737293
"207","Birds","Phoeniculus_purpureus",4.27930153215107,39.3,23.1,4.73444252169223,21.09110535,9,29.1,37.1289104632611,-2.75100654
"208","Birds","Guira_guira",4.9416424226093,40,27,5.2252088947274,20.96796043,8.8,27.6,37.0459143357686,-20.33933608
"209","Birds","Daptrius_ater",5.89164421182577,39.1,19.5,5.33030041240109,25.44166667,16.6,28.8,37.15269199118,-4.12693381
"210","Birds","Falco_rupicoloides",5.36597601502185,40,15,5.51141058200874,18.0796875,9.6,25.3,37.0459143357686,-18.04172249
"211","Birds","Alectoris_chukar",6.16331480403464,40.7,24,5.82156551031258,19.37304643,-2,24.4,36.9632884315627,39.51044024
"212","Birds","Callipepla_gambelii",4.83230575857184,40,34,4.86753445045558,18.55812119,4.9,25.9,37.0459143357686,33.00421662
"213","Birds","Coturnix_chinensis",3.80443779474821,39,27,4.14472076954717,20.94335664,9.2,29.3,37.1645941830721,8.65026174
"214","Birds","Coturnix_coturnix",4.57471097850338,41.8,16,5.03304888893316,11.22926512,-2.9,29,36.8341897896363,44.83688575
"215","Birds","Coturnix_japonica",5.11198778835654,39.5,25,5.54400488229714,9.778461538,-2.6,20.4,37.1051593610937,49.23433481
"216","Birds","Coturnix_pectoralis",4.56226268497681,41.6,27,4.69592454925656,16.34054428,4.7,26.9,36.8575951524891,-27.25474393
"217","Birds","Lagopus_leucura",5.78689738136671,39.9,6,6.00709180299368,-0.5246794872,-10.3,9.6,37.0577482007537,56.92714207
"218","Birds","Leipoa_ocellata",7.23705902612474,39.7,22,6.53842921748985,16.58453039,14.1,22.1,37.0814386263255,-30.15891591
"219","Birds","Aramides_cajanea",5.92505761491038,40.2,30,5.58086126114369,25.0583815,14.1,28.4,37.0222692651857,-9.40215891
"220","Birds","Gallinula_mortierii",6.86108287078371,39.4,15,6.30682258241,11.32826087,5.4,13.1,37.117031112609,-41.84264062
"221","Birds","Gallinula_tenebrosa",6.23910557002258,39.4,17,5.99769509685862,16.91580756,6.2,27.3,37.117031112609,-24.44672994
"222","Birds","Gallinula_ventralis",5.73398831671327,39.7,20,5.62654139431275,17.87253731,11.6,28.4,37.0814386263255,-27.17993119
"223","Birds","Gallirallus_australis",6.70134592665909,39,30,5.7509840761405,11.06597222,4.7,12.6,37.1645941830721,-42.60413465
"224","Birds","Gallirallus_owstoni",5.29229929422247,40.2,29,5.06069449396899,26.46153846,25.2,27.1,37.0222692651857,13.44329724
"225","Birds","Gallirallus_philippensis",5.14574876790343,40.6,28,5.12277279403311,20.63847102,8.9,27.5,36.9750695593496,-14.9026461
"226","Birds","Porphyrio_porphyrio",6.82361251086971,39.6,14,6.45551297931504,17.4792973,3.8,29.4,37.0932952014259,-2.62796515
"227","Birds","Porzana_cinerea",3.86911550441687,38.9,28,4.44382703557933,25.92568807,17.7,29.3,37.1765040033518,-3.62210376
"228","Birds","Acridotheres_cristatellus",4.76813901426623,41.4,25,4.78331637137157,20.15415959,6.8,27.5,36.8810302789571,26.1788305
"229","Birds","Actitis_hypoleucos",3.71600812150219,40.3,23.8,4.49869794147757,7.098428765,-15.8,30.7,37.0104580451298,55.58400785
"230","Birds","Aethopyga_christinae",1.64865862558738,39,27.6,3.21486780347066,21.71449275,17,24.2,37.1645941830721,19.1961013
"231","Birds","Aethopyga_siparaja",1.91692261218206,40.9,26,3.23080439573347,23.84732824,-1.1,27.5,36.9397486841138,14.37236169
"232","Birds","Amadina_fasciata",2.84490938381941,43.1,31,3.60549784517489,21.25303644,10,29.4,36.6827765193548,2.74737284
"233","Birds","Anthreptes_collaris",2.11625551480255,38.5,25,3.37416870927424,21.06472868,-3,27.6,37.2242197152124,-4.78831183
"234","Birds","Aphelocoma_coerulescens",4.365897252744,41.5,12.4,5.10836678258959,22.01417275,20.5,24.2,36.8693089917239,28.06832857
"235","Birds","Astrapia_stephaniae",4.99856271286199,41.4,26,5.62473926731575,16.11315789,8,21.6,36.8810302789571,-7.09520849
"236","Birds","Bombycilla_garrulus",4.17284762371004,40.5,18,4.96703165661412,5.281270915,-5.3,16.7,36.9868581994132,61.23886026
"237","Birds","Cardinalis_sinuatus",3.46573590279973,38.7,30,4.21064501791826,19.14578047,7.4,25.8,37.2003465584285,28.25550128
"238","Birds","Carduelis_flammea",2.68784749378469,40.48,13,4.09100566095659,4.813905393,-15.8,16.2,36.9892168295314,63.98800925
"239","Birds","Carduelis_pinus",2.62466859216316,38.8,23,4.08260930600368,8.511220602,-7.1,25.1,37.1884214593555,50.01162291
"240","Birds","Carduelis_tristis",2.54944517092557,39.3,23,3.95316494875932,10.5468882,-7.1,25.4,37.1289104632611,44.38270514
"241","Birds","Carpodacus_cassinii",3.31054301339402,39,22,4.06560209335645,7.30754386,-1.8,18.9,37.1645941830721,43.12001335
"242","Birds","Carpodacus_mexicanus",3.01553490085017,39,22,3.97968165390196,11.73133856,0.6,25.8,37.1645941830721,38.8810312
"243","Birds","Carpodacus_purpureus",3.52636052461616,39,30,4.98565930802608,10.30511504,-3.8,23.3,37.1645941830721,50.65474698
"244","Birds","Carpodacus_roseus",3.11351530921037,40.46,22.5,4.52720864451838,5.534146341,-6.6,12.1,36.9915757604858,58.85408047
"245","Birds","Coccothraustes_vespertinus",4.0943445622221,39,16,4.96563792816552,6.867267972,-7.1,23.3,37.1645941830721,47.21676068
"246","Birds","Coereba_flaveola",2.30258509299405,40.7,25,3.60549784517489,24.37066847,2.4,28.7,36.9632884315627,-6.95614871
"247","Birds","Corvus_corax",7.09257371597468,41,1,6.85277097064938,5.444035213,-18.1,26.5,36.9279900501224,54.80603775
"248","Birds","Cyanerpes_cyaneus",2.60268968544438,40.22,25,3.8458832029236,24.30724638,-0.9,28.3,37.019906418119,-2.30023223
"249","Birds","Emberiza_chrysophrys",2.76883167336207,40.58,25,4.01457959375324,6.655555556,-4.2,21.7,36.9774266861503,59.19154736
"250","Birds","Emberiza_citrinella",3.28840188751681,39.8,25,4.31748811353631,6.498689089,-4.2,21,37.0695896285219,55.02517184
"251","Birds","Emberiza_hortulana",3.1904763503465,39.5,32,4.27249074760558,5.611482687,-3.9,20,37.1051593610937,52.29405779
"252","Birds","Emberiza_pusilla",2.42480272571829,39.8,20,3.81109708683819,3.857989691,-13.2,24.8,37.0695896285219,62.68552358
"253","Birds","Emberiza_rutila",2.72785282839839,39.5,25,4.06560209335645,13.67073171,-4.2,26.3,37.1051593610937,55.33743029
"254","Birds","Emberiza_spodocephala",2.71469474382088,40.3,20,4.22537282462851,12.89315673,-10,24.8,37.0104580451298,52.61424656
"255","Birds","Eremiornis_carteri",2.50959926237837,39.1,30,3.52929738428947,23.09111111,19.3,27.8,37.15269199118,-21.83597005
"256","Birds","Eremophila_alpestris",3.25809653802148,42,26,4.03600898520914,4.259923482,-12.4,20.4,36.810814133733,53.87433383
"257","Birds","Erythrura_gouldiae",2.7408400239252,42.1,31.7,3.62167070442049,27.95833333,26.2,29.1,36.7991374282187,-16.45399371
"258","Birds","Estrilda_melpoda",2.01490302054226,43,35,3.11351530921037,25.1871118,7.6,29.6,36.6943794851999,3.00006091
"259","Birds","Hylophylax_naevioides",2.77881927199042,40,30,3.71600812150219,24.77660256,21,28.5,37.0459143357686,7.83633762
"260","Birds","Icterus_bullockii",3.52636052461616,40,27,4.46014441393783,13.05199426,-1.7,28.7,37.0459143357686,38.24701543
"261","Birds","Lanius_collaris",3.7796338173824,40,25,3.46573590279973,17.32837389,6.4,25.2,37.0459143357686,-12.41670557
"262","Birds","Lanius_excubitor",4.0943445622221,39.73,30,4.52936847257181,6.738779573,-5.3,29.4,37.0778831316989,40.8627733
"263","Birds","Lonchura_fuscans",2.2512917986065,38.9,30,2.84490938381941,26.0864,15.5,27.5,37.1765040033518,0.85528406
"264","Birds","Lophorina_superba",4.31214050720972,40.5,19,4.82269799851667,18.03043478,8,23.5,36.9868581994132,-1.12917044
"265","Birds","Loxia_curvirostra",3.38099467434464,39.5,15,4.46590811865458,5.126687858,-4.9,19.3,37.1051593610937,52.39080718
"266","Birds","Loxia_leucoptera",3.39450839351136,39.5,14,4.36182392735636,0.7181818182,-5.1,4.9,37.1051593610937,57.96914017
"267","Birds","Lullula_arborea",3.23867845216438,40,27.6,4.59005654817804,8.463120882,-1.8,24.9,37.0459143357686,47.91897897
"268","Birds","Manacus_vitellinus",2.7408400239252,37.9,26,3.69386699562498,25.65993266,22.2,27.7,37.2960233860985,7.2032859
"269","Birds","Manucodia_chalybatus",5.17727903817098,40.5,20,5.46425544409147,23.77272727,21.4,26.5,36.9868581994132,-6.87018669
"270","Birds","Manucodia_keraudrenii",5.13990762980039,40.4,25,5.32787616878958,23.428,17.2,26.6,36.998654358941,-5.71330076
"271","Birds","Nectarinia_bifasciata",1.82454929205105,39,24,2.76000994003292,24.12028986,17.4,27.6,37.1645941830721,-12.39840707
"272","Birds","Nectarinia_cuprea",1.96009478404727,41,31,3.23474917402449,21.90841121,7.2,28.1,36.9279900501224,-0.50798063
"273","Birds","Nectarinia_kilimensis",2.78501124223834,40,25,3.80443779474821,18.03903421,-3,24.7,37.0459143357686,-4.90623919
"274","Birds","Nectarinia_senegalensis",2.61739583283408,40,30,3.71600812150219,21.41428571,7.2,28.1,37.0459143357686,-3.63458716
"275","Birds","Nectarinia_venusta",2.02814824729229,40,25,3.25037449192757,19.8028436,8.9,29.1,37.0459143357686,-0.94953423
"276","Birds","Onychognathus_morio",4.85203026391962,39.1,15,5.399519247057,17.42334086,-3,26,37.15269199118,-12.54259731
"277","Birds","Onychognathus_tristramii",4.81218435537242,40.6,21.5,5.27811465923052,21.23189655,12.2,26.1,36.9750695593496,20.08608598
"278","Birds","Padda_oryzivora",3.21486780347066,42.5,31,3.93378449720966,25.5,25.5,25.5,36.7525045913066,13.90347867
"279","Birds","Paradisaea_raggiana",5.37388855339511,39.7,16,5.77672309905792,23.45454545,14.5,26.8,37.0814386263255,-7.67363309
"280","Birds","Paradisaea_rudolphi",5.05049682752139,40.5,17,5.5683445037611,18.30555556,15.2,20.8,36.9868581994132,-6.70876412
"281","Birds","Parotia_lawesii",4.97604384932664,39.1,17,5.32787616878958,18.16190476,16,22.7,37.15269199118,-6.86893294
"282","Birds","Parotia_wahnesi",5.10108519701833,39.7,22,5.40177607491627,20.6,20.6,20.6,37.0814386263255,-5.94643125
"283","Birds","Passer_domesticus",3.13549421592915,38.6,20,4.14472076954717,11.4,11.1,11.7,37.212279307926,31.93786072
"284","Birds","Phytotoma_rara",3.72810016726722,40.2,22,4.59005654817804,11.54710744,1.5,17.5,37.0222692651857,-41.83609674
"285","Birds","Pica_nuttalli",5.02322240960173,39.4,13.5,5.53101513066706,15.2693232,10.3,17.1,37.117031112609,37.61648867
"286","Birds","Pica_pica",5.06827507354267,39.5,21,5.32787616878958,6.85795977,-6.6,25.5,37.1051593610937,52.01883799
"287","Birds","Pipra_mentalis",2.50959926237837,37.9,26,3.51154543883102,25.08314607,21.1,26.7,37.2960233860985,12.94841715
"288","Birds","Ptiloris_magnificus",5.1896179496247,38.6,22,5.55334710672457,25.16355932,19.5,26.8,37.212279307926,-4.84454974
"289","Birds","Pycnonotus_sinensis",3.24259235148552,40.3,26.6,4.20319896713418,20.91814381,8.5,24.7,37.0104580451298,30.71009722
"290","Birds","Saltator_coerulescens",3.85014760171006,39.4,27,4.20319896713418,24.18347959,2.4,28.7,37.117031112609,-12.0516508
"291","Birds","Saltator_orenocensis",3.48737507790321,38.8,27.7,3.98898404656427,26.7625,19.1,28.3,37.1884214593555,8.86297222
"292","Birds","Sporophila_corvina",2.39789527279837,39.67,28.9,3.5234150143864,24.61148025,16.5,28,37.0849948029088,15.18300693
"293","Birds","Syrmaticus_ellioti",5.9616494620288,40.47,23,6.224162311227,15.93333333,13.3,19.9,36.9903962574005,27.22504682
"294","Birds","Taeniopygia_guttata",2.45958884180371,39.8,30,3.56671182013973,21.86519757,11.7,29.4,37.0695896285219,-8.98406248
"295","Birds","Thryothorus_ludovicianus",2.70136121295141,39.4,27,4.12228393091134,14.26125603,5,26.5,37.117031112609,35.20562839
"296","Birds","Zonotrichia_leucophrys",3.35340671782581,41,23,4.18965474202643,11.56453092,-15.2,25.4,36.9279900501224,58.62634724
"297","Birds","Zosterops_erythropleurus",2.21484617868604,40.58,25,3.70376806660769,13.76195652,-5.1,26.8,36.9774266861503,46.62439897
"298","Birds","Zosterops_lateralis",2.46809953147162,40.3,29,3.32143241319329,15.80299489,5.4,26.5,37.0104580451298,-31.52055248
"299","Birds","Anhinga_anhinga",6.94697599213542,39.7,26,6.30846267389382,22.01143178,16,29.2,37.0814386263255,-5.67688091
"300","Birds","Aulacorhynchus_prasinus",5.16307021714001,38.1,23,4.96214508493582,18.7586544,2.4,26.7,37.2720580698665,16.50263251
"301","Birds","Aulacorhynchus_sulcatus",4.88052660874924,38.8,23,4.75874927391639,19.7027027,14.3,26.6,37.1884214593555,10.25490003
"302","Birds","Pteroglossus_aracari",5.30181125580229,40.9,29,5.03043792139244,25.66938776,13.6,27.6,36.9397486841138,-5.54334432
"303","Birds","Ramphastos_dicolorus",5.79575375319501,39.2,20,5.38219885052874,18.70086207,11.4,23,37.1407974203488,-23.64657304
"304","Birds","Ramphastos_toco",6.36647044773144,39.1,17,6.03260649043916,23.46707566,17.5,27.5,37.15269199118,-17.48711664
"305","Birds","Ramphastos_tucanus",6.04096874201107,39.6,25,5.68357976733868,25.42244367,16.6,28.2,37.0932952014259,0.45625692
"306","Birds","Podiceps_nigricollis",5.75890177387728,39.6,15,5.90944071162939,12.86361257,5,27,37.0932952014259,41.90542443
"307","Birds","Fulmarus_glacialis",6.47850964220857,39.9,9,6.43358297286418,7.198407917,-17.1,14.2,37.0577482007537,62.70967504
"308","Birds","Oceanites_oceanicus",3.74242022104197,39.7,15,4.40915530206213,10.51014706,-7.9,27.9,37.0814386263255,-54.71925455
"309","Birds","Puffinus_pacificus",5.90536184805457,39.3,23,5.99296342323172,22.48213256,14.8,28.5,37.1289104632611,-0.78493273
"310","Birds","Amazona_viridigenalis",5.83188247728352,41.1,26.5,5.84122288377744,23.22083333,20.3,25.5,36.9162388997484,28.56249626
"311","Birds","Bolborhynchus_lineola",4.01998014693324,40.4,28,4.6737629774537,16.52022901,8.8,25.3,36.998654358941,5.47319845
"312","Birds","Cacatua_roseicapilla",5.6021188208797,39,22,5.48438190962083,19.28033827,11.1,28.8,37.1645941830721,-25.64981744
"313","Birds","Cyanoramphus_novaezelandiae",4.02713581252865,37.9,22,4.50313746042294,11.18716216,5.4,18.7,37.2960233860985,-40.84500811
"314","Birds","Neophema_elegans",3.73814569541685,40,21.2,4.60916220725763,15.889449,12.7,23.8,37.0459143357686,-31.99169005
"315","Birds","Neophema_pulchella",3.68887945411394,40,28.3,4.54542018158232,15.8806314,11.2,19.8,37.0459143357686,-32.37678572
"316","Birds","Neophema_splendida",3.71015158938948,40,26,4.50865928560725,18.265625,16.7,22.4,37.0459143357686,-30.1961764
"317","Birds","Aegolius_acadicus",4.77153172320332,39,24,4.76302827060367,8.554742249,-1.8,22.6,37.1645941830721,46.72258292
"318","Birds","Aegolius_funereus",4.86753445045558,39.4,10,5.2709461697519,3.114951574,-5.3,11.3,37.117031112609,57.03995965
"319","Birds","Athene_cunicularia",4.98838968514894,38,25,4.89634614769413,16.05709133,-1.4,28.4,37.2840368768952,3.12166111
"320","Birds","Bubo_virginianus",6.90775527898214,39.9,20.3,6.61566349804166,11.76297702,-7.6,29.1,37.0577482007537,33.38647183
"321","Birds","Glaucidium_gnoma",3.95124371858143,39,27,4.27249074760558,8.662847121,-3.2,16.3,37.1645941830721,42.5881359
"322","Birds","Megascops_asio",4.95229971708329,39,26,4.44382703557933,12.5304953,2.1,25.3,37.1645941830721,38.28942214
"323","Birds","Megascops_trichopsis",4.77912349311153,37,27,4.3732381286408,15.13024055,8.3,25.4,37.4042497960533,22.14167803
"324","Birds","Strix_occidentalis",6.34738920965601,38.5,17,6.1318784508232,10.16691358,-7.1,19.9,37.2242197152124,35.10096979
"325","Birds","Tyto_alba",6.27889658830455,37.8,22.5,5.73269381815062,13.14378711,2.5,29,37.3080176049073,3.19625151
"326","Birds","Archilochus_alexandri",1.19392246847243,40,27,2.09186406167839,15.04889414,-1.3,28.5,37.0459143357686,36.74821904
"327","Birds","Calypte_anna",1.50407739677627,42,33,2.484906649788,14.66617141,-7.1,24.6,36.810814133733,37.46715107
"328","Birds","Patagona_gigas",2.94968833505258,39,27,3.89589362349826,11.42297048,-0.5,19.2,37.1645941830721,-21.69849227
"329","Birds","Selasphorus_rufus",1.33500106673234,40,29,2.58776403522771,9.78749216,-7.1,25.9,37.0459143357686,51.14399428
"330","Birds","Selasphorus_sasin",1.30833281965018,40,30,2.4423470353692,15.23928699,1.9,25.2,37.0459143357686,37.98116885
"331","Birds","Stellula_calliope",1.09861228866811,40,36,2.29253475714054,7.083305228,-1.2,20,37.0459143357686,45.49851187
"332","Birds","Turnix_suscitator",4.06216566385787,39,33,4.19569705648239,25.26734694,13.1,28,37.1645941830721,17.35122886
"333","Birds","Ptilinopus_superbus",4.79081953287472,38.1,26,4.93087032562739,24.26176471,15.2,27.3,37.2720580698665,-15.86165343
"334","Mammals","Cricetulus_barabensis",3.44680789291421,37.9,27.5,4.23410650459726,-1.885,-4.9,3.4,37.2960233860985,46.02373589
"335","Birds","Gallicolumba_beccarii",4.2312037449393,40.7,23,4.50976000118343,18.8195122,13.4,27.2,36.9632884315627,-5.42598156
"336","Birds","Turdus_poliocephalus",4.19116874685764,39.7,15,4.92362391710663,19.85505051,7.2,26.1,37.0814386263255,-2.99180933
"337","Birds","Ifrita_kowaldi",3.36384159511839,36.8,17,4.11577984294217,16.09318182,8,20.7,37.4283854629648,-5.86530522
"338","Birds","Archboldia_papuensis",5.14341640533007,38.6,17,5.45830810285698,15.75384615,11.3,20.3,37.212279307926,-4.74280711
"339","Birds","Artamus_maximus",4.11414718951828,39.9,15,4.72915616576908,18.272,8,23.8,37.0577482007537,-5.24674554
"340","Birds","Melidectes_belfordi",4.19870457754634,38.8,19,4.89185175810629,15.87931034,10.3,21.6,37.1884214593555,-5.50647927
"341","Birds","Melidectes_fuscus",3.31054301339402,38.1,21,3.99452422693989,12.77,10.3,14.5,37.2720580698665,-5.16363068
"342","Birds","Aleadryas_rufinucha",3.68887945411394,38.5,12,4.38701417618492,16.68909091,8,20.9,37.2242197152124,-5.14633585
"343","Birds","Pachycephala_schlegelii",3.09104245335832,37.6,14,3.95316494875932,16.27647059,8,20.7,37.3320292011132,-5.3547887
"344","Birds","Pachycephala_soror",3.15273602236366,38.5,13,4.17592454921452,19.31408451,14.5,24.3,37.2242197152124,-5.45178385
"345","Birds","Paramythia_montium",3.69635146895264,37.5,15,4.30676415017333,14.43333333,10.3,20.9,37.3440465934201,-6.30320427
"346","Birds","Erythrura_trichroa",2.71469474382088,37.5,20,4.00733318523247,20.28773585,11.3,27.3,37.3440465934201,-4.47989234
"347","Birds","Oreostruthus_fuliginosus",2.78501124223834,35.8,20,3.49650756146648,13.44615385,9.6,16,37.5495325270948,-5.04714
"348","Birds","Tyto_tenebricosa",6.56526497003536,40.4,20,6.16919223489171,15.89564831,8.8,26.7,36.998654358941,-13.90797474
"349","Birds","Uroglaux_dimorpha",5.50125821054473,40.3,27,5.57025108203168,24.6,24.6,24.6,37.0104580451298,-4.2637051
"350","Birds","Ceyx_lepidus",2.70136121295141,38.4,27,3.48431228837266,25.225,19.3,27.3,37.2361677876615,-1.01376096
"351","Birds","Alcedo_azurea",3.44998754583159,38,19,3.75653810258775,19.61238095,6.1,29.4,37.2840368768952,-20.83108547
"352","Birds","Todiramphus_sanctus",3.72569342723665,39,25,4.01818320125654,17.9679499,5.5,29.4,37.1645941830721,-26.19585819
"353","Birds","Tanysiptera_sylvia",4.14472076954717,37.7,26,4.35156742718917,24.10310559,19.9,26.6,37.3200195407622,-17.05407504
"354","Birds","Melidora_macrorrhina",4.4414740933173,39.1,24,4.31615389052317,25.24262295,16.6,27.2,37.15269199118,-5.34331782
"355","Birds","Pitta_versicolor",4.4200447018614,39.9,20,4.62005879848184,18.85952122,11.3,26.4,37.0577482007537,-24.00998221
"356","Birds","Peneothello_sigillatus",3.04927304048202,38.9,11,4.0342406381524,12.8,10.4,14.6,37.1765040033518,-5.40141698
"357","Birds","Melipotes_fumigatus",4.05004430332552,38.6,11,4.83866002935645,16.81,8,22.2,37.212279307926,-5.41813083
"358","Birds","Melidectes_rufocrissalis",4.15731936138349,40,11,4.97742315989014,17.56666667,13.7,23.8,37.0459143357686,-5.97425235
"359","Birds","Philemon_buceroides",4.9452074887738,40.1,24,5.68221829674036,26.96243902,21.3,27.9,37.0340880263238,-9.07020893
"360","Birds","Melanocharis_versteri",2.66025953726586,35.4,10,3.85014760171006,16.56935484,8,24.1,37.5982112275027,-5.04156834
"361","Birds","Oreocharis_arfaki",3.10009228887823,40.1,23,4.0517849478033,17.69148936,12.6,24.3,37.0340880263238,-5.31433632
"362","Mammals","Tupaia_tana",5.54751845218154,37.3,25.5,5.2654842094528,24.91428571,20.9,27,37.3681046037879,0.81807005
"363","Mammals","Capromys_pilorides",7.87473912517181,35.7,24,6.40506315511287,25.25833333,24.8,26.2,37.5616903812399,21.6255144
"364","Mammals","Coendou_prehensilis",8.09559870137819,36.7,26,6.82975049333417,24.65,18.6,27.1,37.4404649806227,-8.06386476
"365","Mammals","Choloepus_hoffmanni",8.35467426191846,34.5,24,6.68336094576627,23.83939394,12.6,28.3,37.7082011189532,-3.65073537
"366","Birds","Lagopus_muta",6.14203740558736,42.3,-8.7,6.20050917404269,0.3185564436,-12.9,10.6,36.775806226806,65.52300326
"367","Birds","Estrilda_troglodytes",2.01490302054226,39.2,36,3.29583686600433,26.4875,22.3,28.3,37.1407974203488,11.80080075
"368","Birds","Apteryx_australis",8.05102220819068,39,10,6.72142570079064,8.87,5.7,9.6,37.1645941830721,-45.54887732
"369","Mammals","Canis_mesomelas",8.95156964301882,38,22,8.23217423638394,21.09158879,14.9,30.2,37.2840368768952,-10.48783669
"370","Mammals","Vulpes_vulpes",8.02617019494643,38.7,-10,7.31388683163346,9.326690665,-14.3,28.5,37.2003465584285,44.43394828
"371","Mammals","Leptailurus_serval",9.22226894284146,36.5,15,8.0519780789023,19.68,9,25.4,37.4646474220763,-3.49026794
"372","Mammals","Nasua_nasua",8.25582842728183,36.4,25,6.91829949285781,23.57802198,18.2,27.5,37.4767503609948,-9.6533832
"373","Mammals","Nasua_narica",8.20658361432075,38.6,25,7.0948985260553,22.42310757,9.6,27.1,37.212279307926,19.5422466
"374","Mammals","Potos_flavus",7.78322401633604,36.1,23,6.63068338564237,23.77638889,8.5,28.4,37.5131061414582,-4.32088564
"375","Mammals","Tadarida_brasiliensis",2.39789527279837,36,26.3,2.15176220325946,17.21009615,0.8,27.1,37.525240414834,2.83525717
"376","Mammals","Mormoops_megalophylla",2.80336038090653,36.9,33.5,3.19458313229916,22.57040816,11,28.1,37.4163137372873,18.02997521
"377","Mammals","Pteronotus_davyi",2.24070968927596,38.8,34.5,2.72785282839839,24.33604651,15.5,28.1,37.1884214593555,10.34838847
"378","Mammals","Pteronotus_parnellii",2.95491027903374,36.4,34,3.42426265459315,24.39532374,13.5,28.3,37.4767503609948,20.28762237
"379","Mammals","Pteronotus_personatus",2.63905732961526,37.5,34,3.13549421592915,25.13942308,15.5,28,37.3440465934201,1.4901461
"380","Mammals","Macroglossus_minimus",2.79728133483015,36.2,30.9,2.66722820658195,25.00322581,11.7,28.1,37.500979713095,-1.6746535
"381","Mammals","Pteropus_scapulatus",5.89164421182577,37,24,5.49100171037754,22.22584795,9.9,29.4,37.4042497960533,-22.84235941
"382","Mammals","Pteropus_poliocephalus",6.39359075395063,36.5,15,5.75858626669687,17.71097122,10.6,20.3,37.4646474220763,-31.78265916
"383","Mammals","Dobsonia_minor",4.30000279919529,36.5,27.5,4.30945594183905,25.89767442,21.9,27.2,37.4646474220763,-5.31084466
"384","Mammals","Melonycteris_melanops",3.9759363311718,34.9,28,3.76584049525006,25.67333333,21,26.9,37.6592373778476,-5.12419559
"385","Mammals","Syconycteris_australis",2.79116510781272,35.9,29.5,2.83026783382646,21.22832512,6.8,27.3,37.5373825408379,-7.67082489
"386","Mammals","Nyctophilus_geoffroyi",2.07944154167984,31.6,29.1,2.43361335540045,16.38242349,3.9,28.8,38.0670322370663,-26.15646697
"387","Mammals","Chalinolobus_gouldii",2.86220088092947,35.5,35,3.22684399451738,16.91158314,4,29.1,37.586029723784,-26.01504071
"388","Mammals","Myotis_lucifugus",1.79175946922805,37.2,32.5,2.37954613413017,6.81851145,-5.2,19.2,37.3801452368163,49.73120894
"389","Mammals","Dasycercus_cristicauda",4.48638664999812,36.9,30,3.83254680392635,22.4,21,22.9,37.4163137372873,-25.86949881
"390","Mammals","Planigale_gilesi",2.2512917986065,35.1,28,2.49815187653802,20.35970149,17,23.4,37.6348031605708,-29.12303818
"391","Mammals","Sminthopsis_crassicaudata",2.87356463957978,35.2,31,3.09693415406296,19.17176007,11.8,24.3,37.6225979382064,-28.70412544
"392","Mammals","Sminthopsis_macroura",3.09104245335832,36.4,31.3,3.15870110183213,22.24501574,15.3,28.6,37.4767503609948,-24.01795414
"393","Mammals","Acrobates_pygmaeus",2.63905732961526,34.7,34,2.71601837075139,15.879631,5.8,23.3,37.6837033433358,-28.52592177
"394","Mammals","Cercartetus_lepidus",2.53369681395743,33.7,29,2.93225985059842,13.86911765,5.7,16.6,37.8065115667132,-39.74646931
"395","Mammals","Cercartetus_concinnus",2.92316158071916,34.4,28,3.10548313751311,16.07320717,13.4,18.7,37.7204619549535,-33.05503837
"396","Mammals","Setonix_brachyurus",7.88382321489215,36.3,20,6.71332065430438,15.31081081,14.5,16.4,37.4888611221391,-34.18122399
"397","Mammals","Spilocuscus_maculatus",8.35467426191846,34.7,20.8,6.92755790627832,24.43454545,14.5,27.2,37.6837033433358,-5.67473034
"398","Mammals","Potorous_tridactylus",6.85646198459459,35.9,20,6.07993319509559,14.87802198,7.4,19.8,37.5373825408379,-34.69016282
"399","Mammals","Bettongia_gaimardi",7.63530388625941,35.6,10,6.85877509676042,10.97857143,5.2,13.1,37.573856110918,-41.7807281
"400","Mammals","Pseudocheirus_peregrinus",6.82110747225646,37.4,25,5.71241180135426,14.78468126,6.4,22.4,37.356071725152,-30.36964089
"401","Mammals","Petauroides_volans",6.90775527898214,35.4,18,6.07027572753227,14.34053552,4.7,22.9,37.5982112275027,-27.71262126
"402","Mammals","Crocidura_russula",2.42480272571829,34.7,27.5,3.10906095886099,11.89611336,1.3,18.6,37.6837033433358,42.82334004
"403","Mammals","Crocidura_suaveolens",1.87180217690159,35.1,27.5,2.9391619220656,12.24404762,4.5,20.6,37.6348031605708,45.03987662
"404","Mammals","Procavia_capensis",7.78322401633604,39,27,6.47389069635227,18.82,11.4,27.4,37.1645941830721,6.7919426
"405","Mammals","Lepus_alleni",8.12029131396856,37.9,25,7.32383056620232,20.7078125,14.3,25.3,37.2960233860985,28.98364182
"406","Mammals","Isoodon_obesulus",7.22983877815125,33.9,25,6.10590868149885,14.29650524,6.3,26.4,37.7818859281744,-36.17026541
"407","Mammals","Macrotis_lagotis",7.36327958696304,35,27,6.29913305349188,24.19691517,17.6,28.1,37.6470163045463,-21.68776328
"408","Mammals","Tamandua_tetradactyla",8.1605182474775,33.5,23,6.78615245722289,23.75533333,19.6,27.5,37.8311693273959,-9.7975432
"409","Mammals","Saimiri_sciureus",6.73316376825009,38,25,6.54376795032028,25.99423077,20.6,27.3,37.2840368768952,1.26489252
"410","Mammals","Tarsius_syrichta",4.7361984483945,33.8,32,4.34380542185368,25.825,19.4,27.5,37.7941947361002,8.39291907
"411","Mammals","Microtus_guentheri",3.7796338173824,38.3,30,4.38389987905556,13.18,7.7,18.9,37.2481235326567,38.62608686
"412","Mammals","Microtus_californicus",3.78418963391826,38.8,33,4.21833054200309,13.75529954,5,20.3,37.1884214593555,37.18420321
"413","Mammals","Microtus_arvalis",3.5234150143864,37,20,4.1174098351531,9.56040724,-3.5,14.2,37.4042497960533,51.4039966
"414","Mammals","Peromyscus_gossypinus",3.06805293513362,37.5,29.7,3.61037722595898,18.9319224,11.7,24.3,37.3440465934201,32.85361134
"415","Mammals","Neotoma_lepida",4.70320392625946,36.8,31,4.46705688385846,15.32047026,2.3,23.6,37.4283854629648,38.90125735
"416","Mammals","Oxymycterus_roberti",4.42484663185681,38.3,33,4.5110792625885,19.6,18.1,21.1,37.2481235326567,-17.32369856
"417","Mammals","Neofiber_alleni",5.55334710672457,37.1,25,5.37897526956549,21.52142857,19.3,24.2,37.3921936317355,28.32247439
"418","Mammals","Ondatra_zibethicus",6.91234473131594,37.4,15,6.46598919114764,8.737698898,-10.4,23.3,37.356071725152,53.0912967
"419","Mammals","Microtus_pinetorum",3.16968558067743,38.3,23,4.02356438016105,12.75641953,4.7,20.4,37.2481235326567,37.76356413
"420","Mammals","Lemmiscus_curtatus",3.41114771251532,37.1,25,3.91800507710569,5.964044944,-1.8,12.8,37.3921936317355,44.19327553
"421","Mammals","Microtus_richardsoni",4.38202663467388,38.7,22.5,5.15213485636996,2.515740741,-3.8,9.8,37.2003465584285,46.28351724
"422","Mammals","Peromyscus_californicus",3.90399083373088,36.4,27,4.06044301054642,14.56030989,6.3,21.8,37.4767503609948,34.48045737
"423","Mammals","Peromyscus_crinitus",3.03974915897077,35.7,29,3.4307561839037,14.27156398,2.5,23.2,37.5616903812399,38.81260035
"424","Mammals","Reithrodontomys_megalotis",2.06051353179432,36.8,32,3.02771531940704,12.7171875,-3.2,24,37.4283854629648,37.56496846
"425","Mammals","Graomys_griseoflavus",4.23988686751276,36.1,25.6,4.43045959219547,18.95508475,9,25.3,37.5131061414582,-30.88274217
"426","Mammals","Phodopus_sungorus",3.44361809754611,36.1,20,3.66688943622232,1.766666667,0.6,3.3,37.5131061414582,52.54617987
"427","Mammals","Microtus_pennsylvanicus",3.79997350161952,38.5,25,4.38701417618492,4.779559618,-11.1,16.5,37.2242197152124,54.00496696
"428","Mammals","Dipodomys_merriami",3.54673968695281,37,32,3.72906124374677,17.68373429,3.5,25.8,37.4042497960533,30.74598456
"429","Mammals","Dipodomys_panamintinus",4.04129534113228,36.9,33,4.13660552093661,13.13606911,3.4,21.6,37.4163137372873,36.72716557
"430","Mammals","Gerbillus_pusillus",2.53369681395743,34.6,31.4,2.60120710548416,14.8,14.8,14.8,37.6959482510022,4.14703434
"431","Mammals","Mus_musculus",3.1267605359604,36.7,27,3.56388296393925,15.5653793,-5.5,29.5,37.4404649806227,30.66
"432","Mammals","Gerbillurus_setzeri",3.8308129500026,37.6,32.2,3.61145830714535,19.8,19.7,20.1,37.3320292011132,-20.10092706
"433","Mammals","Gerbillurus_vallinus",3.65842024662923,37.4,33.1,3.54875494601977,19.4,16.6,21.1,37.356071725152,-27.6489597
"434","Mammals","Gerbillurus_tytonis",3.39785848039664,36.9,32.4,3.45600117370283,16,16,16,37.4163137372873,-24.979847
"435","Mammals","Thallomys_paedulcus",4.82591085268599,36.7,27.46,4.22683374526818,20.72592593,15.5,25.7,37.4404649806227,-12.45159994
"436","Mammals","Notomys_cervinus",3.53222564406856,38.5,33,3.73098063013257,23.01818182,22.4,24.1,37.2242197152124,-24.90748016
"437","Mammals","Gerbillus_pyramidum",4.68675017298051,36.1,30,4.28634138453947,23.12982456,19.4,29.5,37.5131061414582,19.55686187
"438","Mammals","Meriones_unguiculatus",4.15261347034608,38.2,30,4.18357569595004,2.297368421,-3.9,6.4,37.2600869575909,46.29202768
"439","Mammals","Aepyprymnus_rufescens",7.94449216393216,36.5,25,6.97447891102505,17.49839319,10.6,24.1,37.4646474220763,-24.18851841
"440","Mammals","Acomys_cahirinus",3.73766961828337,37.5,27,3.83297979808769,23.35714286,16,29.6,37.3440465934201,24.59122469
"441","Mammals","Steatomys_pratensis",3.31418600467253,34.1,28,3.58795353552398,21.74285714,15.5,25.7,37.7572923490511,-13.26026887
"442","Mammals","Tamiasciurus_hudsonicus",5.59098698051086,39.4,15,5.50776759073024,3.779150391,-9.7,14.2,37.117031112609,53.67636148
"443","Mammals","Spermophilus_lateralis",5.56145056607841,36.3,23,4.86368088113959,4.731688805,-3.3,14.5,37.4888611221391,42.94802295
"444","Mammals","Tamias_striatus",4.47049528266149,38.2,28.5,4.49980967033027,8.291000841,0,19.4,37.2600869575909,42.86037793
"445","Mammals","Tamias_minimus",3.51154543883102,37,26,3.93769075217672,3.847374923,-6.5,13,37.4042497960533,52.07093181
"446","Mammals","Neomys_fodiens",2.60268968544438,37.3,25,3.66867674679642,8.860043197,-1.4,15.2,37.3681046037879,54.43496104
"447","Mammals","Sorex_minutus",1.19392246847243,38.5,24,3.34638914516716,9.201643599,-3,15.3,37.2242197152124,55.81286258
"448","Mammals","Sorex_cinereus",1.6094379124341,38.4,25,3.48890296208126,1.684718393,-12.5,14.4,37.2361677876615,54.6078173
