Class,Species,Mass,Tb,Tlc,BMR,Species.Map,Longitude,Latitude,MeanTemp,MaxTemp,MinTemp
Birds,Buteo_buteo,1012,39.8,13,646.3,Buteo_buteo,40.62748451,53.01150025,5.365376282,23.36700287,-11.13405151
Birds,Anas_aucklandica,373.1,41.3,30,322.7,Anas_aucklandica,166.0977007,-50.73413851,7.104860687,10.13702011,4.404524994
Birds,Anas_castanea,483.3,41.5,24,327.9,Anas_castanea,139.4306833,-30.02219275,19.20899658,31.21498413,6.996964264
Birds,Anas_gracilis,393.7,41.3,30,572.7,Anas_gracilis,136.2963173,-23.68153003,21.82956238,32.17902832,10.4663208
Birds,Anas_rhynchotis,508,40.9,22,452.7,Spatula_rhynchotis,139.2699196,-29.62980911,19.57632599,31.40632935,7.2152565
Birds,Aythya_novaeseelandiae,488.4,40,16,401.5,Aythya_novaeseelandiae,172.1828024,-42.11756564,9.631904602,17.51305389,2.529754448
Birds,Hymenolaimus_malacorhynchos,717.1,41,12,540.6,Hymenolaimus_malacorhynchos,172.9412547,-41.60276108,9.535913086,17.65216522,2.256352425
Birds,Tadorna_variegata,1193.6,40.2,22,575.5,Tadorna_variegata,172.5966448,-41.77349995,10.09741364,17.88144226,3.096398544
Birds,Collocalia_esculenta,6.8,38.2,31.5,13.9,Collocalia_esculenta,121.1347599,-0.20780923,24.56939697,27.72643738,21.61083069
Birds,Collocalia_vanikorensis,11.6,38.9,30,20.6,Aerodramus_vanikorensis,135.5887378,-1.71755571,24.76337738,27.83138733,21.87357635
Birds,Aegotheles_cristatus,45.56,38.2,31,55.9,Aegotheles_cristatus,134.5153853,-25.6788972,22.04051361,33.63560791,9.155387115
Birds,Caprimulgus_macrurus,68.6,38.1,26,53.5,Caprimulgus_macrurus,110.5460965,7.67351078,24.55494843,30.53939819,17.20617981
Birds,Caprimulgus_vociferus,46,37,25,55.9,Antrostomus_vociferus,-86.10308875,42.22554879,9.318644714,27.08944702,-9.133220673
Birds,Chordeiles_minor,72,40,30,76,Chordeiles_minor,-101.0326441,45.12532841,7.01604538,25.58386841,-10.98618851
Birds,Eurostopodus_mystacalis,162,40.1,30,82.7,Eurostopodus_mystacalis,148.8141435,-27.20459461,19.14065552,29.1229187,7.9697258
Birds,Phalaenoptilus_nuttallii,40,40.2,35,30.6,Phalaenoptilus_nuttallii,-108.8017729,37.21871899,12.67836533,30.8520813,-3.662603378
Birds,Podargus_strigoides,380.3,38.6,30,177.8,Podargus_strigoides,134.4832661,-25.73221065,22.03520355,33.65738525,9.118055725
Birds,Calidris_alpina,53,37.6,28.2,83.2,Calidris_alpina,44.31375546,68.2307901,-8.287277222,13.91903687,-27.38712769
Birds,Calidris_minuta,29,39,28,53.1,Calidris_minuta,95.23263034,71.28894335,-10.58310394,13.23285522,-30.98305664
Birds,Cepphus_grylle,342.2,39.9,7,520.1,Cepphus_grylle,-4.90715031,68.13485298,-2.715514755,11.65619583,-16.37635803
Birds,Haematopus_ostralegus,385.4,39.1,19,524.4,Haematopus_ostralegus,64.89635957,52.86320714,4.553459167,25.03595428,-14.87565765
Birds,Pluvialis_apricaria,151,38.9,18,213.7,Pluvialis_apricaria,47.12246045,65.55715927,-2.603105164,17.17594147,-19.25396576
Birds,Rissa_tridactyla,365,40.2,5,569.8,Rissa_tridactyla,-41.86441661,60.91593097,-5.928869247,9.386087036,-20.27445068
Birds,Sterna_fuscata,176.75,39.3,28,137.7,Onychoprion_fuscatus,109.447168,-0.66931066,25.40913544,28.20855713,22.59625854
Birds,Uria_lomvia,819,39.6,2,872.4,Uria_lomvia,15.89515748,67.89744873,-7.845304108,8.144103241,-22.78360291
Birds,Bubulcus_ibis,299.2,40,25,171.6,Bubulcus_ibis,-2.62853328,5.66200283,20.71631012,30.81463013,10.45262451
Birds,Egretta_thula,314,40.2,26,233.7,Egretta_thula,-70.77517074,3.56185943,21.28148346,30.26524658,12.52391891
Birds,Egretta_tricolor,309,40.4,29,292.5,Egretta_tricolor,-78.54054006,18.58156979,23.25503693,30.0891449,15.87351227
Birds,Colius_colius,40.2,37,29,30.6,Colius_colius,20.64749751,-26.50123235,18.93390808,30.77155457,4.915765762
Birds,Colius_striatus,51,39,25,40.6,Colius_striatus,28.75967043,-3.86980767,22.61224518,30.46588135,15.38279419
Birds,Urocolius_macrourus,51.3,40.6,29,38.5,Urocolius_macrourus,26.48364296,9.38277437,26.03695068,35.55940247,16.42000732
Birds,Caloenas_nicobarica,613,40.9,25,312.1,Caloenas_nicobarica,127.4672836,-0.3390604,25.64744873,27.87153931,23.55863495
Birds,Columba_livia,467,41.6,23,247.6,Columba_livia,57.33300186,35.80776117,12.49271545,29.45316772,-4.035630035
Birds,Columba_vitiensis,467.9,39.9,22,248.3,Columba_vitiensis,136.130888,-1.84217041,23.63049316,26.63639526,20.69759064
Birds,Columbina_inca,41.5,40.2,32,44.9,Columbina_inca,-102.1658457,26.20065241,19.75423737,32.00371094,6.661286163
Birds,Drepanoptila_holosericea,198,39,27,142,Drepanoptila_holosericea,165.4993516,-21.342567,22.07404022,26.46757813,17.42329407
Birds,Ducula_bicolor,453,40.9,26,234.7,Ducula_bicolor,114.3179127,2.11268181,27.31261597,28.5123291,26.04737244
Birds,Ducula_pacifica,333.4,39.8,27.5,135.8,Ducula_pacifica,106.4151516,-16.84554225,23.99698486,26.57610779,21.34985199
Birds,Ducula_pinon,583.8,39.7,23,306.4,Ducula_pinon,140.3956369,-5.34816067,25.22392426,28.38179932,22.22250519
Birds,Ducula_pistrinaria,394.2,40.8,27,184.5,Ducula_pistrinaria,153.8940829,-6.30285776,24.93668823,26.59242249,23.26151123
Birds,Ducula_rubricera,418.8,40.8,24,234.7,Ducula_rubricera,154.4924625,-6.56646413,25.41362305,27.062854,23.75265808
Birds,Ducula_rufigaster,376.7,40.6,26,218.9,Ducula_rufigaster,140.5455138,-5.33332711,24.88505554,28.06706848,21.85475922
Birds,Ducula_zoeae,456.2,40.2,19,293,Ducula_zoeae,140.6505638,-5.38787536,24.60420074,27.7836792,21.57359009
Birds,Geopelia_cuneata,39,39,34,45.9,Geopelia_cuneata,135.0965452,-23.58464484,23.61835938,35.25291748,9.99441452
Birds,Geophaps_plumifera,89,40.5,33,72.7,Geophaps_plumifera,130.747905,-21.83062407,24.99239197,36.60036316,10.65389557
Birds,Goura_cristata,2313.4,40.9,19,734.2,Goura_cristata,132.4896933,-2.41723517,25.13594513,27.65427856,22.53437347
Birds,Gymnophaps_albertisii,241.6,39.2,22,162.5,Gymnophaps_albertisii,141.6188933,-4.88870671,21.83852539,24.80098877,18.9107193
Birds,Hemiphaga_novaeseelandiae,435.6,40.4,20,324.1,Hemiphaga_novaeseelandiae,172.5814276,-41.80370785,10.09093704,17.87727203,3.08679657
Birds,Leucosarcia_melanoleuca,468,40.7,24,287.8,Leucosarcia_melanoleuca,150.0790952,-30.43981239,16.95951843,26.73464966,6.631887054
Birds,Oena_capensis,36,39,32,42.1,Oena_capensis,23.97334157,0.78818336,24.37083282,34.88068542,12.77160568
Birds,Ptilinopus_melanospilus,98,38.9,30,84.1,Ptilinopus_melanospilus,119.0644728,-2.04796085,24.84422913,27.87137756,22.09373169
Birds,Ptilinopus_perlatus,196,39.5,24,182.6,Ptilinopus_perlatus,140.5214085,-5.36200949,24.92637177,28.09978943,21.90467377
Birds,Zenaida_macroura,91.4,40.5,30,111.4,Zenaida_macroura,-99.34666237,39.58659964,11.19497986,28.46677551,-5.381798553
Birds,Aceros_plicatus,1965,40.1,16,929.7,Rhyticeros_plicatus,141.2057689,-5.20306048,25.12948456,28.07209167,22.30995178
Birds,Dacelo_novaeguineae,336,37,20,192.2,Dacelo_novaeguineae,142.7781578,-29.08737293,19.16202545,30.4004303,7.777006531
Birds,Phoeniculus_purpureus,72.19,39.3,23.1,113.8,Phoeniculus_purpureus,20.5956325,-2.75100654,23.93525848,33.50973511,14.21230011
Birds,Todus_mexicanus,6.3,36.7,29,19.6,Todus_mexicanus,-66.47586937,18.22758554,25.49450226,27.54240417,23.38884125
Birds,Guira_guira,140,40,27,185.9,Guira_guira,-53.67814502,-20.33933608,22.29254608,30.18745422,13.87271118
Birds,Daptrius_ater,362,39.1,19.5,206.5,Daptrius_ater,-62.73807974,-4.12693381,24.84510345,29.58930054,20.68265991
Birds,Falco_rupicoloides,214,40,15,247.5,Falco_rupicoloides,25.43030065,-18.04172249,20.67472076,31.37329407,8.016874695
Birds,Falco_sparverius,116,40.2,25,113.8,Falco_sparverius,-87.82847325,21.83459149,11.89092026,26.49250488,-2.312990761
Birds,Alectoris_chukar,475,40.7,24,337.5,Alectoris_chukar,62.12056768,39.51044024,8.061357117,27.845578,-12.16485596
Birds,Callipepla_gambelii,125.5,40,34,130,Callipepla_gambelii,-111.9532431,33.00421662,18.49159393,35.32555542,2.427705002
Birds,Coturnix_chinensis,44.9,39,27,63.1,Synoicus_chinensis,108.9745656,8.65026174,23.75415497,30.89021606,15.41400909
Birds,Coturnix_coturnix,97,41.8,16,153.4,Coturnix_coturnix,52.17151982,44.83688575,7.196600342,25.79292908,-10.59352188
Birds,Coturnix_japonica,166,39.5,25,255.7,Coturnix_japonica,117.3679257,49.23433481,0.573225021,23.50124817,-24.90186615
Birds,Coturnix_pectoralis,95.8,41.6,27,109.5,Coturnix_pectoralis,134.6459732,-27.25474393,21.29577484,33.48850708,7.956201935
Birds,Lagopus_leucura,326,39.9,6,406.3,Lagopus_leucura,-129.6536698,56.92714207,-0.355868244,17.15126801,-15.78627167
Birds,Leipoa_ocellata,1390,39.7,22,691.2,Leipoa_ocellata,128.795413,-30.15891591,19.16326904,31.87529907,6.717757416
Birds,Syrmaticus_humiae,398.83,40.36,24.5,773.9,Syrmaticus_humiae,99.67520995,23.70954899,18.03597412,26.24138184,5.846533966
Birds,Aramides_cajanea,374.3,40.2,30,265.3,Aramides_cajaneus,-57.57229706,-9.40215891,24.28452911,30.06732788,18.65467072
Birds,Fulica_atra,387,39.6,20,404.9,Fulica_atra,82.55612514,36.33531499,8.633951569,27.43967285,-10.32545166
Birds,Gallinula_mortierii,954.4,39.4,15,548.3,Tribonyx_mortierii,146.996228,-41.84264062,10.79939041,18.77541809,4.598350525
Birds,Gallinula_tenebrosa,512.4,39.4,17,402.5,Gallinula_tenebrosa,141.1600172,-24.44672994,20.58739471,30.57858887,10.23832321
Birds,Gallinula_ventralis,309.2,39.7,20,277.7,Tribonyx_ventralis,134.2562365,-27.17993119,21.62967377,33.95655823,8.167049408
Birds,Gallirallus_australis,813.5,39,30,314.5,Gallirallus_australis,164.4876518,-42.60413465,9.427271271,16.54898224,3.094763184
Birds,Gallirallus_owstoni,198.8,40.2,29,157.7,Hypotaenidia_owstoni,144.7775835,13.44329724,26.98642578,28.31995544,25.62588501
Birds,Gallirallus_philippensis,171.7,40.6,28,167.8,Hypotaenidia_philippensis,139.6415066,-14.9026461,20.89630432,27.04726563,15.03630676
Birds,Megacrex_inepta,856.6,38.6,18,230.9,Megacrex_inepta,141.1692307,-5.59712328,25.79523926,29.3105835,22.61394958
Birds,Porphyrio_hochstetteri,2758.3,39,9,1185,Porphyrio_hochstetteri,167.5348868,-45.24074057,5.81456337,12.91639557,-0.712789106
Birds,Porphyrio_porphyrio,919.3,39.6,14,636.2,Porphyrio_porphyrio,80.11534214,-2.62796515,22.69922485,32.16429443,12.35571289
Birds,Porzana_cinerea,47.9,38.9,28,85.1,Amaurornis_cinerea,124.3301158,-3.62210376,25.1236618,29.35812378,20.67284851
Birds,Acridotheres_cristatellus,117.7,41.4,25,119.5,Acridotheres_cristatellus,109.4731187,26.1788305,17.61660004,28.69923401,4.015652847
Birds,Actitis_hypoleucos,41.1,40.3,23.8,89.9,Actitis_hypoleucos,80.74093472,55.58400785,0.301406956,22.69028168,-20.89985504
Birds,Aethopyga_christinae,5.2,39,27.6,24.9,Aethopyga_christinae,109.7435885,19.1961013,23.96951904,29.68930664,15.60773468
Birds,Aethopyga_siparaja,6.8,40.9,26,25.3,Aethopyga_siparaja,100.1501826,14.37236169,23.39731293,30.20339966,14.74808044
Birds,Amadina_fasciata,17.2,43.1,31,36.8,Amadina_fasciata,22.14942229,2.74737284,25.17326355,35.09850769,14.38199768
Birds,Anthreptes_collaris,8.3,38.5,25,29.2,Hedydipna_collaris,23.38858545,-4.78831183,22.83094177,29.91138916,16.23908844
Birds,Aphelocoma_coerulescens,78.72,41.5,12.4,165.4,Aphelocoma_coerulescens,-81.61063061,28.06832857,22.06602325,30.22250061,11.22126617
Birds,Astrapia_stephaniae,148.2,41.4,26,277.2,Astrapia_stephaniae,145.8533043,-7.09520849,16.42012024,19.67520294,13.10911713
Birds,Bombycilla_garrulus,64.9,40.5,18,143.6,Bombycilla_garrulus,27.65864955,61.23886026,-3.885441971,19.90389099,-26.00821228
Birds,Cardinalis_cardinalis,41,38.9,29,86.5,Cardinalis_cardinalis,-92.58040067,34.81984597,15.19074402,30.46808777,-0.713920355
Birds,Cardinalis_sinuatus,32,38.7,30,67.4,Cardinalis_sinuatus,-104.2762526,28.25550128,19.55450897,32.91542053,4.868673325
Birds,Carduelis_flammea,14.7,40.48,13,59.8,Acanthis_flammea,24.50109331,63.98800925,-6.709400177,16.46569366,-27.54086609
Birds,Carduelis_pinus,13.8,38.8,23,59.3,Spinus_pinus,-107.2614196,50.01162291,3.227913666,22.07598877,-14.80843201
Birds,Carduelis_tristis,12.8,39.3,23,52.1,Spinus_tristis,-97.05390995,44.38270514,7.73852005,26.4991333,-10.15715637
Birds,Carpodacus_cassinii,27.4,39,22,58.3,Haemorhous_cassinii,-114.1752701,43.12001335,6.840023804,26.74787598,-8.878936005
Birds,Carpodacus_mexicanus,20.4,39,22,53.5,Haemorhous_mexicanus,-100.5527913,38.8810312,11.69760895,28.89420471,-4.647847366
Birds,Carpodacus_purpureus,34,39,30,146.3,Haemorhous_purpureus,-99.99428056,50.65474698,3.156516647,21.78959351,-15.42136536
Birds,Carpodacus_roseus,22.5,40.46,22.5,92.5,Carpodacus_roseus,118.6390501,58.85408047,-6.346844101,20.63244476,-32.89641724
Birds,Cicinnurus_magnificus,82.3,40.4,20,135.8,Cicinnurus_magnificus,141.7392669,-5.24810502,22.69156647,25.55861511,19.78096924
Birds,Cicinnurus_regius,54,40.4,20,100.4,Cicinnurus_regius,139.9815878,-4.77713658,25.30273895,28.33514099,22.34781189
Birds,Cnemophilus_loriae,78.1,38.6,20,113.8,Cnemophilus_loriae,141.9550228,-5.4272108,16.01098633,19.27316437,12.86830292
Birds,Coccothraustes_vespertinus,60,39,16,143.4,Hesperiphona_vespertina,-102.5250744,47.21676068,4.792250824,23.21136322,-12.64361343
Birds,Coereba_flaveola,10,40.7,25,36.8,Coereba_flaveola,-57.24653,-6.95614871,24.40998688,30.13381042,19.03856812
Birds,Corvus_corax,1203,41,1,946.5,Corvus_corax,18.80658354,54.80603775,-0.541114187,20.74975281,-20.59115906
Birds,Cyanerpes_cyaneus,13.5,40.22,25,46.8,Cyanerpes_cyaneus,-63.36338381,-2.30023223,25.03519287,29.94064331,20.75734711
Birds,Cyanocitta_cristata,80.8,40.3,19,143.4,Cyanocitta_cristata,-90.68869182,42.96688443,8.984280396,27.01213989,-9.454955292
Birds,Emberiza_chrysophrys,15.94,40.58,25,55.4,Emberiza_chrysophrys,114.084182,59.19154736,-5.752801132,21.78197327,-33.0299408
Birds,Emberiza_citrinella,26.8,39.8,25,75,Emberiza_citrinella,53.52026481,55.02517184,2.769277763,22.29293365,-15.36118317
Birds,Emberiza_hortulana,24.3,39.5,32,71.7,Emberiza_hortulana,47.99411763,52.29405779,4.986567688,24.06360779,-12.77264862
Birds,Emberiza_pusilla,11.3,39.8,20,45.2,Emberiza_pusilla,104.7546261,62.68552358,-5.886658859,19.76255493,-29.64638367
Birds,Emberiza_rutila,15.3,39.5,25,58.3,Emberiza_rutila,110.5182314,55.33743029,-3.421856689,21.95623322,-29.89941711
Birds,Emberiza_spodocephala,15.1,40.3,20,68.4,Emberiza_spodocephala,118.3069201,52.61424656,-2.30999279,22.36082001,-28.4934845
Birds,Epimachus_meyeri,202.7,41,18,316.9,Epimachus_meyeri,141.9651755,-5.42812656,15.77642059,19.03982086,12.63402023
Birds,Eremalauda_dunni,20.6,40,31.5,47.8,Eremalauda_dunni,0.49860597,18.18176621,28.23703613,41.36264648,13.25862732
Birds,Eremiornis_carteri,12.3,39.1,30,34.1,Poodytes_carteri,130.3872566,-21.83597005,25.23639221,37.0578064,10.27394714
Birds,Eremophila_alpestris,26,42,26,56.6,Eremophila_alpestris,4.70502341,53.87433383,-0.612698984,21.49635315,-21.4950592
Birds,Erythrura_gouldiae,15.5,42.1,31.7,37.4,Chloebia_gouldiae,135.2527406,-16.45399371,26.38118896,34.92750549,15.67727051
Birds,Estrilda_melpoda,7.5,43,35,22.5,Estrilda_melpoda,8.91063659,3.00006091,24.61490173,31.0616333,19.05521393
Birds,Fringilla_montifringilla,21,40.4,25,66,Fringilla_montifringilla,91.64707836,60.66157298,-3.58780632,20.35473175,-26.00986633
Birds,Hylophylax_naevioides,16.1,40,30,41.1,Hylophylax_naevioides,-79.4905289,7.83633762,24.67816315,28.07869263,21.5171463
Birds,Icterus_bullockii,34,40,27,86.5,Icterus_bullockiorum,-110.6177279,38.24701543,11.89179993,30.34108276,-4.126922989
Birds,Icterus_galbula,34,39.8,27,86.5,Icterus_galbula,-91.75933288,43.64383922,8.580249023,27.00870972,-10.10511551
Birds,Lanius_collaris,43.8,40,25,32,Lanius_collaris,23.29398178,-12.41670557,20.80664063,29.81398315,11.41194839
Birds,Lanius_excubitor,60,39.73,30,92.7,Lanius_excubitor,43.77554193,40.8627733,13.32995911,31.05577087,-3.878443146
Birds,Lichenostomus_virescens,25,40,33,51.1,Gavicalis_virescens,133.9092199,-25.79530326,22.10581512,33.94491272,8.918029785
Birds,Lichmera_indistincta,10.1,40.4,30,36.3,Lichmera_indistincta,133.4046612,-23.00475897,23.43503113,34.26020813,10.80299988
Birds,Lonchura_fuscans,9.5,38.9,30,17.2,Lonchura_fuscans,114.193461,0.85528406,25.38868408,28.78049622,22.27366333
Birds,Lophorina_superba,74.6,40.5,19,124.3,Lophorina_superba,133.282064,-1.12917044,19.61243134,22.09988251,17.05048828
Birds,Loxia_curvirostra,29.4,39.5,15,87,Loxia_curvirostra,24.74296977,52.39080718,1.805650139,22.00601654,-18.01408844
Birds,Loxia_leucoptera,29.8,39.5,14,78.4,Loxia_leucoptera,-2.57958604,57.96914017,-1.993958282,20.71312103,-23.94734192
Birds,Lullula_arborea,25.5,40,27.6,98.5,Lullula_arborea,26.28639202,47.91897897,9.089731598,25.51649323,-5.331945038
Birds,Malurus_cyaneus,8.2,41,26,24.9,Malurus_cyaneus,147.1391611,-32.38625376,11.89714203,16.89535675,8.017230225
Birds,Manacus_vitellinus,15.5,37.9,26,40.2,Manacus_vitellinus,-77.58737106,7.2032859,25.29077148,27.77996826,23.02907715
Birds,Manucodia_chalybatus,177.2,40.5,20,236.1,Manucodia_chalybatus,144.0780211,-6.87018669,22.57036438,25.57962646,19.46256256
Birds,Manucodia_keraudrenii,170.7,40.4,25,206,Phonygammus_keraudrenii,140.681269,-5.71330076,26.77279358,28.37044373,24.9545105
Birds,Nectarinia_bifasciata,6.2,39,24,15.8,Cinnyris_bifasciatus,29.06935884,-12.39840707,22.06526031,30.3756134,13.49193115
Birds,Nectarinia_cuprea,7.1,41,31,25.4,Cinnyris_cupreus,17.53832136,-0.50798063,23.46762238,31.09247131,16.90966034
Birds,Nectarinia_kilimensis,16.2,40,25,44.9,Nectarinia_kilimensis,30.92803687,-4.90623919,19.75310669,27.13592834,13.05193329
Birds,Nectarinia_senegalensis,13.7,40,30,41.1,Chalcomitra_senegalensis,23.46500237,-3.63458716,23.19158936,32.25223694,14.48684082
Birds,Nectarinia_tacazze,13.5,41.4,25,42.1,Nectarinia_tacazze,37.75030765,7.60242521,16.90844879,24.81613312,9.772825623
Birds,Nectarinia_venusta,7.6,40,25,25.8,Cinnyris_venustus,26.14031315,-0.94953423,23.11152344,31.32962341,15.7677002
Birds,Onychognathus_morio,128,39.1,15,221.3,Onychognathus_morio,32.11651586,-12.54259731,20.20900269,29.20585327,10.47529755
Birds,Onychognathus_tristramii,123,40.6,21.5,196,Onychognathus_tristramii,43.81129924,20.08608598,23.73662567,36.59012756,10.15953674
Birds,Padda_oryzivora,24.9,42.5,31,51.1,Padda_oryzivora,111.5335561,13.90347867,21.7473114,29.25434265,13.17236328
Birds,Paradisaea_raggiana,215.7,39.7,16,322.7,Paradisaea_raggiana,144.9432178,-7.67363309,23.56986847,26.92873535,20.31646576
Birds,Paradisaea_rudolphi,156.1,40.5,17,262,Paradisornis_rudolphi,145.3363637,-6.70876412,17.55795746,20.78585663,14.3321991
Birds,Parotia_lawesii,144.9,39.1,17,206,Parotia_lawesii,145.3654339,-6.86893294,18.53439178,21.79643555,15.27425385
Birds,Parotia_wahnesi,164.2,39.7,22,221.8,Parotia_wahnesi,146.5143399,-5.94643125,19.84167786,22.45826874,17.25540619
Birds,Passer_domesticus,23,38.6,20,63.1,Passer_domesticus,14.91054497,31.93786072,10.35036163,27.39323425,-6.35885582
Birds,Phytotoma_rara,41.6,40.2,22,98.5,Phytotoma_rara,-71.82164952,-41.83609674,8.472937775,18.84326477,-0.298966622
Birds,Pica_nuttalli,151.9,39.4,13.5,252.4,Pica_nutalli,-121.1673332,37.61648867,15.87178955,31.73060303,3.602702713
Birds,Pica_pica,158.9,39.5,21,206,Pica_pica,61.25680192,52.01883799,4.255664063,24.36150665,-14.67854614
Birds,Pipra_mentalis,12.3,37.9,26,33.5,Ceratopipra_mentalis,-86.20104312,12.94841715,24.83850098,29.62237854,20.17476959
Birds,Ptiloris_magnificus,179.4,38.6,22,258.1,Lophorina_magnifica,139.3829914,-4.84454974,25.79011536,29.04785461,22.42023773
Birds,Pycnonotus_sinensis,25.6,40.3,26.6,66.9,Pycnonotus_sinensis,112.6570074,30.71009722,15.31339264,29.27772217,-1.223919487
Birds,Saltator_coerulescens,47,39.4,27,66.9,Saltator_coerulescens,-59.18879497,-12.0516508,24.24257355,30.3441803,18.10640106
Birds,Saltator_orenocensis,32.7,38.8,27.7,54,Saltator_orenocensis,-67.52317339,8.86297222,26.37880249,32.02076111,22.14195099
Birds,Sporophila_corvina,11,39.67,28.9,33.9,Sporophila_corvina,-88.70845619,15.18300693,23.92748108,29.3156189,18.7385376
Birds,Sturnus_sericeus,64.9,40.5,27.6,153,Spodiopsar_sericeus,111.9978954,27.10670363,17.72657776,30.11974792,2.964239311
Birds,Syrmaticus_ellioti,388.25,40.47,23,504.8,Syrmaticus_ellioti,114.6548843,27.22504682,17.54419861,31.10327454,1.984447479
Birds,Taeniopygia_guttata,11.7,39.8,30,35.4,Taeniopygia_guttata,121.9216043,-8.98406248,25.08443146,27.99847107,22.31320343
Birds,Thryothorus_ludovicianus,14.9,39.4,27,61.7,Thryothorus_ludovicianus,-87.93120763,35.20562839,15.68946075,30.47677612,0.040942112
Birds,Zonotrichia_leucophrys,28.6,41,23,66,Zonotrichia_leucophrys,-115.2514877,58.62634724,-3.117173195,18.62577057,-22.83344879
Birds,Zosterops_erythropleurus,9.16,40.58,25,40.6,Zosterops_erythropleurus,131.549301,46.62439897,2.509635353,24.42323151,-23.31330109
Birds,Zosterops_lateralis,11.8,40.3,29,27.7,Zosterops_lateralis,144.4230826,-31.52055248,17.29270782,27.8452179,7.114815521
Birds,Anhinga_anhinga,1040,39.7,26,549.2,Anhinga_anhinga,-61.44455185,-5.67688091,24.11323853,30.25333862,17.95963593
Birds,Phalacrocorax_auritus,1330,39.5,17.5,945,Nannopterum_auritum,-102.7717584,46.20605049,6.885202789,25.33742218,-10.67624817
Birds,Aulacorhynchus_prasinus,174.7,38.1,23,142.9,Aulacorhynchus_prasinus,-91.15154307,16.50263251,22.11705322,28.39346008,15.67907104
Birds,Aulacorhynchus_sulcatus,131.7,38.8,23,116.6,Aulacorhynchus_sulcatus,-66.52769686,10.25490003,23.2323349,27.45198975,19.43371277
Birds,Pteroglossus_aracari,200.7,40.9,29,153,Pteroglossus_aracari,-51.90428508,-5.54334432,24.84403992,30.4824585,20.43162842
Birds,Ramphastos_dicolorus,328.9,39.2,20,217.5,Ramphastos_dicolorus,-50.47003462,-23.64657304,21.13030853,28.3462677,12.25349731
Birds,Ramphastos_toco,582,39.1,17,416.8,Ramphastos_toco,-53.46413218,-17.48711664,23.49200745,30.39193115,15.90421906
Birds,Ramphastos_tucanus,420.3,39.6,25,294,Ramphastos_tucanus,-55.69445495,0.45625692,25.36457214,30.47599792,21.78076019
Birds,Selenidera_maculirostris,130.5,38.6,24,186.4,Selenidera_maculirostris,-47.42705865,-22.71996399,20.94033508,27.5955719,12.84620361
Birds,Podiceps_nigricollis,317,39.6,15,368.5,Podiceps_nigricollis,13.2806594,41.90542443,7.325719452,26.54291687,-10.98445511
Birds,Fulmarus_glacialis,651,39.9,9,622.4,Fulmarus_glacialis,-4.4504046,62.70967504,-5.189231491,8.556152344,-17.60047302
Birds,Oceanites_oceanicus,42.2,39.7,15,82.2,Oceanites_oceanicus,-15.45769974,-54.71925455,2.202235794,6.74125061,-2.411825943
Birds,Puffinus_pacificus,367,39.3,23,400.6,Ardenna_pacifica,12.60371815,-0.78493273,24.5394455,27.654422,21.20118103
Birds,Amazona_viridigenalis,341,41.1,26.5,344.2,Amazona_viridigenalis,-106.9864105,28.56249626,21.05428467,33.14730835,9.250307465
Birds,Bolborhynchus_lineola,55.7,40.4,28,107.1,Bolborhynchus_lineola,-82.27135888,5.47319845,17.66306,22.84020081,12.13597183
Birds,Cacatua_roseicapilla,271,39,22,240.9,Eolophus_roseicapilla,135.228629,-25.64981744,22.06378174,33.69759827,9.143170929
Birds,Cyanoramphus_auriceps,52.9,38.1,22,84.6,Cyanoramphus_auriceps,170.7679781,-43.0351268,8.421110535,16.11024475,1.512043953
Birds,Cyanoramphus_novaezelandiae,56.1,37.9,22,90.3,Cyanoramphus_novaezelandiae,171.2190451,-40.84500811,10.65001755,18.26255493,3.770658493
Birds,Cyanoramphus_unicolor,129.4,40.2,18,185.9,Cyanoramphus_unicolor,178.8017,-49.68617813,7.721799469,11.0291008,5.00773735
Birds,Neophema_elegans,42.02,40,21.2,100.4,Neophema_elegans,127.7396375,-31.99169005,18.07475128,30.45053101,7.316392517
Birds,Neophema_pulchella,40,40,28.3,94.2,Neophema_pulchella,148.835175,-32.37678572,16.60375366,28.32387695,5.02915802
Birds,Neophema_splendida,40.86,40,26,90.8,Neophema_splendida,132.7796595,-30.1961764,19.30715485,32.51827393,6.255779648
Birds,Nestor_meridionalis,369.3,39.7,15,368.5,Nestor_meridionalis,172.3915112,-41.40753121,9.72961731,17.31335754,3.001146889
Birds,Nestor_notabilis,836.9,39.5,5,763.9,Nestor_notabilis,170.311889,-43.37237047,7.563891602,15.46355591,0.383707762
Birds,Aptenodytes_patagonicus,11080,37.5,-5,3760.5,Aptenodytes_patagonicus,-14.54358535,-51.38758799,4.017121124,8.3623909,0.051437807
Birds,Spheniscus_humboldti,3870,39,2,1631.9,Spheniscus_humboldti,-73.77536609,-23.48450205,19.37302704,25.98580017,12.4429657
Birds,Aegolius_acadicus,118.1,39,24,117.1,Aegolius_acadicus,-103.0356056,46.72258292,5.517686081,23.6943512,-11.73349838
Birds,Aegolius_funereus,130,39.4,10,194.6,Aegolius_funereus,32.5286751,57.03995965,6.818496704,23.06345062,-3.992738724
Birds,Athene_cunicularia,146.7,38,25,133.8,Athene_cunicularia,-79.7982479,3.12166111,15.97737274,28.50160828,3.607749557
Birds,Bubo_virginianus,1000,39.9,20.3,746.7,Bubo_virginianus,-94.19105547,33.38647183,9.626869965,25.56358337,-5.939861298
Birds,Glaucidium_gnoma,52,39,27,71.7,Glaucidium_gnoma,-115.6211717,42.5881359,6.915952301,15.15412292,-0.452100134
Birds,Megascops_asio,141.5,39,26,85.1,Megascops_asio,-91.46580469,38.28942214,13.00196686,29.84861755,-4.092867661
Birds,Megascops_trichopsis,119,37,27,79.3,Megascops_trichopsis,-101.6123086,22.14167803,17.80600891,28.23093567,6.915388489
Birds,Micrathene_whitneyi,45,39,30,43.5,Micrathene_whitneyi,-108.0342268,30.02874358,20.27553253,34.83839417,5.122622681
Birds,Otus_leucotis,221.1,38.9,20,126.7,Ptilopsis_leucotis,17.9836893,10.42722755,26.38826599,36.17538757,16.98516846
Birds,Strix_occidentalis,571,38.5,17,460.3,Strix_occidentalis,-112.3243375,35.10096979,12.82918091,28.20150757,-0.82317915
Birds,Tyto_alba,533.2,37.8,22.5,308.8,Tyto_alba,1.16608728,3.19625151,20.57897797,30.91392212,10.09989548
Birds,Archilochus_alexandri,3.3,40,27,8.1,Archilochus_alexandri,-110.7402237,36.74821904,13.42601776,31.24423218,-2.426781845
Birds,Calypte_anna,4.5,42,33,12,Calypte_anna,-118.4146319,37.46715107,15.46763306,31.21212769,2.639811897
Birds,Patagona_gigas,19.1,39,27,49.2,Patagona_gigas,-69.98077404,-21.69849227,8.342356873,17.34768066,-2.140505791
Birds,Selasphorus_rufus,3.8,40,29,13.3,Selasphorus_rufus,-123.615905,51.14399428,3.670484161,20.31533508,-9.519477081
Birds,Selasphorus_sasin,3.7,40,30,11.5,Selasphorus_sasin,-122.2793424,37.98116885,13.76144409,23.83555756,5.647987747
Birds,Stellula_calliope,3,40,36,9.9,Selasphorus_calliope,-117.3624084,45.49851187,6.299271774,25.31893158,-8.36419754
Birds,Turnix_suscitator,58.1,39,33,66.4,Turnix_suscitator,95.23511434,17.35122886,24.1739151,32.31123962,14.52961426
Birds,Ducula_radiata,333.6,40.6,22,252.2,Ducula_radiata,121.1636479,-1.90316484,23.34396667,26.46921997,20.72141418
Birds,Ptilinopus_superbus,120.4,38.1,26,138.5,Ptilinopus_superbus,144.9189038,-15.86165343,21.73971863,27.66471252,15.53070984
Birds,Gallicolumba_beccarii,68.8,40.7,23,90.9,Pampusana_beccarii,142.2225904,-5.42598156,16.98139496,20.17502136,13.87641144
Birds,Psittacella_brehmii,99.8,37.4,20,141.7,Psittacella_brehmii,142.0183229,-5.34950253,15.25716248,18.46441803,12.14687042
Birds,Ninox_theomacha,151,41.2,22,187.7,Ninox_theomacha,140.5892102,-4.76071313,23.50076599,26.51368713,20.51593323
Birds,Turdus_poliocephalus,66.1,39.7,15,137.5,Turdus_poliocephalus,129.6704081,-2.99180933,18.97493744,22.25930786,15.84373474
Birds,Ifrita_kowaldi,28.9,36.8,17,61.3,Ifrita_kowaldi,143.2621308,-5.86530522,14.60207977,17.81791229,11.46327057
Birds,Archboldia_papuensis,171.3,38.6,17,234.7,Archboldia_papuensis,140.4766141,-4.74280711,14.92540894,18.18200836,11.88959961
Birds,Cnemophilus_macgregorii,87.1,39.2,15,133.3,Cnemophilus_macgregorii,147.2335314,-8.35766752,12.82986298,16.30474091,9.053798676
Birds,Artamus_maximus,61.2,39.9,15,113.2,Artamus_maximus,141.8667307,-5.24674554,18.20484924,21.39590912,15.08977051
Birds,Melidectes_belfordi,66.6,38.8,19,133.2,Melidectes_belfordi,142.1809283,-5.50647927,15.19943237,18.46207581,12.05392532
Birds,Melidectes_fuscus,27.4,38.1,21,54.3,Melionyx_fuscus,141.2396923,-5.16363068,13.37415924,16.63356476,10.26752396
Birds,Ptiloprora_guisei,20.2,36.4,15,51.3,Ptiloprora_guisei,145.3261833,-6.62268636,15.41339111,18.57518311,12.26314011
Birds,Crateroscelis_robusta,17.3,37,11,47.3,Origma_robusta,141.6696797,-5.17167434,16.32117767,19.47223206,13.25659485
Birds,Sericornis_papuensis,9.8,35.3,15,26.9,Aethomyias_papuensis,141.554629,-5.1653235,14.31015472,17.52082214,11.21684418
Birds,Sericornis_perspicillatus,8.5,37.8,19,29.3,Aethomyias_perspicillatus,142.3932501,-5.46978709,16.50165863,19.72761993,13.36315918
Birds,Aleadryas_rufinucha,40,38.5,12,80.4,Aleadryas_rufinucha,141.7150055,-5.14633585,16.08604889,19.23014374,13.03563538
Birds,Pachycephala_schlegelii,22,37.6,14,52.1,Pachycephala_schlegelii,142.031051,-5.3547887,15.21409149,18.38903961,12.13919983
Birds,Pachycephala_soror,23.4,38.5,13,65.1,Pachycephala_soror,142.1604887,-5.45178385,19.41774445,22.59039459,16.31138458
Birds,Devioeca_papuana,12.9,34.5,17,37.3,Devioeca_papuana,141.3721193,-5.05729829,16.16620483,19.33802185,13.08486786
Birds,Rhipidura_albolimbata,10.3,36.2,19,53.9,Rhipidura_albolimbata,141.9693993,-5.30250759,15.7381485,18.91916504,12.65212936
Birds,Rhipidura_atra,11,38.3,13,46.2,Rhipidura_atra,141.8610716,-5.30458681,18.08509216,21.25713196,14.98010254
Birds,Toxorhamphus_poliopterus,12.2,36.9,16,31.7,Toxorhamphus_poliopterus,142.7413017,-5.79840592,19.56318817,22.83180084,16.3779892
Birds,Paramythia_montium,40.3,37.5,15,74.2,Paramythia_montium,144.5391482,-6.30320427,14.43652649,17.6161377,11.295401
Birds,Erythrura_trichroa,15.1,37.5,20,55,Erythrura_trichroa,137.1670093,-4.47989234,22.7343811,25.66899719,19.8946228
Birds,Oreostruthus_fuliginosus,16.2,35.8,20,33,Oreostruthus_fuliginosus,140.9179044,-5.04714,12.34338303,15.59380188,9.264871216
Birds,Tyto_tenebricosa,710,40.4,20,477.8,Tyto_tenebricosa,144.0912843,-13.90797474,20.94484406,26.12607422,15.70031586
Birds,Uroglaux_dimorpha,245,40.3,27,262.5,Uroglaux_dimorpha,138.3378679,-4.2637051,24.70904999,27.48486328,21.81755066
Birds,Ceyx_lepidus,14.9,38.4,27,32.6,Ceyx_lepidus,128.5875349,-1.01376096,25.16236877,26.90918274,23.35957642
Birds,Alcedo_azurea,31.5,38,19,42.8,Ceyx_azureus,141.7706878,-20.83108547,28.41682739,38.11069641,16.12250366
Birds,Todiramphus_sanctus,41.5,39,25,55.6,Todiramphus_sanctus,137.6899406,-26.19585819,21.5165802,32.58653259,9.438887787
Birds,Tanysiptera_galatea,50.7,37.7,15,51.2,Tanysiptera_galatea,139.3314939,-4.92983537,25.00430756,28.0702301,22.07744293
Birds,Tanysiptera_sylvia,63.1,37.7,26,77.6,Tanysiptera_sylvia,146.2916375,-17.05407504,23.47100983,29.71599121,16.14332886
Birds,Melidora_macrorrhina,84.9,39.1,24,74.9,Melidora_macrorrhina,140.7527965,-5.34331782,24.76164703,27.94530334,21.72556305
Birds,Dacelo_gaudichaud,138.5,39.4,25,103.9,Dacelo_gaudichaud,140.437427,-5.3111932,24.82563934,27.98156738,21.82016449
Birds,Pitta_versicolor,83.1,39.9,20,101.5,Pitta_versicolor,148.7746318,-24.00998221,20.52869873,28.56392212,11.34798203
Birds,Sericornis_nouhuysi,16.1,37.4,10,46.7,Sericornis_nouhuysi,141.7550984,-4.95297597,17.25523834,20.35692749,14.22432098
Birds,Peneothello_sigillatus,21.1,38.9,11,56.5,Peneothello_sigillata,141.985126,-5.40141698,14.05687561,17.31614075,10.92954254
Birds,Peneothello_cyanus,23.8,37.8,11,62.6,Peneothello_cyanus,142.1935693,-5.42639201,17.43311005,20.6377243,14.31013031
Birds,Pitohui_nigrescens,70.5,38.3,13,149.5,Melanorectes_nigrescens,142.1553159,-5.38874303,17.31382599,20.49570618,14.21809387
Birds,Ptiloprora_perstriata,24.7,36.5,10,62,Ptiloprora_perstriata,140.6208758,-4.85031415,15.1839035,18.43513641,12.10888138
Birds,Melipotes_fumigatus,57.4,38.6,11,126.3,Melipotes_fumigatus,141.9848716,-5.41813083,16.026091,19.26248016,12.90042572
Birds,Melidectes_rufocrissalis,63.9,40,11,145.1,Melidectes_rufocrissalis,144.081224,-5.97425235,16.74035645,19.91569366,13.64726715
Birds,Philemon_buceroides,140.5,40.1,24,293.6,Philemon_buceroides,139.5333118,-9.07020893,25.12545624,29.52365112,20.53750153
Birds,Melanocharis_versteri,14.3,35.4,10,47,Melanocharis_versteri,141.3716216,-5.04156834,16.06264801,19.2270401,12.98563538
Birds,Oreocharis_arfaki,22.2,40.1,23,57.5,Oreocharis_arfaki,142.0038943,-5.31433632,17.00354767,20.19450836,13.90832825
Birds,Spilopelia_senegalensis,108,38.2,29.1,152.3,Spilopelia_senegalensis,38.23651655,13.63995135,22.02112885,35.0276062,8.900221252
Birds,Lagopus_muta,465,42.3,-8.7,493,Lagopus_muta,24.07194511,65.52300326,-9.077298737,14.12752075,-29.95217896
Birds,Estrilda_troglodytes,7.5,39.2,36,27,Estrilda_troglodytes,10.64532741,11.80080075,26.86808472,37.37062073,17.09882202
Birds,Eudyptula_minor,1100,39,16,574.5,Eudyptula_minor,155.1379682,-39.10383612,13.40886688,19.96263885,7.692649841
Birds,Apteryx_australis,3137,39,10,830,Apteryx_australis,167.4276454,-45.54887732,7.666210938,13.59786987,2.284483719
Mammals,Setifer_setosus,530,32.2,28,122.4,Setifer_setosus,46.69824178,-19.3851705,22.87586212,31.34170227,12.74758377
Mammals,Pecari_tajacu,20000,38,28,5800,Pecari_tajacu,-63.94473388,-4.81875789,23.91321869,32.33409119,15.25331879
Mammals,Philantomba_monticola,4200,39.1,25,1806,Philantomba_monticola,23.12027642,-4.69192096,23.07702789,30.91519165,14.58753052
Mammals,Raphicerus_campestris,9600,39,30,3696,Raphicerus_campestris,24.37338002,-20.97527672,19.87910614,31.46356812,5.778361511
Mammals,Tragulus_javanicus,1618,38.4,26.6,872.1,Tragulus_javanicus,110.1621326,-7.34599234,24.86985779,30.92860718,18.65980988
Mammals,Ailurus_fulgens,5740,37.6,25,878.2,Ailurus_fulgens,96.57000401,28.60568736,8.826004791,20.07624207,-6.206513977
Mammals,Arctictis_binturong,14280,36,27,1128.1,Arctictis_binturong,103.8412859,11.20716331,23.88753204,30.94351196,15.37490845
Mammals,Arctogalidia_trivirgata,2010,36.2,19,552.8,Arctogalidia_trivirgata,104.611795,9.88905923,24.20433502,30.96541443,16.29441223
Mammals,Canis_latrans,10000,36,22,2700,Canis_latrans,-105.7310129,43.96565408,7.104070282,26.68287354,-12.06979141
Mammals,Cerdocyon_thous,5444,38.6,25,1497.1,Cerdocyon_thous,-54.69446428,-12.65999419,23.41024017,31.83175049,14.63090973
Mammals,Eira_barbara,2950,38.4,26,1221.3,Eira_barbara,-62.48591995,-5.6772246,24.41397247,31.97537842,16.58681641
Mammals,Fossa_fossana,2260,37.9,26,906.3,Fossa_fossana,48.5645889,-17.76650973,20.63896942,28.36256409,12.19008942
Mammals,Galerella_sanguinea,540,38.7,26,410.4,Herpestes_sanguineus,22.62258966,-2.33043471,23.84947205,33.66744385,13.1270401
Mammals,Genetta_tigrina,1698,38.5,26,747.1,Genetta_tigrina,24.63647935,-32.56048916,16.08509979,27.05687256,4.279943848
Mammals,Martes_americana,900,37,26,594.9,Martes_americana,-111.4387926,56.65092482,-2.580058098,20.05983582,-25.17794342
Mammals,Nandinia_binotata,4270,37.4,27,862.5,Nandinia_binotata,18.52021627,-0.43982519,24.02195129,31.46906738,16.60503082
Mammals,Paradoxurus_hermaphroditus,2910,36.5,27,797.3,Paradoxurus_hermaphroditus,94.7684875,16.52080307,23.46756287,33.25578308,12.65838318
Mammals,Spilogale_putorius,624,36.5,30,312,Spilogale_putorius,-93.76783944,37.72619846,12.74302521,31.70750122,-6.779515839
Mammals,Suricata_suricatta,850,36.3,30,310.3,Suricata_suricatta,21.37610706,-26.09116101,18.30728302,31.24753113,2.929589081
Mammals,Vulpes_macrotis,1868,38,22,1143.2,Vulpes_macrotis,-110.7589362,32.83117994,15.50570221,33.57042542,-1.13163662
Mammals,Vulpes_zerda,44.1,32,23.4,23.5,Vulpes_zerda,8.79016924,23.08414662,24.91371307,40.77689209,8.115319824
Mammals,Anoura_caudifer,11.5,36.3,26,42.7,Anoura_caudifer,-61.59832587,-7.73404819,23.75055847,31.02523499,15.98979492
Mammals,Anoura_latidens,13.6,38.12,34.7,36.9,Anoura_latidens,-71.14279923,3.26655851,20.52738953,27.00447083,14.17618713
Mammals,Artibeus_concolor,19.7,35,29,39.8,Artibeus_concolor,-58.31253774,-2.72077154,25.95352173,32.56098938,19.78651428
Mammals,Artibeus_jamaicensis,45.2,36,25,76.8,Artibeus_jamaicensis,-88.5290547,16.48567678,23.85290375,31.98242798,15.53506927
Mammals,Artibeus_lituratus,70.1,36.7,25,108,Artibeus_lituratus,-61.77231216,-5.33769773,24.2404007,31.682547,16.56381226
Mammals,Carollia_perspicillata,14.9,36.6,29,43.1,Carollia_perspicillata,-60.1567183,-6.45890257,24.41806793,31.76974182,16.8567688
Mammals,Chrotopterus_auritus,96.1,37.2,28,141.3,Chrotopterus_auritus,-59.15155588,-7.0159102,24.59130859,32.04349365,16.91349792
Mammals,Cynopterus_brachyotis,37.4,36.5,30,47.5,Cynopterus_brachyotis,100.0226141,11.56950966,25.14500275,32.40607605,17.19736786
Mammals,Desmodus_rotundus,29.4,35,29,34.7,Desmodus_rotundus,-63.53286044,-7.96283576,22.6061203,31.00487976,13.89110413
Mammals,Diaemus_youngi,36.6,33,25,37.3,Diaemus_youngi,-58.66860041,-7.44780527,24.58013153,31.96528015,16.90567169
Mammals,Diphylla_ecaudata,27.8,33,26,38.6,Diphylla_ecaudata,-63.84815803,-5.6044573,23.20151978,31.0910675,14.59781952
Mammals,Dobsonia_anderseni,241.4,36.4,28,174,Dobsonia_anderseni,150.6308544,-5.026476,24.67599792,29.24386597,20.5166748
Mammals,Dobsonia_praedatrix,179.5,37.1,26,142.5,Dobsonia_praedatrix,150.818117,-5.12186926,24.61359863,29.17034607,20.45825806
Mammals,Eonycteris_spelaea,51.6,34,26,48,Eonycteris_spelaea,105.2385158,11.20391961,24.59370422,31.92265625,16.13672791
Mammals,Erophylla_bombifrons,16.1,33,30,17.7,Erophylla_bombifrons,-70.75746898,18.83855281,23.97468872,31.02381287,16.25085602
Mammals,Glossophaga_longirostris,13.5,37.5,31.5,26.5,Glossophaga_longirostris,-66.13211975,6.52541329,25.19952393,31.66361084,19.30610046
Mammals,Glossophaga_soricina,6.8,36.5,31.4,17.7,Glossophaga_soricina,-62.6160431,-5.20015707,23.90645905,31.50186157,16.02666626
Mammals,Hipposideros_galeritus,8.5,31.9,29,9.4,Hipposideros_galeritus,97.86239595,8.79200489,25.73502197,33.3447876,18.15873108
Mammals,Histiotus_velatus,11.2,32,25,10,Histiotus_velatus,-51.23610678,-17.40034259,22.1158905,30.57441101,12.46212463
Mammals,Leptonycteris_curasoae,24,36,27,34.1,Leptonycteris_curasoae,-70.54097959,8.03916559,24.79296722,31.35796814,18.71941986
Mammals,Macroderma_gigas,107,35.6,30,94.2,Macroderma_gigas,132.672677,-18.26226431,25.52597809,36.18699341,12.55167465
Mammals,Miniopterus_schreibersii,10.91,37.7,32.5,26,Miniopterus_schreibersii,15.10496819,41.43511395,11.86882553,27.33049622,-0.985721684
Mammals,Molossus_molossus,15.6,36,32,22.5,Molossus_molossus,-61.37123841,-7.55403424,23.74190979,31.68493958,15.56179504
Mammals,Monophyllus_redmani,8.7,35.5,31,11.1,Monophyllus_redmani,-75.4759435,20.29350596,24.55007935,31.76427307,16.64743042
Mammals,Mormoops_blainvillei,8.6,33,30,8,Mormoops_blainvillei,-75.49186081,20.28699118,24.54009705,31.76207886,16.62716217
Mammals,Natalus_tumidirostris,5.4,34,28,8.3,Natalus_tumidirostris,-64.594275,7.01554418,25.75167847,32.24945374,20.01932373
Mammals,Noctilio_albiventris,27,34.2,32,31.6,Noctilio_albiventris,-58.9460997,-6.81337993,24.80289307,32.10397644,17.28246002
Mammals,Noctilio_leporinus,61,33.3,28,70.8,Noctilio_leporinus,-61.02426341,-6.25776415,24.43643951,32.01247559,16.60964355
Mammals,Nyctimene_albiventer,30.9,35.9,28,26.4,Nyctimene_albiventer,140.807259,-5.11781528,25.30587006,30.53225708,20.48315277
Mammals,Peropteryx_macrotis,5.1,35,30.5,11.8,Peropteryx_macrotis,-59.82661687,-5.40395059,24.85077667,32.02802124,17.47816772
Mammals,Phyllostomus_discolor,33.5,34,25,47.9,Phyllostomus_discolor,-59.93037485,-5.29861922,24.86721191,31.9665741,17.60447083
Mammals,Phyllostomus_elongatus,35.6,36,25,38.8,Phyllostomus_elongatus,-57.55727566,-6.20344259,25.11816864,32.22268372,17.88558044
Mammals,Phyllostomus_hastatus,84.2,35,25,100.2,Phyllostomus_hastatus,-59.49681754,-6.05921165,24.62006836,31.74414368,17.26681519
Mammals,Pteronotus_quadridens,4.9,32.8,30,6.1,Pteronotus_quadridens,-75.4940432,20.28762237,24.53980713,31.76217041,16.62644806
Mammals,Rhinonicteris_aurantia,8.27,36.1,32.5,16.2,Rhinonicteris_aurantia,129.356358,-16.44726771,26.78292847,37.20552063,13.85177155
Mammals,Rhinophylla_pumilio,9.5,36,30,18.6,Rhinophylla_pumilio,-59.43566377,-4.55716555,25.28950806,32.11783142,18.65563507
Mammals,Saccopteryx_bilineata,8.2,35.5,30,15.3,Saccopteryx_bilineata,-61.49820323,-3.89663315,24.82718811,32.02223206,17.48509979
Mammals,Sturnira_erythromos,15.9,34.4,25.5,39.9,Sturnira_erythromos,-70.84673499,-5.1573508,19.98173676,27.60103455,11.54133682
Mammals,Sturnira_lilium,21.9,36.6,30,53.2,Sturnira_lilium,-49.87384217,-18.97199576,22.57334442,31.52902222,12.87719269
Mammals,Tonatia_bidens,27.4,37,28,55.1,Tonatia_bidens,-50.41849465,-20.29007748,22.20379486,30.96651611,12.17442245
Mammals,Uroderma_bilobatum,16.2,36.3,30,31.6,Uroderma_bilobatum,-58.85215063,-6.76688357,24.8859436,32.09940796,17.43258514
Mammals,Chaetophractus_nationi,2150,35.5,29,559,Chaetophractus_vellerosus,-64.06534222,-25.58783064,17.54452667,30.07266235,3.992150497
Mammals,Chaetophractus_vellerosus,1110,34.4,30,306.4,Chaetophractus_vellerosus,-64.06534222,-25.58783064,17.54452667,30.07266235,3.992150497
Mammals,Dasypus_novemcinctus,3320,34.5,28,806.8,Dasypus_novemcinctus,-67.56279976,-0.16238402,22.79406891,32.16304321,13.10983276
Mammals,Euphractus_sexcinctus,8190,34.2,26,1244.9,Euphractus_sexcinctus,-51.6167749,-16.13807327,23.29248047,32.129953,13.9430603
Mammals,Tolypeutes_matacus,1160,33,28,210,Tolypeutes_matacus,-60.98690015,-24.19092915,22.46482544,33.90354309,10.20347595
Mammals,Zaedyus_pichiy,1740,35.2,28,393.2,Zaedyus_pichiy,-68.27139638,-40.79930337,10.99453659,25.55188293,-1.398148441
Mammals,Planigale_maculata,13.1,34.2,31,13.2,Planigale_maculata,141.2191155,-19.83256739,23.55283356,34.07463379,10.58081894
Mammals,Caluromys_derbianus,357,34,25,203.5,Caluromys_derbianus,-85.33973216,11.21421332,24.02322998,30.97254639,17.36092072
Mammals,Chironectes_minimus,946,35.3,24.5,548.7,Chironectes_minimus,-64.82073647,-5.24992838,23.69422302,30.84270935,16.43053131
Mammals,Didelphis_marsupialis,1329,35,25.5,611.3,Didelphis_marsupialis,-67.32681382,-0.82370476,24.64610443,31.51350403,17.89348145
Mammals,Didelphis_virginiana,3257,34.8,22,1074.8,Didelphis_virginiana,-93.62228183,32.38976875,15.82172699,31.57928772,-0.152325785
Mammals,Lutreolina_crassicaudata,812,35.8,27,406,Lutreolina_crassicaudata,-57.76472504,-19.97811211,21.21006165,31.31451416,11.52618256
Mammals,Marmosa_lepida,106,36.3,31,63.6,Marmosa_lepida,-66.14494888,-2.83613926,25.90823059,32.23283386,19.86976776
Mammals,Marmosa_robinsoni,122,34,26.5,97.6,Marmosa_robinsoni,-70.27487116,8.67158594,25.22233734,31.82769775,18.99169922
Mammals,Metachirus_nudicaudatus,336,35,27.5,205,Metachirus_nudicaudatus,-60.67452317,-6.90014417,24.56499023,31.66100159,17.23987732
Mammals,Monodelphis_brevicaudata,111,33.8,28,75.5,Monodelphis_brevicaudata,-58.95700386,1.99855003,26.00950928,32.29007874,20.72954712
Mammals,Philander_opossum,751,35.8,29.5,338,Philander_opossum,-64.87780659,-4.11722893,25.29243622,32.18410645,18.30911255
Mammals,Cercartetus_nanus,60,34.9,31,51.6,Cercartetus_nanus,148.3358931,-35.91522939,13.12176056,25.28590393,2.263009453
Mammals,Cercopithecus_mitis,8800,37,5,3520,Cercopithecus_mitis,29.92003157,-8.47491717,22.20893707,30.62039185,12.93068695
Mammals,Dendrolagus_matschiei,6960,36.3,27,1426.8,Dendrolagus_matschiei,146.9518221,-6.14997915,19.17356873,25.14763489,13.5875
Mammals,Lagorchestes_conspicillatus,2660,35.8,25,851.2,Lagorchestes_conspicillatus,136.5115822,-18.29282657,25.57984924,36.83287659,11.54899445
Mammals,Lasiorhinus_latifrons,25000,34,25,2750,Lasiorhinus_latifrons,131.8365209,-31.60795078,17.55198517,30.59670715,5.385169601
Mammals,Macropus_giganteus,26200,36.5,15,7074,Macropus_giganteus,146.3004991,-28.47873087,19.13697052,32.60775452,5.268176651
Mammals,Macropus_rufus,23300,36.3,15,5032.8,Macropus_rufus,132.9431051,-25.42068295,22.17722778,36.64629822,6.794368744
Mammals,Petaurus_breviceps,130,36.3,27,93.6,Petaurus_breviceps,143.0894868,-19.60389236,21.2693985,31.07019043,11.05372086
Mammals,Phascolarctos_cinereus,4765,35.8,20,1048.3,Phascolarctos_cinereus,147.6302959,-27.87479717,18.82840271,31.4098114,5.273996353
Mammals,Tarsipes_rostratus,10,36.6,28,29,Tarsipes_rostratus,118.2775605,-32.65178794,16.70766144,30.31873474,6.17322998
Mammals,Atelerix_albiventris,450,35.2,30,146.7,Atelerix_albiventris,19.93833174,6.99107739,25.87911377,36.04062805,15.66396332
Mammals,Erinaceus_concolor,822.7,35.2,27.5,347.2,Erinaceus_concolor,39.21071754,38.38486457,11.70555573,30.14251099,-3.867902374
Mammals,Heterohyrax_brucei,1287,36.4,25,669.2,Heterohyrax_brucei,35.15939439,-3.29463608,23.12593536,32.56451111,13.21299896
Mammals,Sylvilagus_audubonii,701,38.25,28,456.4,Sylvilagus_audubonii,-107.1584075,34.62623679,13.64122314,32.36164246,-4.052558136
Mammals,Elephantulus_edwardii,49.8,37.6,32.5,54.3,Elephantulus_edwardii,21.59569499,-32.43907306,15.90893402,29.69516907,2.614985275
Mammals,Macroscelides_proboscideus,38.8,36.23,35,52,Macroscelides_proboscideus,20.61146769,-29.83475015,17.45119019,32.06797791,2.310664368
Mammals,Colobus_guereza,10800,37,5,3132,Colobus_guereza,24.05140458,4.85673274,23.33543091,31.78609009,15.38866119
Mammals,Eulemur_fulvus,2330,38.8,30,324.8,Eulemur_fulvus,48.19190391,-16.68008576,22.32170868,30.21607666,13.37729187
Mammals,Nycticebus_coucang,953.3,35.1,25,218.3,Nycticebus_coucang,102.5096687,-0.28298035,25.61272278,30.99627991,20.48142853
Mammals,Perodicticus_potto,932,36,25,347.6,Perodicticus_potto,-3.99256694,7.09104869,26.1820282,33.78149109,19.67093811
Mammals,Abrothrix_andinus,34.6,39.3,27,64.7,Abrothrix_andinus,-68.33754904,-22.16249724,6.540467072,17.67810822,-6.63086319
Mammals,Abrothrix_longipilis,42.3,36.5,27,57.5,Abrothrix_longipilis,-70.83002534,-43.00707198,8.11333313,20.96520538,-2.030646706
Mammals,Akodon_azarae,30,37.7,30,51,Akodon_azarae,-59.56389996,-33.24486939,17.22523499,31.27802124,5.256983948
Mammals,Ammospermophilus_leucurus,79.2,37.2,31,103,Ammospermophilus_leucurus,-114.1270769,37.23388248,11.22654343,32.11125793,-6.137205505
Mammals,Aplodontia_rufa,630,38,26.5,277.2,Aplodontia_rufa,-122.1256617,44.57260903,7.497075653,23.6366745,-3.91501236
Mammals,Apodemus_mystacinus,42.3,38.3,28,70.6,Apodemus_mystacinus,35.37007634,38.77651916,11.14358368,28.7616394,-3.705272293
Mammals,Auliscomys_boliviensis,76.8,36.9,23,110.6,Auliscomys_boliviensis,-68.38370099,-17.19476272,8.115216064,18.38981781,-5.077613831
Mammals,Baiomys_taylori,7.3,36,29,14.2,Baiomys_taylori,-101.4228034,27.26742528,19.09667969,33.5897644,3.36267395
Mammals,Cabassous_centralis,3180,33.6,27.5,677.3,Cabassous_centralis,-80.64239507,10.38100238,25.00173035,31.40969849,18.93400421
Mammals,Cannomys_badius,344,36,27,172,Cannomys_badius,98.61505776,19.7067452,23.39107971,32.56443176,11.50650024
Mammals,Chaetodipus_hispidus,35.8,37.5,30.5,44.8,Chaetodipus_hispidus,-101.3725266,33.87446479,14.68088226,33.06307678,-3.93218689
Mammals,Chaetodipus_intermedius,14.6,35,33,15.6,Chaetodipus_intermedius,-109.1061386,32.41547374,16.28409424,34.87055969,-1.461573982
Mammals,Cryptomys_bocagei,94,33.7,31.5,69.6,Fukomys_bocagei,18.14599985,-13.35233217,20.93019714,31.23165283,7.636112213
Mammals,Cryptomys_damarensis,124,35.2,27,70.7,Fukomys_damarensis,22.10284602,-20.98264379,21.00429077,33.46512451,4.753804779
Mammals,Cryptomys_hottentotus,77,33.8,28,48.5,Cryptomys_hottentotus,23.42545841,-31.98502736,15.84076996,29.28814697,2.047848129
Mammals,Cryptomys_mechowi,267,34,29,160.2,Fukomys_mechowii,21.787896,-10.37758145,21.53004608,31.13158875,9.849588776
Mammals,Ctenomys_talarum,126,36.1,25,119.2,Ctenomys_talarum,-60.36962146,-37.3993241,14.65921173,29.38276367,3.013113213
Mammals,Cynomys_ludovicianus,1112.3,37.2,30,422.7,Cynomys_ludovicianus,-103.4905035,39.58051499,10.54391708,31.57642212,-9.60268631
Mammals,Dasyprocta_azarae,3849,37.4,18,1886,Dasyprocta_azarae,-53.79351793,-22.26759808,21.6685379,30.82760925,11.43208923
Mammals,Dasyprocta_leporina,2687,38.3,20,1558.5,Dasyprocta_leporina,-53.48404353,-5.28350335,24.9101532,32.18101196,17.69997406
Mammals,Dipodomys_deserti,106,36.8,28.5,92.2,Dipodomys_deserti,-115.1503966,34.66998304,17.82486572,37.3269928,0.713590908
Mammals,Dipodomys_microps,57.2,36.4,27,66.9,Dipodomys_microps,-116.5381771,39.42887389,9.695672607,31.82703857,-7.785543823
Mammals,Dolichotis_salinicola,1613,38.4,28,725.9,Dolichotis_salinicola,-62.78203185,-24.76158261,21.81479187,33.9841156,8.385665894
Mammals,Geomys_bursarius,197,36.4,30,137.9,Geomys_bursarius,-97.30776312,40.20709325,10.46900177,31.4388031,-10.99359131
Mammals,Geomys_pinetis,202,36.1,26,135.3,Geomys_pinetis,-83.91655195,31.03770377,19.16234131,32.97048645,3.749524689
Mammals,Georychus_capensis,192.6,36.4,26.3,113.6,Georychus_capensis,24.38852812,-31.51303145,15.89168243,26.70762024,3.876265717
Mammals,Gerbillurus_paeba,31.13,36,33.3,27.7,Gerbillurus_paeba,21.19038356,-24.7023066,19.31718292,31.82912598,4.27443161
Mammals,Gerbillus_andersoni,35.8,37,28,39.4,Gerbillus_andersoni,26.09505931,31.08661191,19.66807404,31.58173218,6.90756073
Mammals,Gerbillus_nanus,28.2,38.8,33,22,Gerbillus_nanus,26.59203061,24.58770204,24.44265137,40.59955139,7.768089294
Mammals,Heterocephalus_glaber,39.2,32.3,32,21.6,Heterocephalus_glaber,43.09004315,5.22395712,25.73303833,34.93955078,16.91637421
Mammals,Heteromys_anomalus,69.3,36,26,100.5,Heteromys_anomalus,-69.79656725,9.17821767,25.81923523,32.33649597,19.50069733
Mammals,Hydrochoerus_hydrochaeris,26400,37.1,22,6600,Hydrochoerus_hydrochaeris,-57.41120808,-10.7608627,24.12903442,32.10645447,15.9453186
Mammals,Hystrix_africaeaustralis,11100,37,24,2319.9,Hystrix_africaeaustralis,25.99070271,-16.71909663,20.92459106,31.28465271,8.486699677
Mammals,Isthmomys_pirrensis,140.4,37.5,30,123.6,Isthmomys_pirrensis,-77.55839529,7.81429957,24.44632721,29.8818512,19.72172699
Mammals,Jaculus_jaculus,74.5,37,33,91.6,Jaculus_jaculus,29.69309479,25.34636357,23.1210495,38.77816162,7.11337204
Mammals,Jaculus_orientalis,139.1,37,28,139.1,Jaculus_orientalis,7.79086923,34.48495015,16.25678101,32.25547485,3.314476395
Mammals,Kerodon_rupestris,442,38.2,27,282.9,Kerodon_rupestris,-39.88250021,-9.33501291,24.18498383,31.55884399,16.73513336
Mammals,Liomys_irroratus,48.1,36.63,31,53.9,Heteromys_irroratus,-100.5272149,21.77964823,19.23693848,31.09388733,6.393471527
Mammals,Liomys_salvini,43.8,37.09,31,46.9,Heteromys_salvini,-88.25611833,13.61218179,23.55131073,31.39302368,16.0850296
Mammals,Loxodontomys_micropus,62.3,37.2,22,97.8,Loxodontomys_micropus,-71.48671173,-42.94307332,7.592453003,20.18457184,-2.182262993
Mammals,Microtus_longicaudus,29.16,37.7,20,76.4,Microtus_longicaudus,-121.846392,50.61157202,1.969073105,23.30546417,-16.86646729
Mammals,Microtus_montanus,30.79,37.5,26,81.6,Microtus_montanus,-114.3348296,42.51736403,6.03499794,27.48485413,-10.9819809
Mammals,Microtus_ochrogaster,36.3,37.8,25,40.3,Microtus_ochrogaster,-98.49695075,43.61526985,7.722924042,29.13863831,-13.91760559
Mammals,Myodes_gapperi,23.3,37.6,26.5,48.5,Myodes_gapperi,-95.77309012,50.94002033,0.816485977,22.52195435,-21.43566284
Mammals,Myoprocta_acouchy,914,35.4,25,502.7,Myoprocta_acouchy,-56.30434487,1.66647172,26.27733459,32.62853699,21.29487915
Mammals,Myopus_schisticolor,26.4,39,20.9,93.5,Myopus_schisticolor,99.06256726,60.45987709,-5.637592316,21.31785278,-31.59659119
Mammals,Mystromys_albicaudatus,93.78,37.5,20,126.8,Mystromys_albicaudatus,26.26577245,-29.69257054,15.60645905,27.8019165,1.134163284
Mammals,Napaeozapus_insignis,20.9,37,31,92,Napaeozapus_insignis,-77.6073584,46.6678691,3.411372757,24.02479401,-18.38875122
Mammals,Notomys_alexis,32.3,37.7,32,45.2,Notomys_alexis,127.5466202,-25.12432441,22.43487549,37.50821228,6.579367065
Mammals,Ochrotomys_nuttalli,19.5,38.08,29.5,27.1,Ochrotomys_nuttalli,-86.17087987,34.33190316,15.84473572,32.05849915,-1.265844345
Mammals,Octodon_degus,206,37.6,27,191.6,Octodon_degus,-71.13100768,-32.1687991,13.54981842,25.5635025,3.753595352
Mammals,Octodontomys_gliroides,152,37.2,25,130.7,Octodontomys_gliroides,-66.71952956,-22.31543646,10.77059555,22.59073181,-3.766773987
Mammals,Otomys_irroratus,102,36.5,24,84.9,Otomys_irroratus,22.18572385,-33.01614249,16.45966797,28.63987732,4.510661697
Mammals,Pedetes_capensis,2300,36,23,736,Pedetes_capensis,23.45976123,-19.41052749,20.34888,31.95190735,5.680445862
Mammals,Peromyscus_eremicus,21.5,36.6,29,31.8,Peromyscus_eremicus,-107.5789824,29.81092618,18.57998199,35.03381958,1.964226913
Mammals,Peromyscus_leucopus,21.2,36,27.5,35.2,Peromyscus_leucopus,-93.47614963,37.51544242,12.29135132,30.9703186,-6.715156555
Mammals,Peromyscus_truei,33.2,36.7,27,50.8,Peromyscus_truei,-111.5489173,38.08634338,10.00416183,30.62475281,-7.695384216
Mammals,Phyllotis_darwini,59,37,27.5,71.4,Phyllotis_darwini,-71.17717545,-31.69377989,13.36593933,25.15663147,3.735068512
Mammals,Priodontes_maximus,45190,33.6,27,3027.7,Priodontes_maximus,-60.47274406,-6.92575033,25.38023529,32.67510681,17.87220306
Mammals,Pseudomys_hermannsburgensis,12.2,37.5,31,23.3,Pseudomys_hermannsburgensis,130.3790007,-25.31320065,22.43204956,37.40936584,6.563317108
Mammals,Rattus_fuscipes,130,37.4,28.1,141.7,Rattus_fuscipes,140.6886827,-32.62248171,15.62001953,27.43959045,4.782121658
Mammals,Rattus_villosissimus,250.6,38.9,30,220.5,Rattus_villosissimus,136.9350501,-22.3140969,23.88689728,37.57826233,8.204270935
Mammals,Saccostomus_campestris,83.4,35.4,28,81.7,Saccostomus_campestris,26.34119644,-17.97960419,21.08769226,31.9351593,7.743537903
Mammals,Spalacopus_cyanus,178,36,26.5,112.1,Spalacopus_cyanus,-71.1818967,-32.40526113,13.12507935,25.17531738,3.396107101
Mammals,Spalax_leucodon,207.7,37,25,159.9,Nannospalax_leucodon,24.06443211,43.85016173,10.33125916,26.52590637,-4.053390121
Mammals,Spermophilus_beecheyi,599.6,37.6,25,317.8,Otospermophilus_beecheyi,-120.5824619,38.78558641,11.82641907,29.40162354,-1.11836071
Mammals,Tachyoryctes_splendens,233.6,36.2,27,163.5,Tachyoryctes_splendens,36.18228562,4.68583802,19.46889954,28.39586182,10.92094498
Mammals,Tamias_merriami,60.8,37,29,91.2,Neotamias_merriami,-119.2397747,35.66247558,11.87360764,28.51236877,-0.936098957
Mammals,Thomomys_bottae,143,36,28,120.1,Thomomys_bottae,-112.4103819,34.40815512,14.34935303,32.98135681,-2.260953712
Mammals,Thomomys_talpoides,106,35.5,26,141,Thomomys_talpoides,-109.8323692,46.18783308,4.717456818,26.91605835,-15.28842621
Mammals,Thomomys_umbrinus,85,34.6,27,72.3,Thomomys_umbrinus,-105.1053085,25.03501495,17.66004486,31.25910339,3.287549973
Mammals,Thrichomys_apereoides,323,37.6,25,206.7,Thrichomys_apereoides,-42.12003147,-10.70002319,24.25128784,32.06428833,15.95674896
Mammals,Tupaia_belangeri,100.86,39.4,30,139.2,Tupaia_belangeri,100.9990566,20.95964265,20.92771301,30.26876831,8.967338562
Mammals,Tupaia_glis,123,37,30,93.5,Tupaia_glis,101.5323876,5.09123261,26.04474182,31.95976257,20.69361725
Mammals,Blarina_brevicauda,20.5,38,25,66,Blarina_brevicauda,-89.02883779,44.58534639,6.43442688,27.37297974,-15.23244476
Mammals,Condylura_cristata,49,37.7,24.5,110.3,Condylura_cristata,-79.20513616,46.99972787,3.339445114,24.15141602,-18.77779083
Mammals,Neurotrichus_gibbsii,11.8,38.7,25,46.5,Neurotrichus_gibbsii,-122.8111941,44.54927232,8.746788025,24.18724976,-2.011584663
Mammals,Notiosorex_crawfordi,4,38,32,13.1,Notiosorex_crawfordi,-106.2407647,31.3424252,17.17831421,34.28051758,0.049369144
Mammals,Scalopus_aquaticus,48,36,26,67.7,Scalopus_aquaticus,-90.10147823,36.95617739,13.52201233,31.64752808,-5.14839859
Mammals,Cricetulus_barabensis,31.4,37.9,27.5,69,Cricetulus_barabensis,110.0413117,46.02373589,2.344397926,25.78985596,-23.25419312
Mammals,Tupaia_tana,256.6,37.3,25.5,193.54,Tupaia_tana,109.6076545,0.81807005,25.19298706,30.03583069,20.64025726
Mammals,Chinchilla_laniger,426,35.7,22,200.2,Chinchilla_lanigera,-71.1239905,-30.30268562,12.72997055,22.600177,3.719488144
Mammals,Capromys_pilorides,2630,35.7,24,604.9,Capromys_pilorides,-79.01274852,21.6255144,25.05005035,32.59038086,16.73579254
Mammals,Coendou_prehensilis,3280,36.7,26,924.96,Coendou_prehensilis,-57.47874985,-8.06386476,24.70034637,32.04169006,17.10152893
Mammals,Bradypus_griseus,3790,33,18,685.99,Bradypus_variegatus,-58.96182572,-6.84861369,24.77631989,31.90597229,17.35164337
Mammals,Choloepus_hoffmanni,4250,34.5,24,799,Choloepus_hoffmanni,-73.1302212,-3.65073537,25.34237823,32.00845337,18.23784027
Mammals,Phalanger_maculatus,4250,34.7,21,1088,Spilocuscus_maculatus,140.567273,-5.67473034,24.15469818,29.63110657,19.04125519
Mammals,Aotus_trivirgatus,1030,38,28,496,Aotus_trivirgatus,-62.65636346,1.71460041,26.27636108,32.5040863,20.72632294
Mammals,Canis_mesomelas,7720,38,22,3760,Canis_mesomelas,30.71379289,-10.48783669,21.56407013,32.1385498,9.839703369
Mammals,Vulpes_vulpes,3060,38.7,-10,1501,Vulpes_vulpes,37.26006097,44.43394828,3.744697189,24.93174896,-16.94082642
Mammals,Leptailurus_serval,10120,36.5,15,3140,Leptailurus_serval,22.5895503,-3.49026794,23.50625916,33.26203003,12.91257324
Mammals,Nasua_nasua,3850,36.4,25,1010.6,Nasua_nasua,-58.31784471,-9.6533832,24.6713562,32.25009155,16.80192566
Mammals,Nasua_narica,3665,38.6,25,1205.8,Nasua_narica,-96.12644032,19.5422466,21.06921387,32.28635864,9.536653137
Mammals,Potos_flavus,2400,36.1,23,758,Potos_flavus,-60.99992065,-4.32088564,24.8855896,32.03826294,17.56213074
Mammals,Tadarida_brasiliensis,11,36,26.3,8.6,Tadarida_brasiliensis,-79.78579689,2.83525717,17.53302917,30.45020142,4.729439545
Mammals,Mormoops_megalophylla,16.5,36.9,33.5,24.4,Mormoops_megalophylla,-91.6056181,18.02997521,21.46789246,32.0080719,10.55520935
Mammals,Pteronotus_davyi,9.4,38.8,34.5,15.3,Pteronotus_davyi,-76.57392927,10.34838847,24.21205444,31.9403656,16.74967499
Mammals,Pteronotus_parnellii,19.2,36.4,34,30.7,Pteronotus_parnellii,-75.4940432,20.28762237,24.53980408,31.76216736,16.62644958
Mammals,Pteronotus_personatus,14,37.5,34,23,Pteronotus_personatus,-69.21961917,1.4901461,24.43742371,32.22450562,16.39783478
Mammals,Macroglossus_minimus,16.4,36.2,30.9,14.4,Macroglossus_minimus,122.3241218,-1.6746535,25.2662323,31.09552917,19.42227173
Mammals,Pteropus_scapulatus,362,37,24,242.5,Pteropus_scapulatus,140.414496,-22.84235941,22.52266235,34.5232605,8.903777313
Mammals,Pteropus_poliocephalus,598,36.5,15,316.9,Pteropus_poliocephalus,150.5279285,-31.78265916,16.2041275,27.44028625,4.218375397
Mammals,Dobsonia_minor,73.7,36.5,27.5,74.4,Dobsonia_minor,140.4367675,-5.31084466,25.65489197,30.91411438,20.78591461
Mammals,Melonycteris_melanops,53.3,34.9,28,43.2,Melonycteris_melanops,150.7788878,-5.12419559,24.62166443,29.18066101,20.46288147
Mammals,Syconycteris_australis,16.3,35.9,29.5,16.95,Syconycteris_australis,141.9736998,-7.67082489,23.93218842,29.81022949,18.08526154
Mammals,Pteropus_rodricensis,254.5,36.5,24,134.9,Pteropus_rodricensis,63.41911008,-19.71244906,23.86139069,28.96393127,18.30628204
Mammals,Nyctophilus_geoffroyi,8,31.6,29.1,11.4,Nyctophilus_geoffroyi,133.9405734,-26.15646697,21.31394348,35.23535767,6.80461731
Mammals,Chalinolobus_gouldii,17.5,35.5,35,25.2,Chalinolobus_gouldii,134.1240007,-26.01504071,21.37050018,35.24050598,6.864369965
Mammals,Myotis_lucifugus,6,37.2,32.5,10.8,Myotis_lucifugus,-104.0632482,49.73120894,2.766259956,24.00517731,-18.36882477
Mammals,Dasycercus_cristicauda,88.8,36.9,30,46.18,Dasycercus_cristicauda,135.7453327,-25.86949881,22.1611496,38.22235413,5.399813843
Mammals,Ningaui_yvonnae,11.6,34.4,32,15.66,Ningaui_yvonneae,130.434198,-31.92130726,17.74022675,32.8600708,4.693335342
Mammals,Planigale_gilesi,9.5,35.1,28,12.16,Planigale_gilesi,141.970177,-29.12303818,20.51907959,35.94681396,5.090942383
Mammals,Sminthopsis_crassicaudata,17.7,35.2,31,22.13,Sminthopsis_crassicaudata,134.9402353,-28.70412544,19.86189117,34.84576111,5.198305893
Mammals,Sminthopsis_macroura,22,36.4,31.3,23.54,Sminthopsis_macroura,133.2224936,-24.01795414,23.095784,37.34134216,7.348313141
Mammals,Acrobates_pygmaeus,14,34.7,34,15.12,Acrobates_pygmaeus,147.8582025,-28.52592177,18.0903183,30.58263855,5.261742783
Mammals,Cercartetus_lepidus,12.6,33.7,29,18.77,Cercartetus_lepidus,144.4825833,-39.74646931,12.04550095,23.55648499,3.170714378
Mammals,Cercartetus_concinnus,18.6,34.4,28,22.32,Cercartetus_concinnus,126.7133808,-33.05503837,16.67692413,30.56187744,5.441529465
Mammals,Setonix_brachyurus,2654,36.3,20,823.3,Setonix_brachyurus,116.3505114,-34.18122399,15.29436951,27.19358215,6.548364258
Mammals,Spilocuscus_maculatus,4250,34.7,20.8,1020,Spilocuscus_maculatus,140.567273,-5.67473034,24.15469818,29.63110657,19.04125519
Mammals,Potorous_tridactylus,950,35.9,20,437,Potorous_tridactylus,149.6566506,-34.69016282,14.66013641,24.91524048,4.249612808
Mammals,Bettongia_gaimardi,2070,35.6,10,952.2,Bettongia_gaimardi,147.354133,-41.7807281,10.60847855,21.05947418,2.020645714
Mammals,Pseudocheirus_peregrinus,917,37.4,25,302.6,Pseudocheirus_peregrinus,148.0884192,-30.36964089,16.73309631,28.46536255,5.058162308
Mammals,Petauroides_volans,1000,35.4,18,432.8,Petauroides_volans,149.4909032,-27.71262126,18.08857422,29.92516174,4.938356018
Mammals,Crocidura_russula,11.3,34.7,27.5,22.4,Crocidura_russula,0.86309883,42.82334004,12.10011978,26.8474884,0.474638367
Mammals,Crocidura_suaveolens,6.5,35.1,27.5,18.9,Crocidura_suaveolens,57.65527727,45.03987662,7.485916138,28.01278992,-12.20255051
Mammals,Procavia_capensis,2400,39,27,648,Procavia_capensis,21.13350544,6.7919426,24.5894104,35.86152344,12.5605896
Mammals,Lepus_alleni,3362,37.9,25,1516,Lepus_alleni,-110.0501489,28.98364182,21.55509644,36.72738037,5.831028748
Mammals,Zaglossus_bruijni,10300,30.8,18,1215.4,Zaglossus_bruijnii,133.1800776,-2.13608694,24.93306885,29.42390137,20.95219269
Mammals,Isoodon_obesulus,1380,33.9,25,448.5,Isoodon_obesulus,134.689784,-36.17026541,14.02761841,24.95205078,5.435985184
Mammals,Macrotis_lagotis,1577,35,27,544.1,Macrotis_lagotis,126.1171803,-21.68776328,25.1947403,38.78813171,9.012736511
Mammals,Tamandua_tetradactyla,3500,33.5,23,885.5,Tamandua_tetradactyla,-57.15545513,-9.7975432,24.56095276,32.30253906,16.59033966
Mammals,Saimiri_sciureus,839.8,38,25,694.9,Saimiri_sciureus,-56.20938623,1.26489252,26.34321594,32.7361908,21.34862518
Mammals,Tarsius_syrichta,114,33.8,32,77,Carlito_syrichta,124.8071429,8.39291907,25.17877502,30.79032898,19.97313385
Mammals,Microtus_guentheri,43.8,38.3,30,80.15,Microtus_guentheri,32.20793045,38.62608686,12.29790192,29.63594971,-2.097201538
Mammals,Microtus_californicus,44,38.8,33,67.92,Microtus_californicus,-120.3730848,37.18420321,13.60382538,31.01254883,0.543203545
Mammals,Peromyscus_maniculatus,19.1,37.2,29,39,Peromyscus_maniculatus,-100.9489928,45.74492405,5.310359573,25.89908447,-15.18000793
Mammals,Megadontomys_thomasi,110.8,37.8,28,124,Megadontomys_thomasi,-99.89132432,17.57578868,20.47720795,29.71344299,11.93464813
Mammals,Microtus_arvalis,33.9,37,20,61.4,Microtus_arvalis,38.8944098,51.4039966,5.42078476,24.1815033,-12.04143677
Mammals,Peromyscus_gossypinus,21.5,37.5,29.7,36.98,Peromyscus_gossypinus,-87.25006397,32.85361134,17.41156158,32.8345459,0.887723351
Mammals,Neotoma_lepida,110.3,36.8,31,87.1,Neotoma_lepida,-115.7727586,38.90125735,10.33252487,32.13251648,-7.167708588
Mammals,Oxymycterus_roberti,83.5,38.3,33,91.02,Oxymycterus_roberti,-47.08132249,-17.32369856,22.68600311,30.47238159,12.993573
Mammals,Neofiber_alleni,258.1,37.1,25,216.8,Neofiber_alleni,-81.78612191,28.32247439,21.67748108,32.88105469,8.492068481
Mammals,Ondatra_zibethicus,1004.6,37.4,15,642.9,Ondatra_zibethicus,6.747094,53.0912967,0.594192696,23.43544617,-21.90647736
Mammals,Microtus_pinetorum,23.8,38.3,23,55.9,Microtus_pinetorum,-86.07378367,37.76356413,12.66022797,30.65393982,-5.780380249
Mammals,Lemmiscus_curtatus,30.3,37.1,25,50.3,Lemmiscus_curtatus,-112.2100652,44.19327553,5.961797714,28.27293091,-12.9271637
Mammals,Microtus_richardsoni,80,38.7,22.5,172.8,Microtus_richardsoni,-115.484518,46.28351724,3.872512436,24.28040314,-12.27165833
Mammals,Peromyscus_californicus,49.6,36.4,27,58,Peromyscus_californicus,-118.4763734,34.48045737,14.34971313,30.37521362,1.598666477
Mammals,Peromyscus_crinitus,20.9,35.7,29,30.9,Peromyscus_crinitus,-115.0653269,38.81260035,10.67225723,32.24031372,-6.853392029
Mammals,Reithrodontomys_megalotis,7.85,36.8,32,20.65,Reithrodontomys_megalotis,-106.4594897,37.56496846,11.19137344,30.87058105,-7.011909485
Mammals,Graomys_griseoflavus,69.4,36.1,25.6,83.97,Graomys_griseoflavus,-64.06856613,-30.88274217,18.00675659,31.36551514,4.907991409
Mammals,Phodopus_sungorus,31.3,36.1,20,39.13,Phodopus_sungorus,75.6538433,52.54617987,1.824158096,26.21437073,-21.64184723
Mammals,Microtus_pennsylvanicus,44.7,38.5,25,80.4,Microtus_pennsylvanicus,-104.800515,54.00496696,-0.726807976,21.69460144,-23.17876892
Mammals,Dipodomys_merriami,34.7,37,32,41.64,Dipodomys_merriami,-108.7455546,30.74598456,17.92175293,34.83678894,1.401534367
Mammals,Dipodomys_panamintinus,56.9,36.9,33,62.59,Dipodomys_panamintinus,-118.2712772,36.72716557,10.71236572,30.0309967,-4.529821014
Mammals,Micaelamys_namaquensis,66.3,36.8,26.39,52.38,Micaelamys_namaquensis,24.08524885,-24.14501558,19.30169525,31.1672699,4.886587143
Mammals,Gerbillus_pusillus,12.6,34.6,31.4,13.48,Gerbillus_pusillus,40.75185781,4.14703434,24.9961792,34.12711182,16.33678284
Mammals,Mus_musculus,22.8,36.7,27,35.3,Mus_musculus,36.09,30.66,10.59734039,28.16839905,-6.898110962
Mammals,Gerbillurus_setzeri,46.1,37.6,32.2,37.02,Gerbillurus_setzeri,13.39740772,-20.10092706,18.74616394,25.71212158,10.35909805
Mammals,Gerbillurus_vallinus,38.8,37.4,33.1,34.77,Gerbillurus_vallinus,18.78333813,-27.6489597,18.62671509,32.89442749,3.177900314
Mammals,Gerbillurus_tytonis,29.9,36.9,32.4,31.69,Gerbillurus_tytonis,15.332953,-24.979847,16.72809906,25.16102905,7.453003693
Mammals,Dipodillus_dasyurus,27.6,38.6,32,29.26,Gerbillus_dasyurus,43.56403366,27.16076472,22.39151306,37.67796326,7.440827179
Mammals,Thallomys_paedulcus,124.7,36.7,27.46,68.5,Thallomys_paedulcus,30.24601986,-12.45159994,22.20785065,32.00672913,10.76903992
Mammals,Notomys_cervinus,34.2,38.5,33,41.72,Notomys_cervinus,139.8982229,-24.90748016,23.32893829,38.38985901,6.964696503
Mammals,Gerbillus_pyramidum,108.5,36.1,30,72.7,Gerbillus_pyramidum,21.78219657,19.55686187,25.94859924,39.56220093,10.33396454
Mammals,Meriones_unguiculatus,63.6,38.2,30,65.6,Meriones_unguiculatus,107.2585983,46.29202768,1.07760725,24.99059448,-24.75603943
Mammals,Aepyprymnus_rufescens,2820,36.5,25,1069,Aepyprymnus_rufescens,149.0788284,-24.18851841,20.60247498,31.96585999,6.908750916
Mammals,Acomys_cahirinus,42,37.5,27,46.2,Acomys_cahirinus,19.38024281,24.59122469,23.1707428,38.43055725,7.104486847
Mammals,Steatomys_pratensis,27.5,34.1,28,36.16,Steatomys_pratensis,26.16355654,-13.26026887,21.88650665,31.9427948,9.959991455
Mammals,Tamiasciurus_hudsonicus,268,39.4,15,246.6,Tamiasciurus_hudsonicus,-106.1800986,53.67636148,-0.452460146,21.75075836,-22.75964508
Mammals,Spermophilus_lateralis,260.2,36.3,23,129.5,Callospermophilus_lateralis,-114.5764533,42.94802295,5.561332703,26.45550842,-11.30618362
Mammals,Tamias_striatus,87.4,38.2,28.5,90,Tamias_striatus,-84.68657866,42.86037793,7.576732635,27.57626343,-13.33458862
Mammals,Tamias_minimus,33.5,37,26,51.3,Neotamias_minimus,-108.3382673,52.07093181,0.464274788,23.60948944,-22.87055511
Mammals,Neomys_fodiens,13.5,37.3,25,39.2,Neomys_fodiens,53.74350171,54.43496104,2.610142517,22.76939087,-16.78015137
Mammals,Sorex_minutus,3.3,38.5,24,28.4,Sorex_minutus,49.64759217,55.81286258,2.170186996,22.63536377,-16.87319489
Mammals,Sorex_cinereus,5,38.4,25,32.75,Sorex_cinereus,-109.1214778,54.6078173,-0.960331249,21.31898651,-23.0993103