"","species","clade","dn","ds","w","clade.age","clade.age.sd","tip.age","tip.age.sd","dN.Mean","dN.Mid","dN.Min","dN.Max","dN.QL","dN.QU","dS.Mean","dS.Mid","dS.Min","dS.Max","dS.QL","dS.QU"
"1","Rana_kukunoris_KU246049.1",249,0.000401333333333333,0.018839,0.0213033246633756,68.72546004,7.65159382456897,5.16004796,1.84738415678758,9.00263014672951e-05,7.97210854307758e-05,4.1644594858449e-05,0.000355290209246457,4.40612715788427e-05,0.000174388157235705,0.00422592730899262,0.00374218985489298,0.00195484017243768,0.0166776883355332,0.00206828146662911,0.00818595970306507
"2","Rana_cf._chensinensis_KF898356.1",249,0.000716333333333333,0.0249056666666667,0.0287618614237724,68.72546004,7.65159382456897,5.16004796,1.84738415678758,0.000160686479944533,0.00014229286760028,7.43307594275805e-05,0.000634151710689897,7.86442463645622e-05,0.000311262582973032,0.00558679000559127,0.00494727603000936,0.0025843514900654,0.0220483542892588,0.00273432394398371,0.0108220597543025
"3","Rana_huanrensis_KT588071.1",249,0.00124266666666667,0.029257,0.0424741657267207,68.72546004,7.65159382456897,7.81536715,1.54833072456497,0.000165743702371522,0.000159863348793637,0.0001087060100777,0.000281477199591798,0.000115962593873213,0.000244443143894472,0.00390222384679475,0.00376377842998024,0.00255934420883311,0.00662702126753532,0.00273019120891785,0.0057551017121142
"4","Rana_dybowskii_KF898355.1",249,0.00374433333333333,0.103624333333333,0.0361337266343491,68.72546004,7.65159382456897,13.26899314,2.27842567459416,0.000289879878503269,0.000292006621369532,0.000194010728363218,0.00040531137226206,0.000201478774074479,0.000372570756505829,0.00802241854090152,0.00808127609765962,0.00536924215779033,0.011216982304747,0.00557592014002097,0.0103108865652307
"5","Rana_uenoi_MW009067.1",249,0.004167,0.088758,0.0469478807544109,68.72546004,7.65159382456897,13.26899314,2.27842567459416,0.000322602008472302,0.000324968821663004,0.000215910986848446,0.000451063604081546,0.000224222038164788,0.000414627172356393,0.00687149245691974,0.00692190608907245,0.00459895065291441,0.00960775218888167,0.00477597784099598,0.00883164832349623
"6","Rana_amurensis_KU343216.1",249,0.00621433333333333,0.11399,0.0545164780536304,68.72546004,7.65159382456897,13.98688293,4.06837370456035,0.000468639295318423,0.000489292135636379,0.000177856413787721,0.0006200409693326,0.000247992220934196,0.000578000239435362,0.00859628706860705,0.00897512372598683,0.00326243404081892,0.0113734597587657,0.00454894061003417,0.0106023033781961
"7","Rana_kunyuensis_KF840516.1",249,0.00921433333333333,0.131418,0.0701146976314762,68.72546004,7.65159382456897,13.98688293,4.06837370456035,0.000694877221503362,0.000725500322126075,0.000263717472849541,0.00091936879875884,0.000367711686063615,0.000857032699603696,0.00991057859445742,0.0103473358173676,0.00376122955326205,0.0131123548958459,0.00524443088945934,0.012223295950134
"8","Rana_omeimontis_KU246050.1",249,0.005021,0.127414,0.039406972546188,68.72546004,7.65159382456897,15.23044674,3.10707821477989,0.000341486189646267,0.000345780026180671,0.000207528588292668,0.00045274136655757,0.000219056066731297,0.000438526548856159,0.00866562863325821,0.00877458997326908,0.00526629108717825,0.0114888644649604,0.00555881491465872,0.0111281461254648
"9","Rana_chaochiaoensis_KU246048.1",249,0.00379733333333333,0.0902606666666667,0.0420707432547215,68.72546004,7.65159382456897,15.23044674,3.10707821477989,0.000258262674928651,0.000261510061624524,0.000156951847429468,0.000342403880224646,0.000165669966952329,0.000331653352225278,0.0061387713871603,0.00621596010417941,0.00373066495353284,0.00813876470286079,0.00393789018533054,0.00788323016347132
"10","Rana_temporaria_MH536744.1",249,0.005818,0.113473666666667,0.0512718075559381,68.72546004,7.65159382456897,39.74847361,7.4882373720866,0.000150513527738037,0.000156095920491907,7.91391973193331e-05,0.000190387611571705,9.69566657720213e-05,0.000182718099016947,0.00293560018483501,0.00304447859228689,0.00154352267048497,0.00371330016723109,0.00189103272136916,0.0035637147923369
"11","Rana_draytonii_KP013110.1",249,0.006252,0.156663,0.0399073169797591,68.72546004,7.65159382456897,55.16318479,7.72077437950295,0.000115247879970903,0.000118122118098727,7.4465017622256e-05,0.00013704952066974,8.34867477002226e-05,0.000136223587440061,0.00288788845487549,0.00295991129041921,0.0018659489852456,0.00343419530657125,0.00209201605165706,0.00341349902097285
"12","Rana_catesbeiana_AB761267.1",249,0.001393,0.0537266666666667,0.0259275344335526,68.72546004,7.65159382456897,14.55569638,3.71504390723577,0.000103882056038478,9.30198812623464e-05,6.24698189604018e-05,0.000229820505730499,6.539338520662e-05,0.000205779863626656,0.00400663072320697,0.00358768711698133,0.00240940067481157,0.0088639552796463,0.00252215980560014,0.00793673089718699
"13","Rana_okaloosae_KP013096.1",249,0.001113,0.0370056666666667,0.0300764747741337,68.72546004,7.65159382456897,14.55569638,3.71504390723577,8.3001240754362e-05,7.43224176920255e-05,4.99130714306728e-05,0.000183625429201756,5.22489861701134e-05,0.000164417076968032,0.00275967317904373,0.00247111465855513,0.00165953861965229,0.00610528429879943,0.00173720446170934,0.00546663391247679
"14","Rana_sylvatica_KP222281.1",249,0.00578233333333333,0.209339,0.0276218637393574,68.72546004,7.65159382456897,54.777106,8.10145679462417,0.000108087739790336,0.000105858047213632,6.62688343814769e-05,0.00020053948786906,8.10632264589849e-05,0.000159447444628509,0.00391312261946779,0.00383240060165813,0.0023991442071685,0.00726017222303936,0.00293474861884431,0.00577250855094612
"15","Odorrana_livida_KX233865.1",262,0.0126493333333333,0.184274666666667,0.0686439083686671,47.25018533,9.95182788438257,28.75800195,7.68596711194608,0.000463401236899394,0.000486481396700158,0.000223567977965204,0.000600724703720654,0.000256600787389775,0.000584976942302772,0.00675079913006405,0.00708702939942469,0.00325692378651407,0.00875131847817189,0.00373814360935925,0.00852190611235342
"16","Amolops_tormotus_DQ835616.1",262,0.011981,0.197945333333333,0.0605268121164766,47.25018533,9.95182788438257,28.75800195,7.68596711194608,0.000438917219823836,0.000460777928786597,0.000211755661220706,0.000568985138237364,0.000243043166995644,0.000554069417022993,0.00725161634118764,0.00761279031018327,0.0034985431053796,0.00940054693682562,0.00401546287499722,0.00915411530276455
"17","Odorrana_hainanensis_KX056491.1",262,0.0127796666666667,0.166573333333333,0.0767209637396942,47.25018533,9.95182788438257,27.08003553,7.20664441818819,0.000496995867362842,0.000523338706634085,0.000258438451230314,0.000631376758695276,0.000267150521823383,0.000611342143553439,0.00647796694850047,0.00682132602517501,0.00336855063639668,0.00822952069316371,0.00348210591735781,0.00796838456862528
"18","Odorrana_schmackeri_KX233866.1",262,0.013604,0.150117333333333,0.0906224464418943,47.25018533,9.95182788438257,27.08003553,7.20664441818819,0.000529053844357242,0.000557095889176824,0.000275108637982513,0.000672102774612577,0.000284382667692322,0.000650775856509115,0.0058380000223947,0.00614743820157211,0.00303576706195973,0.00741651545507016,0.00313810406646507,0.00718117731379479
"19","Odorrana_wuchuanensis_KU680791.1",262,0.005531,0.0898246666666667,0.0615755137786948,47.25018533,9.95182788438257,22.46927413,5.46942545508212,0.000257980980029002,0.000273472208207153,0.000129842751999639,0.000338822137613,0.000159507906641479,0.000329797042125925,0.00418966833076209,0.00444124931202401,0.00210867508903458,0.00550254665889987,0.00259044377956403,0.00535597710660166
"20","Odorrana_margaretae_KJ815050.1",262,0.008048,0.0913543333333333,0.0880965325490854,47.25018533,9.95182788438257,22.46927413,5.46942545508212,0.000375380749823433,0.000397921593138884,0.000188930476964943,0.000493010407432548,0.000232095395525334,0.000479878248965728,0.00426101617125826,0.00451688144385445,0.00214458471290768,0.00559625212442787,0.00263455766997431,0.00544718657000888
"21","Rana_ishikawae_AB511282.1",262,0.00819366666666667,0.182581666666667,0.0448767218322395,47.25018533,9.95182788438257,47.25018486,9.95182777021447,0.000179569899652302,0.000189128923577777,0.000103013652437368,0.000226609842089235,0.000112522134703134,0.000215029579644805,0.00400140412046093,0.00421441040824658,0.00229548078004581,0.00504960774399609,0.00250736083450503,0.00479156165748112
"22","Babina_okinavana_AB761266.1",268,0.00168,0.0332306666666667,0.0505557115917024,68.64769181,6.68956041849865,14.18413393,2.59629985897716,0.000122590083680795,0.000122224049924733,8.18245590861716e-05,0.000217242175240728,8.69386871174589e-05,0.000170656960452658,0.00242485131394957,0.00241761110815407,0.00161850276674973,0.00429708470914656,0.00171966103097494,0.00337562176615999
"23","Babina_adenopleura_NC_018771.1",268,0.001942,0.037039,0.0524312211452793,68.64769181,6.68956041849865,14.18413393,2.59629985897716,0.000141708299111967,0.000141285181520138,9.45852938960389e-05,0.000251121609712794,0.000100496982370301,0.000197271319761346,0.002702746493722,0.00269467653878702,0.00180398800237661,0.00478954340996508,0.00191673930484736,0.00376247807036071
"24","Sylvirana_guentheri_MN248533.1",268,0.0108396666666667,0.295220333333333,0.0367172089546678,68.64769181,6.68956041849865,39.35599051,4.11459822951675,0.000278400389779737,0.000275520349260483,0.00021018235017128,0.000381278558006112,0.000226658646817707,0.000330029522977034,0.00758228628225687,0.0075038478442261,0.00572435531335668,0.0103841922864249,0.00617309031025606,0.00898841530641666
"25","Babina_holsti_AB761264.1",268,0.001534,0.0316276666666667,0.0485018391071109,68.64769181,6.68956041849865,8.42180555,1.38420337533585,0.000187057332001275,0.000184996466864585,0.00011112349841113,0.000322921806610677,0.000137076501167381,0.000259663289560733,0.00385670596094676,0.00381421550749944,0.0022911192741728,0.00665792911269901,0.00282621244247383,0.00535367924888983
"26","Babina_subaspera_AB761265.1",268,0.00128766666666667,0.028726,0.0448258256167467,68.64769181,6.68956041849865,8.42180555,1.38420337533585,0.000157019225015412,0.000155289298456734,9.32790252851355e-05,0.000271066262263591,0.000115064433726552,0.000217965946886813,0.00350287413237851,0.003464281947296,0.00208092152239772,0.00604710027164166,0.00256692279826218,0.00486250825027485
"27","Glandirana_emeljanovi_MH972198.1",272,0.00709866666666667,0.136608,0.0519637698133833,92.66641373,8.79287951409768,44.10456574,3.87845196487115,0.000162183794208498,0.000162273508963534,0.000133301062157711,0.00020791335246183,0.0001353882485195,0.000191446323187563,0.00312109369260441,0.00312282017925768,0.00256526927581337,0.00400112141995291,0.00260543546023927,0.00368422698882513
"28","Glandirana_rugosa_Shizuoka_LC536284.1",272,0.00791133333333333,0.17996,0.0439616211009854,92.66641373,8.79287951409768,44.10456574,3.87845196487115,0.000180750853293788,0.000180850838736877,0.000148561580073775,0.000231715604213424,0.000150887710854705,0.000213363403199363,0.00411156023747577,0.00411383461773258,0.00337934717494857,0.00527086122873277,0.00343225993664103,0.00485340162295744
"29","Glandirana_tientaiensis_KJ941041.1",272,0.0128113333333333,0.178171333333333,0.0719045712553834,92.66641373,8.79287951409768,54.48313175,4.59675253101834,0.000236793308566781,0.000237760999385898,0.000197285540071989,0.00028651693953689,0.000201274882324924,0.000274504808990684,0.00329316070498164,0.0033066186924534,0.00274371346115521,0.00398468323410576,0.00279919452700797,0.00381762667099044
"30","Hylarana_latouchii_MN241431.1",272,0.0174243333333333,0.355035,0.0490777904525845,92.66641373,8.79287951409768,92.66641361,8.79287953823354,0.000189554056909361,0.000192435131949787,0.000134029216574397,0.000219342575169699,0.000157320127580728,0.000213931243415364,0.00386231847769298,0.00392102273095819,0.00273095457921819,0.00446928382771454,0.00320552588309206,0.00435902353065486
"31","Pelophylax_nigromaculatus_AB043889.1",275,0.000379666666666667,0.0234213333333333,0.0162102926107253,91.44005966,8.66774474611772,11.37131353,4.48071430058001,4.36214549194346e-05,3.00834185407317e-05,1.97952999145222e-05,0.000124746277134095,2.06665462476203e-05,0.000119929454335253,0.00269097270277362,0.00185582205473747,0.00122115623634239,0.00769549817080777,0.00127490272655206,0.00739835222073066
"32","Rana_plancyi_EF196679.1",275,0.00174633333333333,0.006005,0.290813211212878,91.44005966,8.66774474611772,11.37131353,4.48071430058001,0.000200643373417838,0.000138373160434498,9.10514277894484e-05,0.000573789065764288,9.50588549528384e-05,0.000551633372486734,0.000689938990670425,0.000475814561028343,0.000313092474065072,0.00197305020418852,0.000326872546664513,0.00189686489890218
"33","Rana_chosenica_JF730436.1",275,0.000219,0.00726533333333333,0.0301431455312901,91.44005966,8.66774474611772,20.53314604,10.6824046116355,1.40514941983734e-05,1.02934516392283e-05,2.17989038774546e-06,4.93175042910733e-05,7.34269513110805e-06,4.32948786416527e-05,0.000466158854714987,0.00034148564981525,7.23179465621007e-05,0.00163611008147372,0.000243594190376912,0.00143630924638274
"34","Pelophylax_bedriagae_KP260932.1",275,0.00141966666666667,0.038235,0.0371300292053529,91.44005966,8.66774474611772,20.26979072,6.13229222234545,7.93830162011144e-05,6.97142864512433e-05,4.09503858624384e-05,0.000229542762566281,4.53654082888522e-05,0.000163820014509787,0.00213797343821292,0.00187757154904669,0.00110289129146537,0.00618213256167298,0.00122179834650688,0.00441206263544144
"35","Pelophylax_cf._terentievi_KP260931.1",275,0.00147933333333333,0.039675,0.0372862843940349,91.44005966,8.66774474611772,20.26979072,6.13229222234545,8.2719376825674e-05,7.26442834633993e-05,4.267147510155e-05,0.00023919013389743,4.72720549391702e-05,0.000170705147779863,0.00221849342647045,0.00194828432609984,0.00114442819377242,0.00641496297592194,0.00126781350588885,0.00457822898028349
"36","Pelophylax_cretensis_KM677928.1",275,0.00420166666666667,0.0626513333333333,0.0670642816859444,91.44005966,8.66774474611772,31.1584107,7.5543947902983,0.000147182950833701,0.000128402271423776,9.25598117575017e-05,0.000324556456460423,9.84706521095419e-05,0.000308928548682506,0.00219465484656862,0.00191461487688888,0.00138016555803804,0.00483948307953688,0.00146830249477166,0.00460645429901402
"37","Amolops_wuyiensis_KM386618.1",275,0.001436,0.076153,0.0188567751762898,91.44005966,8.66774474611772,7.55323267,1.07081323234161,0.000193895523811368,0.000188405537455043,0.000125225303080551,0.000271748849561843,0.000150954759760591,0.000253810498726261,0.0102825388752139,0.00999139755836621,0.00664086525452174,0.0144112048333447,0.00800533274376619,0.0134599101041093
"38","Amolops_ricketti_KF956111.1",275,0.00193566666666667,0.0707853333333333,0.0273455894818136,91.44005966,8.66774474611772,7.55323267,1.07081323234161,0.000261362884580459,0.000253962617456229,0.000168798360025246,0.000366305842480413,0.000203480568693071,0.000342125711723166,0.00955777108971378,0.00928715095445754,0.00617278190830398,0.0133954268100173,0.00744107450411327,0.0125111843703607
"39","Amolops_mantzorum_KJ546429.1",275,0.013392,0.216678666666667,0.061805807678344,91.44005966,8.66774474611772,77.91763865,8.4381929092685,0.000173466483182741,0.000175254072721467,0.000100257336896971,0.00020503501510273,0.000139934271179567,0.000200695218450327,0.00280663726757706,0.00283555994662415,0.00162213456409695,0.00331740693641274,0.00226409582587816,0.00324719028824614
"40","Rhacophorus_arboreus_HYK190603_LC565708.1",283,0.0100316666666667,0.212536333333333,0.0471997729015745,118.39744269,12.7358644169111,35.84823215,5.44916885322847,0.000285251878402446,0.000292140020266646,0.000189852067294398,0.000357370033472373,0.00019658092822939,0.000338077155256425,0.00604350107779716,0.00618943698894154,0.00402230891428854,0.00757143544350512,0.00416487021323851,0.00716268605701591
"41","Rhacophorus_dennysi_KM035412.1",283,0.0110503333333333,0.222774,0.0496033349193951,118.39744269,12.7358644169111,35.84823215,5.44916885322847,0.000314217810962602,0.000321805409930539,0.00020913061581248,0.000393659211817333,0.000216542759652185,0.000372407236215509,0.00633461059570293,0.00648757609651588,0.00421605958858038,0.00793614406081819,0.00436548792544018,0.00750770561738775
"42","Buergeria_buergeri_AB127977.1",283,0.026971,0.554162333333333,0.0486698542605145,118.39744269,12.7358644169111,99.91491605,12.0942661748266,0.000273159984178616,0.000279440380070962,0.0001814492029152,0.000316756842128653,0.000195574229383299,0.000304811398415713,0.00561250877630485,0.00574154955499157,0.00372816408990993,0.00650827595318352,0.00401838535074404,0.00626283770615283
"43","Mantella_baroni_MH141597.1",283,0.00585066666666667,0.191970666666667,0.0304768784119796,118.39744269,12.7358644169111,24.29018727,3.3353661031304,0.000245079126936415,0.000248232724603172,0.000174495746611497,0.000323035455515421,0.000180325881311959,0.000301224877080445,0.00804147733319307,0.00814495242090142,0.00572551244430952,0.010599361625843,0.00591680942104222,0.00988371817508851
"44","Mantella_madagascariensis_AB212225.1",283,0.00547633333333333,0.122999,0.0445233972091914,118.39744269,12.7358644169111,24.29018727,3.3353661031304,0.00022939864268678,0.000232350469035182,0.000163331279687801,0.000302367223032295,0.000168788394717079,0.000281952114035702,0.00515231669337719,0.0052186150114173,0.00366843704491811,0.00679119838074429,0.00379100439986719,0.00633267296992098
"45","Quasipaa_spinosa_NC_013270.1",287,0.001326,0.042721,0.0310385992837246,122.86980932,13.9665844566285,10.94293244,2.04356311146016,0.000125860580080518,0.000119245176366036,8.16737476245474e-05,0.000217763168266881,9.04269039069347e-05,0.000194932346599355,0.0040549697146454,0.00384183497702368,0.00263136061257035,0.00701588258788041,0.0029133693527965,0.00628032034620741
"46","Quasipaa_exilispinosa_MT561179.1",287,0.00173033333333333,0.03565,0.0485366993922394,122.86980932,13.9665844566285,10.94293244,2.04356311146016,0.000164238881648559,0.00015560626207041,0.000106578286555813,0.000284165059445294,0.000118000517390874,0.000254372501557881,0.00338380820503051,0.00320595063156046,0.00219582888598425,0.00585464324940747,0.00243116072721133,0.00524082817214705
"47","Quasipaa_boulengeri_KC686711.1",287,0.005098,0.168336333333333,0.0302846087891503,122.86980932,13.9665844566285,34.91733369,3.89162015876486,0.000147905860936781,0.000144894791769285,0.000114157730693001,0.000223655073162146,0.000120353820251444,0.000187552952397634,0.00488386235947579,0.00478443663506046,0.00376949662740563,0.00738510689437309,0.00397409195837331,0.00619301222292252
"48","Quasipaa_yei_KJ842105.1",287,0.00612266666666667,0.159815666666667,0.0383108039053326,122.86980932,13.9665844566285,43.75995101,4.16159673805334,0.000141273997760458,0.000139423315904106,0.00011416074690862,0.000197026113500836,0.000121991724523058,0.000176663872795313,0.00368757591486597,0.00363926886652198,0.00297985777564771,0.00514283422471882,0.00318426428285097,0.00461133296058877
"49","Nanorana_ventripunctata_KY594708.1",287,0.00521966666666667,0.07214,0.0723546807134276,122.86980932,13.9665844566285,19.08525153,2.23183972911223,0.00027752240662952,0.000271005020369627,0.000220635526975184,0.000444788140497834,0.000227474170562254,0.00035402740354296,0.00383558332222752,0.00374550779158278,0.0030493607987719,0.00614733056814236,0.00314387636458797,0.00489294403696069
"50","Nanorana_pleskei_HQ324232.1",287,0.00316833333333333,0.067413,0.0469988478977843,122.86980932,13.9665844566285,19.08525153,2.23183972911223,0.000168455870426821,0.000164499822377758,0.000133925581703756,0.000269986032021962,0.000138076632683711,0.000214894340039328,0.00358425531607047,0.00350008201765969,0.00284955031227627,0.00574452447449655,0.00293787271092278,0.00457233208155851
"51","Nanorana_taihangnica_KJ569109.1",287,0.004622,0.143392666666667,0.0322331685953257,122.86980932,13.9665844566285,32.69900988,3.23462842334873,0.000142765566246615,0.000142321967256168,0.000109908856499411,0.000207432249943385,0.000119241699299334,0.000170898059311925,0.00442915085510142,0.00441538866510341,0.0034098061496613,0.00643536639377941,0.00369934773699617,0.00530193172931525
"52","Nanorana_yunnanensis_KF199150.2",287,0.006693,0.171326666666667,0.0390657224016499,122.86980932,13.9665844566285,32.69900988,3.23462842334873,0.000206735165488662,0.000206092801134905,0.000159156204359705,0.00030037733640655,0.000172670855346266,0.00024747310925459,0.00529198368234784,0.00527554051134612,0.00407406274798552,0.00768902551751773,0.00442000927490781,0.00633478901811216
"53","Limnonectes_bannaensis_AY899242.1",287,0.020944,0.531401333333333,0.039412772769357,122.86980932,13.9665844566285,94.81221108,9.95413912637,0.000222957676984594,0.000228251187827602,0.000157105911085151,0.00025335337886299,0.000168774016664591,0.000249810940794994,0.00565699039469615,0.00579129992105159,0.00398616742862858,0.00642820489554518,0.00428221626659596,0.00633832443753409
"54","Fejervarya_multistriata_KR071859.1",287,0.00360533333333333,0.0689676666666667,0.0522757040738897,122.86980932,13.9665844566285,8.1363207,2.49294067336071,0.000472441854020952,0.000496703853038687,0.000189813507877524,0.000629001371346277,0.000237790915547451,0.000622856521943446,0.00903750341369241,0.00950161957334167,0.00363100815647035,0.0120323844984892,0.00454878455986633,0.0119148375517442
"55","Fejervarya_kawamurai_MH087466.1",287,0.004611,0.108202333333333,0.0426146078180692,122.86980932,13.9665844566285,8.13632064,2.49294067777866,0.000604224132579065,0.000635253735122426,0.00024275982382302,0.000804454139222731,0.00030411998287425,0.000796595319315019,0.0141788030798881,0.0149069478202042,0.00569663400070261,0.0188774267888869,0.0071365195749918,0.0186930106858158
"56","Fejervarya_cancrivora_EU652694.1",287,0.011943,0.371336,0.0321622465906888,122.86980932,13.9665844566285,34.29919835,7.32717826517545,0.000359925421274309,0.00037512907039678,0.000178467335434266,0.000441047500184278,0.000215396110506452,0.000432484969184353,0.0111909290994153,0.0116636463606178,0.00554896981251097,0.013713205603988,0.00669717240986553,0.0134469763474036
"57","Hoplobatrachus_tigerinus_AP011543.1",287,0.005035,0.200275333333333,0.0251403900630133,122.86980932,13.9665844566285,24.07614284,4.22811043372172,0.000214544504032404,0.000218301742877443,0.000132020394227318,0.000285987379521781,0.000139113768691759,0.000271731067978425,0.00853385741011406,0.00868330771043249,0.00525132640728387,0.0113756142528007,0.00553347694061535,0.0108085462197421
"58","Hoplobatrachus_rugulosus_HM104684.1",287,0.00776,0.180664,0.0429526635079484,122.86980932,13.9665844566285,24.07614284,4.22811043372172,0.000330658461031073,0.000336449160820052,0.000203471352374179,0.000440767043711822,0.00021440374280994,0.000418795052137553,0.0076982062118193,0.00783302206061776,0.004737106753264,0.010261692936231,0.00499162858131638,0.00975015326022923
"59","Euphlyctis_hexadactylus_AP011544.1",287,0.0181193333333333,0.485566,0.0373159021293363,122.86980932,13.9665844566285,54.97681113,8.19906572999913,0.000335538476057271,0.000346977502924871,0.000219159380044649,0.000411209813418786,0.000226963593447023,0.000386211367452262,0.00899183610500155,0.00929838173876252,0.00587308272181242,0.0110196937486206,0.00608222180078539,0.0103497797296622
"60","Occidozyga_martensii_GU177877.1",287,0.0442926666666667,1.22078566666667,0.0362820992055116,122.86980932,13.9665844566285,122.8698087,13.9665843736738,0.000364295398895935,0.000373024428457461,0.000257945737870839,0.000409053158671039,0.000264838217451384,0.000401751893212742,0.0100406373080143,0.0102812250841537,0.00710944910904312,0.0112742417784057,0.00729941825998735,0.0110730057524266
"61","Microhyla_mixtura_MF538787.1",303,0.00250533333333333,0.12488,0.0200619261157378,98.63573258,7.196894725466,19.96750552,2.03074001502055,0.00012678274571928,0.000126387146352474,0.000104681849768955,0.000158342248511755,0.00010579432407665,0.000151928494750832,0.00631956996491098,0.00629985105235378,0.00521793616251214,0.00789267429250183,0.00527338818148966,0.0075729764866221
"62","Microhyla_okinavensis_AB303950.1",303,0.00542266666666667,0.154393333333333,0.0351224146120299,98.63573258,7.196894725466,19.96750552,2.03074001502055,0.000274414809388137,0.000273558554664988,0.000226578543379638,0.000342723749173659,0.000228986437477242,0.00032884150513658,0.00781309634942202,0.00778871719631973,0.00645110952314855,0.00975797800235158,0.00651966671445223,0.00936272488008121
"63","Microhyla_pulchra_KF798195.1",303,0.00744866666666667,0.327598333333333,0.0227371934126649,98.63573258,7.196894725466,41.60324,3.94972284580884,0.000180546198510839,0.000179502929062385,0.000122345118859548,0.00021702879863187,0.000156686276582252,0.000210271552144343,0.00794056659650317,0.00789468276952773,0.00538083644005948,0.00954510060643553,0.00689118809601961,0.00924791148705357
"64","Microhyla_taraiensis_MF496241.1",303,0.00853533333333333,0.337329333333333,0.0253026715731807,98.63573258,7.196894725466,47.53639611,4.408115601175,0.000181011561723903,0.000181169025220204,0.000126660592537899,0.000213549287823633,0.000154707764908141,0.000209420197736469,0.00715385176622079,0.00716007496268622,0.00500581893779754,0.00843979210677431,0.00611428577653129,0.00827660419694345
"65","Microhyla_butleri_KT285802.1",303,0.00712766666666667,0.298096,0.023910641761938,98.63573258,7.196894725466,57.45051284,4.87800335332628,0.000124915068895913,0.00012455976912426,9.12007010533018e-05,0.000147085654216051,0.000105394532791476,0.000144409991380442,0.00522424576218435,0.00520938627931517,0.00381423058240449,0.00615147245651051,0.00440785043918176,0.00603956986258395
"66","Kaloula_rugifera_KT878719.1",303,0.000887666666666667,0.0762096666666667,0.0116476912377695,98.63573258,7.196894725466,12.09512896,2.54576106169788,7.76387574065935e-05,7.25946209209169e-05,4.54951366587289e-05,0.000208351181667287,5.48960194915664e-05,0.000127235963103293,0.00666559198915211,0.00623253307793027,0.00390593601169678,0.0178877665465303,0.00471303869332983,0.0109237067248752
"67","Kaloula_verrucosa_MG962359.1",303,0.00148366666666667,0.101307333333333,0.014645205019709,98.63573258,7.196894725466,12.09512896,2.54576106169788,0.000129767220884997,0.000121336334104018,7.60416272129186e-05,0.00034824300022572,9.17544809451604e-05,0.000212665141484324,0.00886073091570661,0.00828505534341979,0.00519225419586714,0.023778636062593,0.00626515510173333,0.0145211447158389
"68","Breviceps_adspersus_AB777216.1",309,0.00985,0.159704333333333,0.0616764729823653,142.71588771,13.1540397539793,39.26284085,6.6801683391556,0.000256929417698543,0.000261766809167263,0.000166594255951829,0.000358617858375655,0.000171182140462422,0.000309867730709907,0.00416576054490024,0.00424419225856361,0.00270109894253295,0.00581450010084383,0.00277548524072327,0.00502408318320188
"69","Breviceps_mossambicus_LC498571.1",309,0.0113976666666667,0.175084,0.0650982766367382,142.71588771,13.1540397539793,39.26284085,6.6801683391556,0.000297299072059773,0.000302896531501056,0.000192770131768558,0.000414965158424324,0.000198078880840325,0.00035855523912568,0.00456692692064282,0.00465291167677574,0.00296121712782437,0.00637444153460337,0.00304276689144394,0.00550790677803181
"70","Breviceps_poweri_LC498572.1",309,0.018813,0.267383,0.070359746131953,142.71588771,13.1540397539793,52.98557339,8.31402801724368,0.000361923451691096,0.000376429843284843,0.000216272679187398,0.000423688170731221,0.000248825305821468,0.00041460922928089,0.00514389934000533,0.00535007392691389,0.00307381267098092,0.00602174103835784,0.00353647247894868,0.00589270502061405
"71","Hemisus_marmoratus_AB777217.1",309,0.0367296666666667,1.14238133333333,0.0321518442178093,142.71588771,13.1540397539793,120.95582278,12.9971291242753,0.000306595164124214,0.000312521591385463,0.000213593630636345,0.000357487290488007,0.000230802249249112,0.000339083044430613,0.00953585001367936,0.00972017621347993,0.00664327772893452,0.0111187180451064,0.00717850732560053,0.010546301547542
"72","Trichobatrachus_robustus_NC_023382.1",309,0.020789,0.691993333333333,0.0300421969383135,142.71588771,13.1540397539793,142.71588745,13.1540397687704,0.000146729971401588,0.000150540489325329,0.000106554887758401,0.000161387967886923,0.000116065890228544,0.000160102579695095,0.00488412920342919,0.0050109680605063,0.00354684073129515,0.00537204280426979,0.00386342884532932,0.0053292567126112
"73","Bufo_stejnegeri_KR136211.1",314,0.00236133333333333,0.0747046666666667,0.0316089133208992,127.05544723,5.48758097387983,8.3226039,1.13520897077522,0.000288815877222319,0.000289619624535667,0.000207092975332607,0.00040360850157666,0.000220892288086033,0.000362695716422743,0.00913716565609863,0.00916259352529454,0.00655172714196668,0.0127688192719299,0.00698829111407582,0.0114744759726661
"74","Bufo_japonicus_AB303363.1",314,0.00241266666666667,0.0784643333333333,0.0307485779101333,127.05544723,5.48758097387983,8.3226039,1.13520897077522,0.000295094483248891,0.000295915703329921,0.00021159499653549,0.000412382599437022,0.000225694294348773,0.000370580405910194,0.00959701239229153,0.00962371997153081,0.00688145634422197,0.0134114364782093,0.00733999130003325,0.0120519526786983
"75","Bufo_tibetanus_JX878885.1",314,0.000593333333333333,0.010464,0.0567023445463812,127.05544723,5.48758097387983,4.52063363,1.16723079809643,0.000140799658439978,0.000129038797880114,7.56217424235086e-05,0.000277792863907091,8.34050484110669e-05,0.000228761863577342,0.00248313644817291,0.00227572243991716,0.001333661650651,0.00489914246279292,0.00147092768523608,0.00403443394461794
"76","Bufo_gargarizans_DQ275350.1",314,0.000415333333333333,0.0126003333333333,0.0329620909499749,127.05544723,5.48758097387983,4.52063363,1.16723079809643,9.85597609079844e-05,9.03271585160801e-05,5.2935219696456e-05,0.000194455004734964,5.83835338877469e-05,0.00016013330450414,0.00299009431948854,0.00274033460599225,0.00160594240750059,0.00589935283626514,0.00177123271628469,0.00485810517139726
"77","Bufotes_raddei_KT223827.1",314,0.00451733333333333,0.179518666666667,0.0251635855881283,127.05544723,5.48758097387983,32.74029191,3.87220083825535,0.000140040820142447,0.000137058134008607,0.000112484640538573,0.00019606643168209,0.00011453534990137,0.000181715284158728,0.00556521723233735,0.00544668539102269,0.0044701356308952,0.00779167305054454,0.00455163074833842,0.00722135895627123
"78","Bufotes_zamdaensis_MK867845.1",314,0.00185233333333333,0.0392726666666667,0.0471659678487158,127.05544723,5.48758097387983,11.6117208,2.69940684563759,0.000170622936351464,0.000157018524201316,0.000104872110659647,0.000343705929239627,0.000109231213424093,0.000328429938544162,0.00361750101044751,0.00332906397055078,0.00222346991788704,0.00728715946934576,0.00231589042706492,0.00696328207655139
"79","Bufotes_pewzowi_MK855100.1",314,0.000649,0.0351853333333333,0.0184451854939558,127.05544723,5.48758097387983,11.6117208,2.69940684563759,5.97809712212166e-05,5.50144082454494e-05,3.67439264808949e-05,0.000120423869755183,3.82712205392673e-05,0.000115071637636402,0.00324100677875025,0.00298258904815442,0.00199206055655744,0.00652874267893073,0.00207486232934921,0.00623857307773395
"80","Anaxyrus_americanus_MK855099.1",314,0.00350866666666667,0.240401,0.0145950585341436,127.05544723,5.48758097387983,47.86497351,5.45801103956729,7.43824421796863e-05,7.20562860959946e-05,6.00884301206323e-05,0.000108219026344188,6.20880477630478e-05,9.81104628668661e-05,0.00509641273487709,0.00493703303261349,0.00411703933766772,0.00741477165651787,0.0042540458209057,0.00672216987943876
"81","Hyla_ussuriensis_KT964710.1",314,0.00136766666666667,0.017589,0.077756931415468,127.05544723,5.48758097387983,7.24807083,1.94554126096949,0.000204131660816231,0.000188077636603816,0.000105586759363761,0.000391922555415299,0.000119516402410187,0.000360180777671735,0.00262525355746773,0.0024187893372346,0.00135790800179078,0.00504035522339729,0.00153705142724307,0.00463213723992309
"82","Hyla_japonica_AB303949.1",314,0.000355,0.0175606666666667,0.0202156334231806,127.05544723,5.48758097387983,7.24807083,1.94554126096949,5.29856735971939e-05,4.88185920017216e-05,2.74067508463089e-05,0.000101729837074651,3.10224149565802e-05,9.34907453620273e-05,0.00262102465394119,0.00241489301768516,0.00135572060853075,0.00503223594062607,0.00153457545985217,0.00462467553724162
"83","Hyla_suweonensis_KY419887.1",314,0.00238633333333333,0.144251666666667,0.016542847569641,127.05544723,5.48758097387983,21.05766905,4.13716588503809,0.000118705264017983,0.000107991152695192,8.22987390888213e-05,0.000197966828955775,8.68196871683534e-05,0.000194181777570433,0.00717562460261241,0.00652796637583568,0.00497488348014847,0.0119669136841397,0.00524817065519497,0.0117381107909614
"84","Dryophytes_versicolor_MH087467.1",314,0.00191466666666667,0.126016333333333,0.0151937976294078,127.05544723,5.48758097387983,26.29674147,4.70375741189303,7.57156592142261e-05,7.01282645909066e-05,5.15302205814608e-05,0.000124983903752994,5.91218312476789e-05,0.000122428542255951,0.00498332681933826,0.00461558501050272,0.00339153000706836,0.00822598186453964,0.00389118196054209,0.0080577973487674
"85","Hyla_annectans_KM271781.1",314,0.000422333333333333,0.0356356666666667,0.0118514222642109,127.05544723,5.48758097387983,19.4555811,3.18252587117755,2.24525834355683e-05,2.12957996439832e-05,1.53232566775022e-05,5.1653741204646e-05,1.70512420542484e-05,3.36748823816942e-05,0.00189450539648484,0.00179689822615573,0.00129294664689954,0.00435844239223764,0.0014387506979428,0.00284142119240709
"86","Hyla_tsinlingensis_KU601448.1",314,0.00487966666666667,0.0146263333333333,0.333622005970966,127.05544723,5.48758097387983,19.4555811,3.18252587117755,0.000259418602141503,0.000246053047346701,0.00017704589937013,0.000596810668898826,0.000197011154247942,0.000389081770470104,0.000777582406132045,0.000737520436131286,0.000530678121351316,0.00178888280214575,0.00059052206006185,0.00116623533072325
"87","Pseudis_tocantins_MH571152.1",314,0.0131123333333333,0.735174,0.0178356869711569,127.05544723,5.48758097387983,79.30259581,4.82621684215016,0.000165972610483317,0.000163828398069294,0.000142002692083983,0.00019509139399722,0.000150044895804179,0.000192045412296415,0.00930564719776256,0.00918542685427422,0.007961716995461,0.0109382607080239,0.00841262217972456,0.0107674805353436
"88","Bokermannohyla_alvarengai_KY829114.1",314,0.0313973333333333,0.743444,0.0422322775263952,127.05544723,5.48758097387983,97.0888185,5.51457725448935,0.000324374660607186,0.000324906986623182,0.000261776822802262,0.000363371118767988,0.000285670838241103,0.00036030685531169,0.00768072857080587,0.00769333329039893,0.00619850119706785,0.00860410899082772,0.00676427734835183,0.0085315516097018
"89","Telmatobius_chusmisensis_KT949346.1",314,0.00129433333333333,0.025817,0.0501349240164749,127.05544723,5.48758097387983,14.23748876,3.04950747817772,9.60607555126405e-05,8.95651847828677e-05,4.83545090093989e-05,0.000222208716876566,6.62855356339182e-05,0.000165841951388546,0.00191604470131587,0.00178648290667471,0.00096448752956141,0.00443221409497989,0.00132214293597286,0.00330791269044405
"90","Telmatobius_bolivianus_JF703234.1",314,0.00141666666666667,0.0401323333333333,0.0352998828874474,127.05544723,5.48758097387983,14.23748876,3.04950747817772,0.000105139894650714,9.80303979724923e-05,5.29247136981575e-05,0.000243210673892713,7.25504832459831e-05,0.000181516428895524,0.00297847715206165,0.00277707431169274,0.00149928864826284,0.00688984364815553,0.00205526130149803,0.00514212552699632
"91","Anomaloglossus_baeobatrachus_KU958559.1",314,0.0186086666666667,0.569911333333333,0.0326518628043895,127.05544723,5.48758097387983,127.05544652,5.48758100355487,0.000146723843537185,0.000147090590602041,0.000127829436431463,0.000165686067568509,0.00013104751786944,0.000156531199834285,0.00449358263006852,0.0045048146711638,0.00391492017460879,0.00507432205510296,0.00401347753586122,0.00479394394041255
"92","Calyptocephallela_gayi_JF703228.1",332,0.00830633333333333,0.278851,0.0297877121951628,132.60488124,6.46516170985893,67.86344106,6.47788067348659,0.000123694702719238,0.000121669641901325,0.00010010752791456,0.000218003601595518,0.00010437020174764,0.00015120815578181,0.00415254121930602,0.00408455812598736,0.00336069877601464,0.00731857485956641,0.00350380052901775,0.00507619231685625
"93","Telmatobufo_australis_KR349313.1",332,0.011567,0.261466333333333,0.0442389651185175,132.60488124,6.46516170985893,67.86344106,6.47788067348659,0.000172251289339872,0.000169431287114968,0.000139404925003537,0.000303581322644009,0.000145340919412691,0.000210565199798732,0.00389365548851349,0.00382991072826989,0.00315117961349383,0.0068623061554606,0.00328535984111108,0.00475972254854113
"94","Lechriodus_melanopyga_JF703230.1",332,0.0191206666666667,0.903331333333333,0.0211668365317414,132.60488124,6.46516170985893,132.60488104,6.46516181237304,0.000144563895450395,0.000143225224417166,0.000133437644621468,0.000187456968671471,0.000134681747369192,0.000162321795673695,0.00682973552678077,0.0067664917335374,0.00630409009968815,0.00885616366859373,0.00636286613576978,0.00766868471017292
"95","Oreolalax_major_KU127230.1",334,0.001315,0.0445486666666667,0.0295182796342577,221.435074,7.72412637116931,8.1168675,1.32166003952023,0.000165908219243341,0.000163780309701728,0.000100151003341692,0.000226900376930702,0.000114961511188107,0.000219486081251777,0.00562052468162116,0.0055484368239283,0.00339284689292873,0.0076867751014653,0.00389458710373782,0.00743559868567174
"96","Oreolalax_xiangchengensis_MH727696.1",334,0.001338,0.040102,0.0333649194553888,221.435074,7.72412637116931,8.1168675,1.32166003952023,0.000168810036005772,0.000166644908274458,0.000101902693894437,0.0002308689766793,0.000116972244843868,0.00022332500130409,0.00505950677421783,0.00499461443320053,0.00305418671939814,0.00691951248340306,0.00350584526362392,0.006693407475558
"97","Oreolalax_omeimontis_MN803321.1",334,0.009342,0.167312666666667,0.0558355812869318,221.435074,7.72412637116931,37.64688485,3.01880505933039,0.000249723081800409,0.000248933360455473,0.000192332239429138,0.000300052504370466,0.000218548430254321,0.000291639666995018,0.00447247214132354,0.0044583284478805,0.00344461784038332,0.00537385834363459,0.0039141426527151,0.00522318672561712
"98","Oreolalax_lichuanensis_KU096847.1",334,0.00345933333333333,0.078292,0.0441850167748088,221.435074,7.72412637116931,11.84945113,1.54920513839536,0.000296818732732628,0.000298719601377627,0.000207110921389152,0.000396176654780985,0.000233177608876636,0.000371293989098767,0.00671763313444872,0.00676065379583461,0.00468735640510681,0.00896631219583144,0.00527730044926854,0.00840316505912142
"99","Oreolalax_schmidti_MT773151.1",334,0.00217366666666667,0.0643036666666667,0.0338031527491952,221.435074,7.72412637116931,11.84945113,1.54920513839536,0.000186505584520088,0.000187699992347611,0.00013013782216021,0.000248936978784622,0.000146516784301845,0.000233301994884666,0.0055174020572542,0.00555273627108879,0.00384987232184454,0.00736431245427391,0.00433441180439399,0.00690178210936908
"100","Leptobrachium_leishanense_KU760082.1",334,0.001915,0.070044,0.0273399577408486,221.435074,7.72412637116931,13.40762354,1.83784646934546,0.000145486096288106,0.000142611558596396,9.77908210930971e-05,0.000211921661359588,0.000115153099304771,0.000179898606312375,0.00532137239081153,0.00521623185917804,0.00357684609537592,0.00775135292337909,0.00421189748705139,0.00658006160863918
"101","Leptobrachium_boringii_KJ630505.1",334,0.00250733333333333,0.0924056666666667,0.0271339780749377,221.435074,7.72412637116931,13.40762354,1.83784646934546,0.000190486756532486,0.00018672308855737,0.000128038739123112,0.000277471668711369,0.000150771386069711,0.000235543484191765,0.00702022961787639,0.00688152279189157,0.00471876032218714,0.0102259855869662,0.0055565529556085,0.00868075751890301
"102","Scutiger_ningshanensis_KX619450.1",334,0.0139466666666667,0.402589666666667,0.0346423860854186,221.435074,7.72412637116931,96.50668701,4.93244786275495,0.000144875778766415,0.000145287617921963,0.00011820754252551,0.000159785819177347,0.000132908709636175,0.000156428752700087,0.00418203810814853,0.00419392641037263,0.00341222288309016,0.00461243687958902,0.00383659224016666,0.00451553055018716
"103","Leptolalax_oshanensis_KC460337.1",334,0.0290043333333333,0.714292333333333,0.0406056903872691,221.435074,7.72412637116931,149.50240878,7.58515168361224,0.000194482187387457,0.000195164078286868,0.000166020648047508,0.000216308566645066,0.000170485898837741,0.000211612922918803,0.0047895303720395,0.00480632336072918,0.00408860547534391,0.00532705058286325,0.00419857160934254,0.00521141054124643
"104","Atympanophrys_shapingensis_JX458090.1",334,0.0400063333333333,0.698561,0.0572696347682355,221.435074,7.72412637116931,181.73477551,8.02418003091716,0.00022055845891497,0.000219830533769078,0.000189808148068315,0.000252333690854594,0.00019955523597479,0.000240882600631132,0.00385122866258094,0.00383851817212928,0.00331428948056766,0.00440606425858595,0.00348448591967402,0.00420611379147012
"105","Pelobates_cultripes_AJ871086.1",334,0.0182476666666667,0.72859,0.025045178586951,221.435074,7.72412637116931,201.0185292,8.20938705527162,9.09245224274481e-05,9.07720031643422e-05,7.9915907496202e-05,0.000102353603566778,8.28672019707331e-05,9.85321819615562e-05,0.00363042020689847,0.00362433044145415,0.00319086994004665,0.00408675878318974,0.00330870876735965,0.00393417765497161
"106","Pelodytes_cf._punctatus_JF703231.1",334,0.0187323333333333,1.04788266666667,0.0178763652928063,221.435074,7.72412637116931,221.43507347,7.72412638338184,8.46993426347036e-05,8.42926265369114e-05,7.6386719838794e-05,9.65151143051992e-05,7.86007776101893e-05,9.15214233045062e-05,0.00473806286945746,0.00471531125909761,0.00427305655191176,0.0053990345757836,0.00439691046377416,0.00511968858352518
"107","Xenopus_laevis_M10217.1",345,0.015656,0.602744333333333,0.0259745287250039,172.30748274,56.4612580525859,172.30748274,56.4612580525859,0.000199802184700225,8.13480958983744e-05,6.11508983409124e-05,0.00608471890627411,6.55416871121782e-05,0.000983013045244244,0.00769223522072565,0.00313184107244518,0.00235426401719645,0.234257143630743,0.00252330611292615,0.0378452697121686
"108","Xenopus_cf._tropicalis_AP014695.1",345,0.00550166666666667,0.318320333333333,0.0172834283284867,172.30748274,56.4612580525859,172.30748274,56.4612580525859,7.02123798858205e-05,2.85864912877421e-05,2.14890047929816e-05,0.0021382278476421,2.30319695491931e-05,0.000345440093505285,0.00406241045187174,0.00165398269049582,0.00124332999128206,0.12371549249392,0.00133260422130669,0.0199867808018116
"109","Bombina_microdeladigitora_JX893182.1",346,0.001573,0.015785,0.0996515679442509,226.86643276,51.5986596767721,15.73779147,7.58547091158549,0.000140229532748738,8.97381307730044e-05,4.73902051345133e-05,0.000413695123263,5.52643303800385e-05,0.000382071746352846,0.00140719845800307,0.000900519004610219,0.000475559051524662,0.00415141609707975,0.000554575623044442,0.00383407661549884
"110","Bombina_lichuanensis_JX893183.1",346,0.000498333333333333,0.00885333333333333,0.0562876506024096,226.86643276,51.5986596767721,15.73779147,7.58547091158549,4.44253340664047e-05,2.84294353688581e-05,1.50134258690607e-05,0.000131060438499298,1.75079834537312e-05,0.000121042013307376,0.000789255433313517,0.00050507411598453,0.000266726816777426,0.00232840484718484,0.000311044843164616,0.00215041864444408
"111","Bombina_maxima_EU789363.1",346,0.00135866666666667,0.0360783333333333,0.0376587979858641,226.86643276,51.5986596767721,28.28013349,12.829824472084,6.56957312189688e-05,4.19840307776287e-05,2.66483052259746e-05,0.000184389076150562,2.74736038447629e-05,0.000158710450656625,0.00174449888824462,0.00111485318233971,0.000707624954890421,0.0048963080611276,0.000729540115833639,0.00421443219499995
"112","Bombina_bombina_EU115993.1",346,0.00138866666666667,0.0834943333333333,0.0166318672325068,226.86643276,51.5986596767721,29.30142455,13.7534691266513,6.61536086659998e-05,4.31113818597645e-05,2.4643675288877e-05,0.000180959679655324,2.69974375681716e-05,0.000170596588759017,0.0039775214497085,0.00259209511818996,0.00148171428645794,0.0108802984731408,0.00162323551473556,0.0102572120360357
"113","Bombina_variegata_variegata_JX893177.1",346,0.00137366666666667,0.0842833333333333,0.0162982005141388,226.86643276,51.5986596767721,29.30142455,13.7534691266513,6.54390353606781e-05,4.26457044272898e-05,2.43774810046716e-05,0.00017900500236668,2.67058185833978e-05,0.00016875385076234,0.00401510800556842,0.00261658975113813,0.00149571610580714,0.0109831144985234,0.00163857467333466,0.0103541400546609
"114","Bombina_orientalis_AY585338.1",346,0.003455,0.152296666666667,0.0226859856858325,226.86643276,51.5986596767721,58.90724705,24.4874445034005,7.72434475463372e-05,5.03302030048269e-05,3.78896456558145e-05,0.000217048994334424,3.83293540747841e-05,0.000188719039211782,0.00340489712971018,0.00221855923308011,0.00167017850493826,0.00956753642271637,0.00168956088598438,0.00831874981432426
"115","Discoglossus_galganoi_AY585339.1",346,0.0130376666666667,0.946933333333333,0.0137683047029006,226.86643276,51.5986596767721,188.04648738,48.3433988333849,8.14086073371693e-05,6.28360640234903e-05,4.46694131600472e-05,0.00038458652563109,5.82782016615259e-05,0.000258350133997404,0.00591275462693811,0.0045638199748915,0.00324436552821471,0.0279327436405492,0.00423277977347846,0.0187641208973953
"116","Alytes_obstetricans_pertinax_AY585337.1",346,0.0170533333333333,0.964789333333333,0.0176757067518712,226.86643276,51.5986596767721,188.04648738,48.3433988333849,0.00010648286634545,8.21898866218844e-05,5.84278162572039e-05,0.000503041102735319,7.62281798124324e-05,0.000337923269892546,0.00602424943116785,0.00464987837689621,0.00330554342620662,0.0284594618929207,0.0043125958629271,0.019117949547153
"117","Leiopelma_hochstetteri_KJ792087.1",353,0.0127423333333333,0.255096666666667,0.0499509989677116,165.60578583,39.1104130841024,165.60578583,39.1104130841024,8.90274291553057e-05,7.0466543207595e-05,5.59104031336199e-05,0.000476119873749455,6.42954715863542e-05,0.00023837401099438,0.00178229526926685,0.00141071339240172,0.0011193050046859,0.00953173877577944,0.00128717088576977,0.0047721570323041
"118","Leiopelma_archeyi_HM142901.1",353,0.0103673333333333,0.197653333333333,0.052452104695089,165.60578583,39.1104130841024,165.60578583,39.1104130841024,7.24339106283077e-05,5.7332524834348e-05,4.54894540053325e-05,0.000387377516241284,5.23116581808352e-05,0.00019394429303757,0.00138095336782719,0.00109304526801411,0.000867256981769725,0.00738535695551513,0.000997322385534951,0.00369755025398873
"119","Pachytriton_brevipes_EU880324.1",362,0.002968,0.036995,0.0802270577105014,89.92341796,13.8160427427449,18.49397632,3.75136431379219,0.000167203110547823,0.000162798252418011,0.000102159661438476,0.000266549653045393,0.000116356457563189,0.000236017753357428,0.0020841236774652,0.00202921878308771,0.00127338162901497,0.00332244084043609,0.00145033933542796,0.00294187223229718
"120","Pachytriton_feii_KT899979.1",362,0.00181866666666667,0.0416996666666667,0.0436134581411522,89.92341796,13.8160427427449,18.49397632,3.75136431379219,0.000102455095591748,9.97559821644955e-05,6.25991815822469e-05,0.000163330515163484,7.12983863954134e-05,0.000144621839882988,0.00234916239065837,0.0022872752222867,0.00143531800160511,0.00374495676620907,0.00163477947941346,0.00331599111941384
"121","Pachytriton_labiatus_EU880325.1",362,0.00300533333333333,0.047422,0.0633742426159448,89.92341796,13.8160427427449,21.71077886,4.22647558062684,0.000143788577968329,0.000141138838009092,9.27248881673159e-05,0.000214405933736533,0.000101688843817947,0.000205215233191127,0.00226888041628686,0.00222706942415721,0.001463132091838,0.00338317153604278,0.00160457686941039,0.00323814888699743
"122","Paramesotriton_laoensis_EU880328.1",362,0.00710633333333333,0.112841,0.0629765185821938,89.92341796,13.8160427427449,35.58893174,5.81294427044262,0.000205078025679039,0.000198255320809028,0.000149368835570962,0.000280288650373796,0.000154707575207437,0.000263201478066663,0.00325642049284419,0.00314808321057435,0.00237181792410473,0.00445068505982872,0.00245659141995156,0.00417935897366485
"123","Paramesotriton_deloustali_KY744236.1",362,0.003017,0.0487426666666667,0.061896490412233,89.92341796,13.8160427427449,17.83715941,3.24747116448676,0.000174913940701452,0.000169789616512452,0.000121314850316896,0.000252650146791661,0.000125735443791578,0.000237924530440402,0.00282591047628901,0.00274312186978045,0.00195996331147267,0.00408181699978467,0.00203138244113964,0.00384390987042748
"124","Paramesotriton_chinensis_KY609177.1",362,0.00343633333333333,0.068484,0.0501771703366236,89.92341796,13.8160427427449,17.83715941,3.24747116448676,0.000199225258500858,0.000193388703637926,0.000138176421601689,0.000287766032844463,0.000143211434100915,0.000270993700619832,0.00397043629930335,0.00385411736733138,0.00275377070238725,0.00573499922203518,0.00285411539032895,0.00540073700453447
"125","Paramesotriton_caudopunctatus_EU880326.1",362,0.00403433333333333,0.094981,0.0424751616990065,89.92341796,13.8160427427449,33.09425655,5.54469611017613,0.000125405435407143,0.000122410541865012,9.20393484602736e-05,0.000170395236276866,9.40812543212404e-05,0.000168704357389867,0.00295244162449124,0.00288193233335885,0.00216689813007649,0.00401164420477889,0.00221497106916113,0.00397183555380822
"126","Cynops_orientalis_EU880311.1",362,0.00302766666666667,0.077082,0.0392785172500281,89.92341796,13.8160427427449,22.21032884,4.00313688819907,0.000140861094001845,0.000135608656393832,9.56822598095596e-05,0.00019610891245161,0.000104778143337386,0.000194194666827698,0.00358621210432133,0.00345248919480878,0.00243599469909957,0.00499277788933006,0.00266756870353375,0.00494404270893293
"127","Cynops_orphicus_EU880312.1",362,0.003782,0.0753066666666667,0.0502213172804533,89.92341796,13.8160427427449,22.21032884,4.00313688819907,0.000175956178855547,0.000169395113447586,0.000119521184608528,0.000244968812140919,0.00013088327802554,0.000242577638426408,0.00350361536462587,0.0033729723276995,0.0023798894788259,0.00487778547848372,0.00260612992874405,0.00483017275456496
"128","Cynops_cyanurus_cyanurus_MF037878.1",362,0.00784033333333333,0.136052666666667,0.0576271933907947,89.92341796,13.8160427427449,36.00153469,5.62753712019123,0.000223223611680935,0.000217623575733537,0.000162897897992423,0.000296004633383015,0.000169533421411675,0.000289614339514991,0.00387358117837111,0.00377640421003568,0.00282675397511975,0.00513654432857212,0.00294189967333643,0.00502565407881296
"129","Cynops_ensicauda_EU880310.1",362,0.00619566666666667,0.113017666666667,0.0548203378232902,89.92341796,13.8160427427449,34.09092621,5.62838612640827,0.000186687841662922,0.000180547251336812,0.000129224213312405,0.000282544902780201,0.000136576357885744,0.000235675748750278,0.0034054485812309,0.00329343558441384,0.00235723124744234,0.00515401608233365,0.00249134469630576,0.00429905684839017
"130","Cynops_pyrrhogaster_EU880313.1",362,0.00560366666666667,0.107635333333333,0.0520615906796405,89.92341796,13.8160427427449,34.09092621,5.62838612640827,0.000168849696357421,0.000163295843450968,0.000116876755258774,0.000255547552624843,0.000123526397612161,0.000213156776900034,0.00324326810136157,0.00313658959165893,0.00224497088415858,0.00490856213359572,0.00237269733789498,0.00409431932673144
"131","Mesotriton_alpestris_EU880335.1",362,0.021299,0.323443666666667,0.0658507251649179,89.92341796,13.8160427427449,72.33837418,10.8421671501006,0.000301506233163106,0.000282323889830551,0.000241075994637403,0.000399920177442211,0.000245319736325496,0.000377731347678211,0.00457863193469787,0.00428733152328229,0.00366094669471972,0.00607313247410173,0.00372539156875057,0.00573617597577267
"132","Triturus_cristatus_EU880336.1",362,0.005812,0.135489666666667,0.0428962602314076,89.92341796,13.8160427427449,31.87925098,5.29303032660243,0.000187568750668055,0.000179552452310376,0.000130694779926361,0.000270532645824171,0.000140143323955156,0.00025563561405607,0.00437261312888814,0.00418573673653053,0.00304676396546732,0.00630667205870068,0.00326702894842442,0.00595939162707941
"133","Triturus_marmoratus_EU880337.1",362,0.005081,0.117892333333333,0.0430986465051445,89.92341796,13.8160427427449,31.87925098,5.29303032660243,0.000163977429825256,0.000156969375462667,0.000114256740675472,0.000236506602448832,0.000122516901069537,0.000223483233829816,0.00380470021966194,0.00364209524407989,0.0026510517136967,0.00548756449742805,0.00284270878564393,0.00518538868275457
"134","Calotriton_asper_EU880307.1",362,0.008158,0.164885666666667,0.0494767081027864,89.92341796,13.8160427427449,50.38854806,8.06521359435466,0.000166372585556404,0.000155880972756852,0.000125079788578053,0.000235079307713051,0.000129406726483106,0.000220175951704794,0.00336264460462425,0.00315059305144177,0.00252805397477544,0.0047513126221874,0.00261550801266461,0.00445009298612561
"135","Neurergus_strauchii_EU880321.1",362,0.00396766666666667,0.072628,0.0546299865983734,89.92341796,13.8160427427449,25.63630531,4.1965468378907,0.000159178474900575,0.000153295654669136,0.000118034850535829,0.000235454824224656,0.000122122212438261,0.000222346303377241,0.00291375643327202,0.002806071614041,0.0021606238237544,0.00430999234826219,0.00223544284087189,0.00407004133118094
"136","Neurergus_kaiseri_EU880320.1",362,0.00493833333333333,0.088746,0.0556457004634951,89.92341796,13.8160427427449,25.63630531,4.1965468378907,0.000198120566718644,0.000190798548594745,0.00014691139298398,0.000293057483062108,0.000151998704299155,0.000276742038522543,0.00356039307742412,0.00342881025857359,0.00264012119104076,0.00526648924572997,0.00273154445057026,0.00497328699643366
"137","Ommatotriton_vittatus_EU880338.1",362,0.00872533333333333,0.267988333333333,0.0325586312837002,89.92341796,13.8160427427449,50.18741467,7.78274982928861,0.000178288580353322,0.000168768826935641,0.000135477568106022,0.00024432671473582,0.000140609475055371,0.000231280483083759,0.00547592368978295,0.00518353567952752,0.00416103388762063,0.00750420718263231,0.00431865436326756,0.00710350754822869
"138","Lissotriton_vulgaris_EU880339.1",362,0.00934466666666667,0.369230333333333,0.025308502100315,89.92341796,13.8160427427449,70.20985808,10.7604321844742,0.000136402631283276,0.000129486429425335,0.000103116412360422,0.000177628986941982,0.000108267732368843,0.000173626387070742,0.00538959716946577,0.0051163213418199,0.00407437832360448,0.00701854998126386,0.00427791940983719,0.00686039760008479
"139","Euproctus_platycephalus_EU880317.1",362,0.00846866666666667,0.356009666666667,0.0237877435912321,89.92341796,13.8160427427449,89.9234172,13.8160426140782,9.65958746153323e-05,8.91754247560627e-05,7.50264619920214e-05,0.000128542129116152,7.8427963259631e-05,0.000124098561835586,0.00406074137485392,0.0037487971237815,0.00315399658249534,0.00540371257253383,0.00329699044210897,0.00521691186722426
"140","Notophthalmus_viridescens_EU880323.1",382,0.00175766666666667,0.0652823333333333,0.0269240784898416,90.4174794,16.1197557379955,37.24883625,9.72991336942293,5.18176114198486e-05,4.34045751801624e-05,3.12440163901619e-05,0.000117825322183434,3.39204863095079e-05,9.88415392866228e-05,0.00192458254195772,0.00161210996307781,0.00116044886743107,0.00437620631019513,0.00125985690920884,0.00367112060395737
"141","Notophthalmus_perstriatus_KP013091.1",382,0.00352866666666667,0.08343,0.0422949378720684,90.4174794,16.1197557379955,37.24883625,9.72991336942293,0.000104028301629152,8.71384094172576e-05,6.27250440937329e-05,0.000236544445407515,6.80982871368199e-05,0.000198432872157821,0.0024595922553146,0.00206025623399258,0.00148303904082944,0.00559273656159522,0.00161008126652887,0.00469164590708303
"142","Notophthalmus_meridionalis_EU880322.1",382,0.00416066666666667,0.103294333333333,0.0402797184743919,90.4174794,16.1197557379955,44.42440627,11.1281220045415,0.000102197677699063,8.71826827878716e-05,6.54688046862782e-05,0.000215197839690919,7.12498094526727e-05,0.000193586900517523,0.00253719940381499,0.00216443128427768,0.00162535407808027,0.00534258549566905,0.0017688755570119,0.00480606389144942
"143","Taricha_rivularis_EU880334.1",382,0.003926,0.0816346666666667,0.0480923137229282,90.4174794,16.1197557379955,38.29046715,7.82884978483001,0.000107781800489763,9.64018721909657e-05,6.94064144573809e-05,0.000185561070554091,8.11462641884218e-05,0.000171681790513485,0.00224114400298394,0.00200451724461337,0.00144319141843016,0.00385843508430795,0.00168730214678224,0.0035698384465881
"144","Taricha_granulosa_EU880333.1",382,0.005001,0.120293666666667,0.0415732609918505,90.4174794,16.1197557379955,38.29046715,7.82884978483001,0.000137294137608075,0.000122798207546363,8.84109726697305e-05,0.000236370584269233,0.000103365376262429,0.000218690940997947,0.00330246255243216,0.00295377857345457,0.00212663068906385,0.0056856397268323,0.00248634275484648,0.00526037495689397
"145","Tylototriton_shanjing_KR154461.1",386,0.00121566666666667,0.0256246666666667,0.0474412675286833,82.47413488,17.5327543115567,17.17012227,6.21082006401484,8.37759404721572e-05,6.6944145880203e-05,4.00196501200611e-05,0.000187914563641464,4.49281476777289e-05,0.000169345050287802,0.00176588748227491,0.0014110952208376,0.000843561991590233,0.00396099373879185,0.000947026713621533,0.00356957263389758
"146","Tylototriton_yangi_KU297946.1",386,0.001406,0.0242096666666667,0.0580759751614369,82.47413488,17.5327543115567,17.17012227,6.21082006401484,9.68924916127116e-05,7.7425392739977e-05,4.62854083373781e-05,0.000217335790907511,5.19624148353881e-05,0.000195858903787756,0.00166837476845416,0.00133317421747553,0.000796980303967623,0.00374226675149873,0.000894731680199005,0.00337246001024205
"147","Tylototriton_verrucosus_NC_017871.1",386,0.000170666666666667,0.00154366666666667,0.110559274454761,82.47413488,17.5327543115567,2.72122021,1.2071511564443,7.94066179666317e-05,6.53332893761276e-05,2.82444128055534e-05,0.000285977282679607,3.30665826448295e-05,0.000218070166524638,0.000718226655866155,0.000590934498243842,0.00025546850723148,0.00258664217986184,0.000299084656695714,0.00197242761948359
"148","Tylototriton_shanorum_KU255459.1",386,0.000401333333333333,0.00318633333333333,0.125954597761272,82.47413488,17.5327543115567,2.72122021,1.2071511564443,0.000186729625062157,0.00015363531329855,6.64185019880591e-05,0.000672493453801264,7.77581357507319e-05,0.000512805625968095,0.00148251535379499,0.00121976740848907,0.000527320980484931,0.00533917352565306,0.000617350514652198,0.00407135297228324
"149","Tylototriton_kweichowensis_KT373904.1",386,0.00237733333333333,0.0390963333333333,0.0608070663063032,82.47413488,17.5327543115567,24.91247243,8.66648189703852,0.000111414440834727,8.51407090105424e-05,5.79111319900825e-05,0.000222791759428883,6.27252045213357e-05,0.000204270678156357,0.00183226140648686,0.00140017787705237,0.000952375036453279,0.00366391232075916,0.00103154465971718,0.00335932467334282
"150","Tylototriton_pseudoverrucosus_KU255458.1",386,0.000863333333333333,0.0104983333333333,0.0822352754405461,82.47413488,17.5327543115567,15.00117278,5.96599843732706,7.25393028637533e-05,5.48151742727613e-05,3.14216658719048e-05,0.000234852895037984,3.5393606239767e-05,0.000174655172007143,0.000882094727294946,0.000666565217652748,0.000382094736152757,0.00285586560973796,0.000430394451166587,0.00212384735226447
"151","Tylototriton_taliangensis_KP979646.1",386,0.000947666666666667,0.01486,0.0637729923732615,82.47413488,17.5327543115567,15.00117278,5.96599843732706,7.96251884330698e-05,6.01697067403322e-05,3.44910409551449e-05,0.000257794123781077,3.88509739535357e-05,0.000191716082631779,0.00124857224774754,0.000943498250609923,0.000540840874351164,0.00404237145204376,0.000609207322845101,0.00300622686026195
"152","Tylototriton_ziegleri_KY398015.1",386,0.00121866666666667,0.025435,0.0479129808007339,82.47413488,17.5327543115567,20.21660106,6.97393538618351,7.12686790618541e-05,5.50498879641016e-05,3.52843013763821e-05,0.000189305002617701,3.84296350990908e-05,0.000157730677256458,0.00148746076471958,0.00114895560752209,0.000736424676292352,0.00395101701989706,0.000802071473259333,0.00329202388622922
"153","Tylototriton_asperrimus_EU880340.1",386,0.001787,0.0285113333333333,0.0626768302663268,82.47413488,17.5327543115567,20.21660106,6.97393538618351,0.000104505303186707,8.07227706169444e-05,5.17393708092955e-05,0.000277588654002597,5.63515519054228e-05,0.000231289431283334,0.00166736739465991,0.00128792043684942,0.000825494374706638,0.00442888788126434,0.000899081074552963,0.0036901903031876
"154","Tylototriton_wenxianensis_KR733683.1",386,0.00362833333333333,0.061438,0.0590568269366407,82.47413488,17.5327543115567,42.10886503,13.1952665249855,9.82257888506337e-05,7.63938736288327e-05,5.84622840255663e-05,0.000196777416829363,6.24872794161261e-05,0.000182210529999923,0.00166324189675845,0.00129356549600594,0.000989932698014536,0.00333200117643428,0.00105808731449737,0.00308534236347319
"155","Echinotriton_andersoni_AB689008.1",386,0.00768133333333333,0.0849716666666667,0.0903987603711041,82.47413488,17.5327543115567,44.55806898,11.8002609935073,0.000187457683968347,0.000156705288776922,0.000120233846378732,0.000342954651956466,0.000124556081775706,0.000294889539383251,0.00207367538225964,0.00173348935465063,0.00133003866297667,0.00379379817321136,0.00137785165708445,0.00326209715899503
"156","Echinotriton_chinhaiensis_EU880315.1",386,0.00498166666666667,0.0821666666666667,0.0606288032454361,82.47413488,17.5327543115567,44.55806898,11.8002609935073,0.000121574166243141,0.000101629948827074,7.7976689556073e-05,0.000222420468386104,8.07798403982784e-05,0.0001912482280022,0.00200522127660985,0.00167626513120601,0.00128613275179471,0.00366856108780025,0.00133236739097863,0.00315441205771443
"157","Pleurodeles_poireti_EU880329.1",386,0.003571,0.0704316666666667,0.0507016256892023,82.47413488,17.5327543115567,40.41970891,10.4195096271224,9.55823504792585e-05,8.37151018761406e-05,6.0627480329897e-05,0.00018000821958563,6.46908565529276e-05,0.000161031084557356,0.00188519301264958,0.00165113249798554,0.00119576994831565,0.00355034413864891,0.00127591286617669,0.00317605367418525
"158","Pleurodeles_waltl_EU880330.1",386,0.00491433333333333,0.123123666666667,0.0399137994049343,82.47413488,17.5327543115567,40.41970891,10.4195096271224,0.000131538373295595,0.000115206921213473,8.34342334083517e-05,0.00024772343707187,8.90261643012986e-05,0.00022160751233353,0.00329556131605285,0.002886393250732,0.00209036059338508,0.00620646094245905,0.00223046078370311,0.00555215278017692
"159","Lyciasalamandra_atifi_AF154053.1",399,0.00449066666666667,0.0597136666666667,0.0752033314539943,121.59071436,19.6618570221677,38.6624867,7.33251603544469,0.000121024048095231,0.000112316280882998,8.39578022053518e-05,0.000199513856764571,8.87862043033491e-05,0.000181934890189482,0.00160929104808697,0.00149350140095466,0.00111641067732103,0.00265299226652776,0.00118061530768307,0.00241923976866345
"160","Lyciasalamandra_flavimembris_EU880318.1",399,0.00562766666666667,0.0663026666666667,0.0848784362619905,121.59071436,19.6618570221677,38.6624867,7.33251603544469,0.000151666345308178,0.000140753842795996,0.000105215229708503,0.000250029130326325,0.000111266143650048,0.000227999313470088,0.00178686545119701,0.00165829919817958,0.00123959905886744,0.00294573205324579,0.00131088823675554,0.00268618654526495
"161","Salamandra_salamandra_EU880331.1",399,0.00612133333333333,0.158189333333333,0.0386962458488562,121.59071436,19.6618570221677,75.59889241,14.5360244962556,8.47967079059399e-05,7.66813513277683e-05,6.29057890545893e-05,0.000140944210161663,6.58046391080325e-05,0.000138197691432751,0.00219134197764681,0.00198162249710936,0.0016256302820768,0.00364232258375082,0.00170054323525489,0.00357134622238389
"162","Mertensiella_caucasica_EU880319.1",399,0.0158293333333333,0.343116,0.046134057675344,121.59071436,19.6618570221677,121.59071416,19.6618570276868,0.000134361184974869,0.000121702547204298,0.000106042970363194,0.00020808701381433,0.000109229141289758,0.000198430488356715,0.00291240770366223,0.00263801957462199,0.00229858320959848,0.0045104858384382,0.00236764652392878,0.0043011713765374
"163","Ambystoma_andersoni_AY659993.1",402,0.000915666666666667,0.00643766666666667,0.142235799720396,177.13729387,19.7222428229227,7.27896388,2.82629413406581,0.000154326558732183,0.000119389792825232,7.0690448302508e-05,0.000458318004623222,7.73159014092009e-05,0.000344803407948868,0.00108500503414439,0.00083937934795548,0.000496994768134815,0.00322224085303542,0.000543575538374917,0.00242416753466199
"164","Ambystoma_mexicanum_AY659991.1",402,0.000266,0.00532633333333333,0.0499405469678954,177.13729387,19.7222428229227,7.27896388,2.82629413406581,4.48316686815734e-05,3.46825826991391e-05,2.05354851639612e-05,0.000133140796392185,2.24601708498516e-05,0.000100164950689187,0.000897700794314362,0.000694477429761333,0.000411198643402175,0.00266598594680541,0.000449738182969647,0.00200568389356205
"165","Ambystoma_dumerilii_AY659994.1",402,0.001422,0.0395493333333333,0.0359550940597397,177.13729387,19.7222428229227,11.74806364,4.14565532837836,0.000143172216370691,0.000110838464109083,6.84237487572332e-05,0.00038010688434513,7.92435251985894e-05,0.000298890267149883,0.00398197307265582,0.00308269153530579,0.00190303350739527,0.0105717115831648,0.00220395822263531,0.0083128767971869
"166","Ambystoma_tigrinum_tigrinum_AY659992.1",402,0.000656,0.042934,0.0152792658499092,177.13729387,19.7222428229227,16.4898599,5.6990179082905,4.70819662013724e-05,3.59402730816323e-05,2.38765118454433e-05,0.000111764090538454,2.74982225805431e-05,9.75484107100652e-05,0.0030814285623319,0.00235222512879086,0.0015626740237382,0.00731475527923474,0.00179970836626987,0.00638436503875905
"167","Ambystoma_laterale_AY728218.1",402,0.00261933333333333,0.145093666666667,0.0180527061829025,177.13729387,19.7222428229227,39.34474532,10.6196057980493,7.36478413772456e-05,6.04505391583611e-05,4.78034497349159e-05,0.000148793225965899,5.07162488406256e-05,0.000142045605927103,0.00407960117619354,0.00334855830178042,0.00264799356121964,0.00824215629825176,0.00280934328220875,0.00786838297194645
"168","Ambystoma_talpoideum_MG822788.1",402,0.00660866666666667,0.264206666666667,0.0250132472054705,177.13729387,19.7222428229227,74.0055425,16.1547043398334,9.51510582692188e-05,8.21446466222239e-05,6.53386417997274e-05,0.000168427389572722,7.04715415319317e-05,0.000163563867666807,0.00380402662187775,0.00328404568776894,0.00261216151837486,0.00673352756598058,0.00281736877075758,0.00653908972006781
"169","Dicamptodon_aterrimus_GQ368657.1",402,0.0200563333333333,0.970873666666667,0.0206580258811565,177.13729387,19.7222428229227,177.13729354,19.7222428164455,0.000114918741952771,0.000108609324838454,0.000100670640909131,0.000164057176258538,0.00010147875117117,0.000160745319086073,0.00556291015481762,0.0052574880805781,0.00487319754018503,0.00794157085494721,0.00491231600516754,0.00778125267200383
"170","Hydromantes_brunus_AY728234.1",408,0.010727,0.215082333333333,0.0498739242491635,212.8484242,15.3197337351793,59.89452031,4.44066239308799,0.000180081338937277,0.000179773138798048,0.000152258080156903,0.000216663291591061,0.000155787669693921,0.000210065069837334,0.00361073129191949,0.0036045517072193,0.00305285943404497,0.00434421984740242,0.0031236296730056,0.00421192182086729
"171","Hydromantes_italicus_AY728215.1",408,0.013357,0.203737666666667,0.0655597966666285,212.8484242,15.3197337351793,59.89452031,4.44066239308799,0.00022423291173536,0.000223849148403611,0.000189588065317027,0.000269783871145875,0.000193983024527053,0.000261567925591244,0.00342028076864826,0.0034144271304239,0.00289183424837454,0.00411508096215926,0.00295887166205619,0.00398976108668116
"172","Ensatina_eschscholtzii_AY728216.1",408,0.0224926666666667,0.324471333333333,0.0693209672349072,212.8484242,15.3197337351793,90.45854595,5.92404594931629,0.000249701035919248,0.000248152174228688,0.00020425265790438,0.000290687411886267,0.000219819248670833,0.000284722033249066,0.00360209970921336,0.00357975637281253,0.00294647732210993,0.00419335481718276,0.00317103550973162,0.00410730035379097
"173","Desmognathus_fuscus_AY728227.1",408,0.009588,0.249901,0.0383671934085898,212.8484242,15.3197337351793,60.28933076,4.99154339908863,0.000160053034405183,0.000161468917498179,0.000119925743600586,0.000183250576241643,0.000134777654626686,0.00018127670655586,0.0041716117387244,0.0042085152223313,0.00312573667621299,0.00477623094006705,0.00351283590622273,0.00472478413068586
"174","Desmognathus_wrighti_AY728225.1",408,0.0173313333333333,0.240178666666667,0.0721601696514817,212.8484242,15.3197337351793,60.28933076,4.99154339908863,0.000289312942249446,0.00029187230205814,0.000216778581308889,0.000331244975007231,0.000243624995642468,0.000327676994877812,0.0040093162702744,0.00404478403346085,0.00300413070473481,0.00459041291902547,0.00337616993999771,0.00454096763436703
"175","Phaeognathus_hubrichti_AY728233.1",408,0.00914233333333333,0.215157333333333,0.0424913861484309,212.8484242,15.3197337351793,87.83111704,6.04520201322084,0.000104580125230047,0.000104339238508697,8.67304164161708e-05,0.000123637602827767,9.20267352336647e-05,0.000121427527256856,0.00246120766370689,0.00245553859185057,0.00204112937415607,0.00290970980320285,0.00216577390326117,0.00285769748326603
"176","Plethodon_petraeus_AY728222.1",408,0.0140433333333333,0.2146,0.065439577508543,212.8484242,15.3197337351793,41.22823436,3.40211352907909,0.000342866580511426,0.000341605654269079,0.000267033274894055,0.00042833704653666,0.000286372134480657,0.000392429326264626,0.00523943756309651,0.00522016900589682,0.00408060817414651,0.00654553502398057,0.00437613055254325,0.00599681937453516
"177","Plethodon_cinereus_AY728232.1",408,0.013599,0.195324333333333,0.0696226617949974,212.8484242,15.3197337351793,41.22823436,3.40211352907909,0.000332018226563604,0.000330797196231085,0.000258584298975855,0.000414784393248424,0.000277311273923745,0.000380012799041489,0.00476882408692195,0.00475128625798754,0.00371408234487287,0.00595760608047059,0.00398306049746106,0.00545817682409831
"178","Plethodon_elongatus_AY728223.1",408,0.012449,0.221321333333333,0.0562485315468911,212.8484242,15.3197337351793,86.07680654,5.75286653860492,0.000145259048828684,0.000144612552709288,0.0001162985826025,0.000171283162258387,0.000130029361933405,0.000165424903131865,0.00258245050730951,0.00257095694291563,0.0020675843333892,0.00304511349092907,0.00231169344972157,0.0029409639431024
"179","Karsenia_koreana_MK512368.1",408,0.0116433333333333,0.239608666666667,0.0485931226750285,212.8484242,15.3197337351793,94.14100661,5.67987990498542,0.000124126414532999,0.000123503758656395,0.000103064408784828,0.000143347881440197,0.000110904716651408,0.000141510745430514,0.00255440292164608,0.00254158925908793,0.00212096698279882,0.00294996233106588,0.00228231302180547,0.00291215582865258
"180","Aneides_hardii_AY728226.1",408,0.007637,0.166455333333333,0.0458801760632482,212.8484242,15.3197337351793,66.15736281,5.67673597738401,0.000116286217923771,0.000114696282946698,9.36527989684727e-05,0.000149987533771499,9.85993178251095e-05,0.000134604779332884,0.00253456346295325,0.00249990938981105,0.00204124759328228,0.00326911417176633,0.00214906145279794,0.00293383310358976
"181","Aneides_flavipunctatus_AY728214.1",408,0.0131516666666667,0.241002,0.0545707781124915,212.8484242,15.3197337351793,66.15736281,5.67673597738401,0.000200256327885399,0.000197518303158395,0.000161279349801453,0.000258293315217777,0.000169797742778128,0.000231802696022825,0.00366966231400611,0.00361948848798222,0.00295541598232288,0.00473317999397654,0.00311151404929777,0.00424774401319678
"182","Gyrinophilus_porphyriticus_AY728230.1",408,0.00204033333333333,0.043579,0.0468191866112883,212.8484242,15.3197337351793,15.52478555,2.13973231643572,0.000133990206300635,0.000131446388316021,9.8093203382996e-05,0.000186014685952144,0.000104899376581106,0.000175633014672252,0.0028618653163088,0.00280753250600746,0.00209514967010011,0.00397304394663053,0.0022405211233596,0.00375130427041434
"183","Gyrinophilus_palleucus_KP013111.1",408,0.002489,0.042595,0.0584340885080408,212.8484242,15.3197337351793,15.52478555,2.13973231643572,0.000163454479733188,0.000160351279456907,0.000119663772204024,0.000226919075315253,0.000127966614104088,0.000214254487919899,0.00279724530503622,0.00274413931236117,0.00204784185497405,0.00388333387426805,0.0021899308669199,0.00366660100962158
"184","Stereochilus_marginatus_AY728212.1",408,0.00903066666666667,0.21062,0.0428765865856361,212.8484242,15.3197337351793,47.94181632,4.24570654276072,0.000189840121250291,0.000189992944420762,0.000156910992696944,0.000231363132617874,0.000161268906860391,0.000224724931051624,0.00442759408730286,0.00443115834422348,0.00365959618505429,0.00539602498803815,0.00376123473677864,0.0052412038584925
"185","Pseudotriton_ruber_AY728220.1",408,0.00661033333333333,0.187223333333333,0.0353072088592946,212.8484242,15.3197337351793,54.69566785,4.66092440462419,0.000121730574813368,0.000121081638493741,0.000101593588494255,0.000147322125990735,0.000103401703646911,0.000141371528077251,0.00344775412008594,0.00342937440838987,0.00287741772223127,0.00417257921966699,0.0029286286565156,0.00400404145908676
"186","Eurycea_cirrigera_KY752074.1",408,0.003818,0.0892066666666667,0.0427994918167551,212.8484242,15.3197337351793,24.97604906,2.63871711298837,0.000154581191689783,0.000152830117156554,0.000121016203936583,0.000195005300333956,0.000125407797306626,0.00019211362021276,0.00361175297014316,0.00357083952797599,0.00282751497271768,0.00455625270432802,0.00293012351276403,0.00448868928246367
"187","Eurycea_bislineata_NC_006329.1",408,0.003565,0.0818013333333333,0.0435811967205098,212.8484242,15.3197337351793,24.97604906,2.63871711298837,0.00014433785971034,0.000142702820236542,0.000112997057892593,0.000182083262360019,0.000117097642063416,0.000179383199596252,0.00331192969839702,0.00327441261312092,0.0025927938284314,0.00417802346107508,0.00268688450237779,0.00411606869693489
"188","Batrachoseps_attenuatus_AY728228.1",408,0.00807733333333333,0.229601,0.0351798700063734,212.8484242,15.3197337351793,54.07600201,6.32269781649354,0.000151961625985736,0.000146639028547793,0.000120503571855265,0.000285285768406657,0.000126181882481967,0.00020590949104838,0.00431956189599922,0.00416826521875229,0.00342535580243571,0.00810934686100241,0.00358676375038076,0.00585304866138154
"189","Batrachoseps_nigriventris_KT368149.1",408,0.00608033333333333,0.226332666666667,0.0268645857572482,212.8484242,15.3197337351793,54.07600201,6.32269781649354,0.000114391384103904,0.000110384719368616,9.07108639077207e-05,0.000214753124030448,9.49852970598204e-05,0.000155001445452852,0.0042580736266533,0.00410893063329046,0.00337659641311411,0.00799391161177712,0.00353570674486179,0.00576973145439369
"190","Nototriton_abscondens_AY728229.1",408,0.00952866666666667,0.30705,0.0310329479455029,212.8484242,15.3197337351793,86.70466481,6.94331619001612,0.000110634464501364,0.000108683886450301,9.26413368347779e-05,0.000144630408138046,9.49306961699063e-05,0.000131354921201751,0.0035650646111884,0.00350220954326225,0.00298525737862435,0.0046605436387169,0.00305902927226297,0.00423275679231068
"191","Oedipina_poelzi_AY728213.1",408,0.0156853333333333,0.446064333333333,0.0351638366065284,212.8484242,15.3197337351793,86.70466481,6.94331619001612,0.000182117657649765,0.000178906771174888,0.000152498801724526,0.000238079076657941,0.000156267363008854,0.000216226025749304,0.00517911795824788,0.00508780578117217,0.00433680782421262,0.00677056600285023,0.00444397932903153,0.00614910222023841
"192","Hemidactylium_scutatum_AY728231.1",408,0.0204803333333333,0.478821333333333,0.0427723910936856,212.8484242,15.3197337351793,149.41049975,9.32305326992743,0.00013762180038904,0.000136156579114272,0.000123555952499406,0.000162062185376746,0.000125399234229774,0.000155871047802858,0.00321753815650854,0.00318328191697406,0.00288868471787741,0.0037889437843626,0.00293177984731104,0.00364419766623403
"193","Amphiuma_means_GQ368656.1",408,0.0292493333333333,0.750504333333333,0.0389729039983336,212.8484242,15.3197337351793,185.21069626,12.7138669388736,0.000158730944945213,0.000155450046337806,0.000143092385344617,0.000193720824744268,0.000144954986751852,0.000190738797057196,0.00407285392312566,0.00398866982928583,0.00367158642709138,0.00497065409220086,0.00371937864209581,0.00489413868325932
"194","Rhyacotriton_variegatus_AY728219.1",408,0.026505,1.16366666666667,0.0227771412202807,212.8484242,15.3197337351793,199.87806135,13.9617707766129,0.000133313856847787,0.000129280635146811,0.000120369728940086,0.000161578607818963,0.000122411682546484,0.000160063137299833,0.00585296704088065,0.00567589382251798,0.00528467237288362,0.00709389322638498,0.0053743216219553,0.00702735851491814
"195","Necturus_beyeri_GQ368658.1",408,0.0186283333333333,1.24632033333333,0.0149466656646058,212.8484242,15.3197337351793,182.30469704,14.81205358143,0.000102929806200796,0.000100191899039434,9.16643124840398e-05,0.000134604392848141,9.30087039165903e-05,0.000127321843834474,0.00688647277663657,0.00670329431912643,0.00613275994398565,0.00900564686924718,0.00622270585317489,0.00851841117554242
"196","Proteus_anguinus_NC_023342.1",408,0.031746,0.636115333333333,0.0499060442917584,212.8484242,15.3197337351793,182.30469704,14.81205358143,0.000175410734239088,0.000170744852477724,0.000156212325174107,0.000229389875030353,0.000158503407776832,0.000216979113592335,0.00351481943176281,0.00342132611191388,0.0031301283720438,0.0045964347262088,0.00317603629031779,0.00434775219458071
"197","Siren_intermedia_GQ368661.1",434,0.009567,0.417765,0.0229004344547772,88.04518859,11.8584481006439,88.04518859,11.8584481006439,0.000111043615526017,0.000104390133488288,9.16444075904138e-05,0.000168407007365056,9.35772789710488e-05,0.000159098756069666,0.00484897418628894,0.0045584346312046,0.00400186327344091,0.00735387827238034,0.00408626653594023,0.00694741212809075
"198","Pseudobranchus_axanthus_GQ368660.1",434,0.009897,0.366994,0.026967743341853,88.04518859,11.8584481006439,88.04518859,11.8584481006439,0.000114873906434722,0.000107990922037586,9.48055505301898e-05,0.000174215966540395,9.68050935482878e-05,0.000164586640411988,0.00425967812651353,0.00400444785715487,0.00351551664254587,0.00646016110180113,0.00358966237260385,0.00610309280704831
"199","Hynobius_quelpaertensis_HM036352.1",435,0.00267533333333333,0.074219,0.0360464750715226,223.76185664,26.2564016301785,23.92553324,9.1651656225645,0.000134007003452607,9.97586062786469e-05,6.10065870999694e-05,0.00026080462613985,7.2040214635392e-05,0.000238337987297755,0.00371761741437169,0.00276749962598862,0.00169244251980038,0.0072352324498406,0.0019985370134653,0.00661196377245904
"200","Hynobius_unisacculus_MN242821.1",435,0.00198033333333333,0.0667626666666667,0.0296622863077169,223.76185664,26.2564016301785,23.92553324,9.1651656225645,9.91945685910715e-05,7.38432444432397e-05,4.51582524247344e-05,0.000193052614490014,5.33255563355175e-05,0.000176422375097927,0.00334413091297232,0.00248946570325662,0.00152241307215035,0.00650835247449519,0.00179775610626631,0.00594769982555355
"201","Hynobius_yangi_FJ594965.1",435,0.00301233333333333,0.0829086666666667,0.0363331537515177,223.76185664,26.2564016301785,32.77586352,12.3650589796445,0.000110189737186525,8.09702907925704e-05,5.69583139703744e-05,0.000223738255010461,6.11504735072938e-05,0.000199926780946132,0.00303276004995637,0.00222855112843564,0.00156766776591738,0.00615796406060992,0.00168304887391559,0.00550259914989572
"202","Hynobius_nebulosus_HM036356.1",435,0.001208,0.0562376666666667,0.0214802653026145,223.76185664,26.2564016301785,26.74603579,10.6680118638494,5.58818018603756e-05,3.98198824763009e-05,2.6030400922476e-05,0.000146141542681255,2.77441951991585e-05,0.000121209616018329,0.00260154151138785,0.0018537891369272,0.0012118286508923,0.00680352596312983,0.00129161324631226,0.0056428360781734
"203","Hynobius_dunni_LC538211.1",435,0.00180733333333333,0.067989,0.0265827315202949,223.76185664,26.2564016301785,26.74603579,10.6680118638494,8.36068238650543e-05,5.95759941463862e-05,3.89450424397531e-05,0.0002186477495634,4.15091132367102e-05,0.000181346174958991,0.00314515548566646,0.0022411539649679,0.00146505043734952,0.00822517992165217,0.0015615066948639,0.00682195412538923
"204","Hynobius_chinensis_HM036353.1",435,0.00159066666666667,0.030405,0.05231595680535,223.76185664,26.2564016301785,12.75653713,4.768477846314,0.000148595288016128,0.000110089513363406,7.68142843405325e-05,0.000302639636609198,7.72048270304244e-05,0.000277725747298245,0.00284034350301574,0.00210431998353795,0.00146827639273296,0.00578484376640989,0.00147574147057422,0.00530862406534145
"205","Hynobius_maoershanensis_KF974475.1",435,0.001126,0.026139,0.0430773939324381,223.76185664,26.2564016301785,12.75653713,4.768477846314,0.000105187527853831,7.79300872048588e-05,5.43752415134783e-05,0.000214232332872144,5.46516985978151e-05,0.000196596306448757,0.00244182663461037,0.00180907153592167,0.00126226859495631,0.00497319622464029,0.00126868627855088,0.00456379294339615
"206","Hynobius_yiwuensis_HM036354.1",435,0.00244666666666667,0.089651,0.0272910136715337,223.76185664,26.2564016301785,35.77422964,13.3065237293552,8.1546064782355e-05,5.93422509209855e-05,3.88310177111922e-05,0.000152255497170205,4.67560419499247e-05,0.000144280255982601,0.00298801890482408,0.00217442457928499,0.00142284996001066,0.00557896086245479,0.00171323947555288,0.00528673129254613
"207","Pseudohynobius_flavomaculatus_FJ532059.1",435,0.00478533333333333,0.115705333333333,0.0413579322186243,223.76185664,26.2564016301785,33.05515146,9.29914705391934,0.000158725981122144,0.000130454830579372,9.50763296165747e-05,0.00026906340763333,0.000104876052695174,0.000248801636922439,0.00383786066196672,0.00315428803088528,0.00229886564719887,0.00650572679047444,0.00253581470516425,0.00601581422415501
"208","Pseudohynobius_shuichengensis_FJ532060.1",435,0.00601966666666667,0.119973666666667,0.0501748994918329,223.76185664,26.2564016301785,33.05515146,9.29914705391934,0.000199667908406576,0.000164104470983064,0.000119600406557936,0.000338465873394421,0.00013192787932726,0.000312977762690326,0.00397943813398323,0.00327064872366662,0.00238367007745383,0.00674572100437419,0.00262936011159792,0.00623773571766238
"209","Protohynobius_puxiongensis_FJ532058.1",435,0.00741,0.171486666666667,0.0432103564903005,223.76185664,26.2564016301785,48.73216406,13.5387475923817,0.000166483411608432,0.00013484229518214,0.00010301227207023,0.000280221988758522,0.00011186073896154,0.000263786675061986,0.00385285901646756,0.00312060131261375,0.00238397181688036,0.00648506542225414,0.00258874834755529,0.00610470953002201
"210","Salamandrella_keyserlingii_JX508749.1",435,0.002426,0.093689,0.0258941818143005,223.76185664,26.2564016301785,26.8149215,8.79578248308751,0.000102828373284661,8.29793241391356e-05,5.00673484260041e-05,0.000260098629486071,5.86342520364545e-05,0.00018050527504747,0.00397109953201427,0.00320455478123309,0.0019335366062176,0.0100446745663316,0.00226437940603602,0.00697088158034726
"211","Salamandrella_tridactyla_JX508765.1",435,0.002132,0.091955,0.0231852536566799,223.76185664,26.2564016301785,26.8149215,8.79578248308751,9.03668968849537e-05,7.29232972236756e-05,4.39998296967192e-05,0.000228578020636564,5.15285347657547e-05,0.000158630357131577,0.00389760225284049,0.00314524474493578,0.0018977506284061,0.00985876730189271,0.00222247017560271,0.00684186420733312
"212","Ranodon_sibiricus_AJ419960.1",435,0.006426,0.235395,0.0272987956413688,223.76185664,26.2564016301785,106.53371822,29.2547571222178,6.61358558764923e-05,5.24644883160761e-05,4.21474278459778e-05,0.000121674672939672,4.55959741620576e-05,0.000106096168193117,0.00242266570090988,0.00192186091303497,0.00154392993741114,0.00445714435677468,0.00167025588824736,0.00388647798192013
"213","Onychodactylus_zhaoermii_KJ627182.1",435,0.0144943333333333,0.377099333333333,0.0384363801580132,223.76185664,26.2564016301785,176.37836958,28.4149774167176,8.50993564435849e-05,7.66729324982779e-05,6.79970060488046e-05,0.000166647590513186,7.10933072423224e-05,0.000136361294692808,0.00221403150072246,0.00199480107603976,0.00176907934017893,0.0043356733862058,0.00184963586451314,0.0035477142783015
"214","Andrias_davidianus_NC_004926.1",435,0.002751,0.0390453333333333,0.0704565633110231,223.76185664,26.2564016301785,22.14641206,4.15794347217743,0.00012947380116134,0.000119060119281555,9.3891272063937e-05,0.000228316433131296,9.49007897932166e-05,0.000209851945610142,0.0018376400306355,0.00168983716614131,0.00133261214642934,0.00324052753074851,0.00134694037479925,0.00297845843947529
"215","Andrias_japonicus_AB208679.1",435,0.003531,0.0354483333333333,0.0996097606845644,223.76185664,26.2564016301785,22.14641206,4.15794347217743,0.000166183930171099,0.000152817623112748,0.000120512570577158,0.000293051735872993,0.000121808320159887,0.000269351951999059,0.00166834985877896,0.00153416313885823,0.00120984700443952,0.00294199819233583,0.00122285526360834,0.00270407187155102
"216","Cryptobranchus_alleganiensis_GQ368662.1",435,0.0128296666666667,0.303811333333333,0.0422290588237876,223.76185664,26.2564016301785,89.78235078,14.3953159739644,0.000147511214275648,0.00013677613357503,9.95177982717371e-05,0.000260241238875142,0.000120820416585978,0.000231746982034346,0.00349312104944558,0.00323891029979537,0.00235661890280346,0.00616261044228029,0.00286107291877223,0.00548785572042641
"217","Geotrypetes_seraphini_AY954505.1",452,0.0275153333333333,2.163474,0.012718125262117,257.85128845,31.6644514790687,137.24251744,17.9427818846102,0.000205595558530125,0.000194938536705132,0.000168816092107971,0.000397191457118412,0.000174683327953853,0.0003394989412632,0.0161655554016695,0.0153276157206745,0.0132736616937417,0.0312303463704286,0.0137349903664006,0.0266941026500543
"218","Siphonops_annulatus_AY954506.1",452,0.0185446666666667,1.09214466666667,0.0169800459890234,257.85128845,31.6644514790687,137.24251744,17.9427818846102,0.000138566415129321,0.000131383841143766,0.000113777947669601,0.000267697399332805,0.000117732322188654,0.000228814044269097,0.00816054415982714,0.0077375433039874,0.00670068548360535,0.0157654107359812,0.00693356910015208,0.0134754666987952
"219","Gegeneophis_ramaswamii_AY456250.1",452,0.0205373333333333,1.16337166666667,0.0176532864962902,257.85128845,31.6644514790687,158.80561061,20.694722598223,0.000132623319853948,0.000125272195293243,0.000112598318913239,0.000259729818261298,0.000113900466961477,0.000218381586640656,0.00751267022612579,0.00709625345510415,0.00637832048649419,0.0147128308553696,0.00645208284505056,0.0123705909767311
"220","Typhlonectes_natans_AF154051.1",452,0.034772,0.747946333333333,0.0464899665261189,257.85128845,31.6644514790687,176.64441838,22.6003358700747,0.00020163191746437,0.00019014191275086,0.000172721539652084,0.00039100109605573,0.000174962757817836,0.000323401272235405,0.00433710610118615,0.00408995589712965,0.00371524336450201,0.00841044047291492,0.00376345200677954,0.00695636707016582
"221","Boulengerula_taitanus_AY954504.1",452,0.0223953333333333,1.32202433333333,0.0169401823920034,257.85128845,31.6644514790687,192.18125212,25.0873682847641,0.000119487283411874,0.000112130565882026,0.000102659910707575,0.000233439412307784,0.000103173100903655,0.000193241151833225,0.00705348269852618,0.00661920652843483,0.00606014199445904,0.0137802183533738,0.0060904362489248,0.011407265126286
"222","Scolecomorphus_vittatus_AY456253.1",452,0.0294616666666667,1.42103433333333,0.020732550914205,257.85128845,31.6644514790687,206.1494486,26.6157440235128,0.000146514550167054,0.000137336467865591,0.00012548245366293,0.000288682933313867,0.000127766249612364,0.000237404041372557,0.00706688486010997,0.00662419537440975,0.00605243677838769,0.0139241396058058,0.00616259186537552,0.0114507878145327
"223","Ichthyophis_glutinosus_AY456251.1",452,0.012923,0.404750666666667,0.031928298244516,257.85128845,31.6644514790687,128.34556737,18.9224299671343,0.000103809595761275,9.71014703275633e-05,8.35264790249454e-05,0.000224149965502448,8.62652516460509e-05,0.000166660293826417,0.0032513350685424,0.00304123538260426,0.00261606423196363,0.00702041692876469,0.00270184307930874,0.00521983015036018
"224","Uraeotyphlus_cf._oxyurus_AY456254.1",452,0.0162983333333333,0.551980333333333,0.0295270181727489,257.85128845,31.6644514790687,128.34556737,18.9224299671343,0.000130923422960292,0.000122463215240687,0.000105342598259555,0.000282695260730021,0.000108796705595544,0.000210189973087844,0.00443402114613537,0.00414749686284649,0.00356766801318185,0.00957412154102734,0.00368464925780942,0.00711856415226625
"225","Rhinatrema_bivittatum_AY456252.1",452,0.0240846666666667,0.638723,0.0377075299725651,257.85128845,31.6644514790687,257.85128794,31.6644516248622,9.57530946661593e-05,8.98609174461023e-05,8.36501176045124e-05,0.000197737263815059,8.69162594992118e-05,0.000171094747884658,0.00253936268792537,0.00238310272541009,0.00221839292219283,0.00524397286056465,0.00230501068519868,0.00453741594872806
