"ECO_CODE","Lat","Lon","AnnualTemp"
10101,-2.09781598254,146.937803169,26.4960117548279
81201,38.7549521516,24.7829806597,15.1233291384116
81301,35.2698905436,67.5687340422,3.45429185647745
30801,23.1673160084,57.4726455234,24.0590223705352
80801,41.0137109349,68.0285177121,13.6374469922044
81302,41.4706320787,101.574647091,6.49140393813494
51101,62.0747006209,-147.125939949,-5.12792715944071
50601,57.1266329166,-156.821789153,1.82111665874148
31201,-33.2947102573,24.5148380495,17.18738170347
50502,55.1431687049,-118.102371698,0.549296984400951
50501,52.84021162,-117.764985924,-1.27843147479435
30101,-2.24021293169,29.4609682061,19.3517621527062
31301,-9.39832064086,46.3673487927,26.0059880239521
51102,52.8789397178,-110.633164484,3.60307699383681
50401,41.9756538208,-77.1020448023,7.27803558383051
80501,46.4194466117,10.6029794651,4.57080990989564
81001,48.6539534345,88.0109259251,-3.28956330367529
80502,48.2461033997,90.0732584734,-1.51783926652014
80802,48.4715023647,82.5878164574,1.76194559046632
60150,-23.4892155255,-51.8762478701,21.2028882913475
61401,4.52719294570402,-56.1239576943,26.9147548714871
30802,-37.9644262627,77.5330120381,12.15
80901,48.7379516635,131.148090802,1.01731377835755
81202,39.0451018853,29.2396171775,11.9173149600822
40101,12.2916852356,92.7836136211,26.5673812022186
30701,-12.4747149569,18.1260002613,20.8771704531032
31001,-12.5707632725,15.0534640283,19.5840341655716
30702,-17.9383202011,15.4562122276,22.0149040344693
31002,-9.28065731844,13.7444780782,24.6173829128742
11101,-51.4575619362,166.797407026,6.16499202551834
50403,37.4656895627,-80.8457177765,11.5185324239379
50402,37.9023532949,-82.4571170345,11.6438507666723
80401,42.8758815074,12.5865150603,9.46219483659621
60201,7.01246280798335,-70.992831232,26.78728667139
81303,24.8837197374,46.0307582866,24.5072398727384
31302,16.9053039522,49.2971344832,27.3102051193394
60101,-26.4270747191,-51.2204831761,17.281065120333
61301,10.62106477,-63.4822454102,25.8955479452055
51103,70.3074506965,-142.204975425,-11.621453405444
81101,78.4850603094,52.5477134109,-11.5050083093501
51104,69.0484782271,-155.261615067,-10.4708515312425
50503,34.1599148556,-109.453551048,10.5094201530197
10701,-12.96588817,133.293892752,27.0394558222744
30703,-7.93747605613,-14.3631037254,25.2235294117647
61303,-22.3272543928,-69.6267388883,14.7246488917734
60102,-22.8772913955,-44.877228295,21.3514519731943
81304,22.1953841159,-15.7087288508,22.5647747982296
50504,40.2940251483,-73.4324572236,11.3275455438809
60202,-12.4546585597,-43.2759466781,23.9942663338161
30102,-0.295299526934,10.7944297039,24.5590001086642
80402,49.5869809941,3.29400454361456,10.2650221436151
11001,-36.6744737953,147.756530253,8.19198438217731
81305,40.3552906368,47.6581662201,13.524023796868
80403,38.3628912107,-27.343376478,15.7886864531296
81306,36.6274787288,64.5801673346,15.4108293754544
51105,70.2346512499,-68.8961843703,-12.6603474689527
61402,22.0757189742,-77.0491924014,25.4747243673806
60301,24.2006055097,-76.2908078451,25.1605331358756
60103,-16.7614580968,-39.9303127172,23.2876006647066
60104,-18.280034241,-42.010096736,21.6699376025342
51301,27.8269356055,-113.588913239,19.7415737614823
60204,20.4619835891,-102.061669976,18.8560441680961
80404,43.0003070422,23.8151482581,10.6573287675072
60205,18.4627945152,-100.156468432,24.6155706500482
80405,54.5516400255,13.5192508831,7.84377670280004
81307,30.088809658,68.2337934578,19.9459550584898
10102,-7.34558954292,130.925014247,26.6887053623357
60302,17.2130097605,-88.5646898071,24.9113234868231
60702,-13.677597861,-65.4819391116,25.8878776245069
81102,63.5016170112,168.630747718,-8.69397568421181
51106,61.0630454978,-161.088392226,-1.2197086439519
51107,62.8570116385,-162.105961096,-3.5650515505437
50301,32.3114318889,-64.7563246857,21.5348837209302
10103,-0.949124554684,135.811985785,26.2593215158924
50505,44.7372707373,-118.474975316,5.67701362839532
80902,38.0775395593,118.61161241,12.142750488831
60206,-18.8621222903,-65.395231707,15.7465492691392
60105,-15.7201081645,-67.0713561273,20.7548692437588
40102,0.999154861804268,114.119617937,25.8227269162791
40103,2.19781883298451,115.076314119,22.7155959898782
40104,0.363186566328443,113.048790028,26.8415336359463
40105,26.846308366,93.18051879,23.801558722226
10702,-24.4974931953,148.848257526,20.7511144442846
50506,52.0502553105,-126.259178594,4.20236034801194
51108,68.2307878519,-149.065714023,-11.9265930411069
10104,-3.43070822034,126.638769356,23.9007772795217
61304,-8.65121734426,-39.8610611817,24.525001443228
60106,-4.20438011899,-40.0910155665,23.6507857142857
80503,57.1785032578,-4.20618350426,6.16024148339802
50801,37.5501715803,-120.74792427,16.554656135667
51201,32.9900758663,-117.14496238,15.8327353182628
51202,37.2942583399,-121.111102131,14.549381277281
51203,34.9624571275,-119.114223101,12.5867957746479
30103,6.46696759943372,11.0857390896,21.8030364190886
60703,-19.0970115651,-43.8719646282,18.8587884167993
50802,53.0727983916,-108.768164539,1.32402922002962
81203,28.1968417996,-16.5936134517,16.6782636148382
80406,42.6822367529,-6.04017001859,11.8680757449178
10801,-44.611809275,170.669260812,9.23098277822718
30201,15.8846370388,-23.9163884833,21.8197870452529
10703,-13.9166183818,142.956819538,26.056854948683
60107,0.749324198953112,-71.9905027974,26.1722740387529
40106,12.1363158767,103.128236106,26.1223935068144
61305,15.3467238915,-62.7073154924,26.030431131019
11301,-24.5234006665,114.587111181,23.4600244435199
70101,6.65178631609414,157.877073297,26.7045602605863
80504,47.9721823644,23.2461316307,6.26095785528706
10704,-17.4579395891,139.204016139,26.3113938562383
50507,49.8947058919,-121.948558056,2.06879619789117
80407,37.3093326433,51.3513472952,12.8578889329434
81308,46.3190039048,49.9345679447,9.94273075422857
60108,9.06117120979966,-72.2194151332,26.9714232668672
60207,4.76614970207013,-76.0523490623,23.7482899022801
60109,4.88449234805441,-75.9608776016,18.115404950733
80408,41.9327391887,44.2539221811,5.86708041399778
60110,13.364618312,-82.1539430737,26.35
80409,53.6316285611,-4.14589285498,8.73007307210841
81309,33.2234596423,65.7495943162,10.0005017980237
31401,3.40181573929752,7.12181098522895,26.4997759605691
60111,14.3375558498,-85.6681182556,24.8258533191075
60209,13.2731012061,-87.4874398815,25.8422329438186
60112,14.6904035849,-89.062123163,17.8946990957281
60303,14.7265450152,-88.935101908,21.0882991259211
80803,38.7361634251,33.0361625031,11.3365425989673
80410,38.7736533551,33.841884218,9.76752996462326
50508,44.8909638107,-122.168067858,6.78183752863514
50803,37.3725299883,-99.0138630746,13.3641440440537
61001,-21.2372910579,-67.9018323017,6.66139163505234
61002,-20.6607751231,-68.081678694,7.10644894444004
61003,-13.4790522518,-72.4875201094,5.53905442026872
81310,44.7645777343,65.6908581272,9.47242927622802
81311,43.5371149867,64.5294063713,10.9981530620841
81312,40.5684769568,60.8653337641,14.4845729865917
50509,55.7454700391,-124.047924231,-0.526958823291712
50602,50.5569117862,-83.0363944634,-0.675100470851939
80411,38.3149633663,113.542732032,8.20351177954619
30104,-1.34229248489,21.7796289879,24.8629690177219
40201,18.802879326,78.4077555358,27.0920704726594
80412,51.4290021181,23.5806143885,7.51337064330398
50804,38.0296527201,-93.0865307843,12.9756821572783
40202,15.4735014367,103.30783322,26.5420499940569
80413,37.1795917533,127.481612335,10.6670665680669
51302,21.4176444628,-101.216427057,16.9892977849593
50510,47.4815529694,-124.675395983,8.28964533483792
81313,33.4760026525,56.0341920149,17.3070755088964
70102,0.731570481071198,-157.884259038,27.7928012519562
10105,-5.03365443295,141.359998827,19.9227088047343
11002,-4.81407178481,140.499364421,11.5260654657293
11302,-24.5489747178,131.998290524,21.3773576537118
50805,42.7777659729,-94.755501441,8.17018190763363
81002,33.3403200909,88.1069100129,-3.50324219234935
50404,37.0465498979,-88.6695205876,13.485813843145
30704,-9.5778609885,28.6361671479,21.625181214512
60704,-15.039880808,-49.7772744178,23.9940217081869
80414,41.8068646649,127.582497897,2.27414300310638
80415,30.6738591119,116.382757811,16.151628915744
40107,14.6846683128,100.403751054,27.8836417846875
40108,13.4573089797,100.280395008,27.0437083915509
10401,-43.9381053927,-176.485796546,11.2285714285714
81103,65.7281953523,143.646499191,-16.0473199507703
40203,23.624514186,85.4463549574,25.3236843458034
60211,16.2560289771,-92.7962816863,23.4283748824083
60113,16.8637784388,-92.1709904975,20.3613068181818
51303,29.6872607251,-105.128953148,17.5909399046198
61201,-31.3973297666,-71.0210176325,12.7766658787843
60114,16.689872135,-94.10931749,21.317665615142
40109,21.8890324438,93.7387525657,19.91463408091
60212,-16.1165647331,-60.5089873114,24.3196654650015
60115,5.77478534990467,-77.3473588947,25.9180939547419
40110,-10.6749270732,104.504015562,25.5620689655172
81104,67.5654559219,54.2194536525,-12.0911282851485
60705,10.3011122043,-109.221255965,26.8
51304,36.8344099219,-109.289545583,9.90465825502226
50511,38.6672653605,-106.348064038,2.93596452261002
30105,-12.0620910811,43.9481993664,23.0812026913373
50603,61.4434455462,-150.800474523,0.636477141759508
70103,-20.7236451168,-158.695670538,24.2760956175299
11201,-31.3192169975,122.082836828,17.7470931629912
50604,62.1698142218,-145.339233538,-3.4942135251261
61004,-7.49997040912,-77.9229026702,9.21762074508982
61005,8.75212267901822,-70.939819588,7.97251356238698
60117,10.2372928979,-66.3115028191,22.2897275622125
60118,5.97349639079196,-73.376729548,19.4121586810922
81204,42.0859793212,9.02635629648417,10.8196911196911
60119,10.4272969712,-85.0496192375,23.6651029657311
81205,35.2203808351,24.8414318127,16.2892493991496
80416,44.580897683,38.2055380175,10.629884701215
30106,5.45620475418296,7.41829952391258,26.5534499113292
30107,5.13032591006692,9.34765046315319,25.4021188112302
61306,20.8455627237,-77.2760225441,25.3682739163888
60213,21.6631714887,-78.8726943595,25.2632973491518
60120,21.2515432204,-78.0635749738,24.1987510815183
60304,21.9307569419,-81.9143367941,24.6832587064677
60902,22.1289078015,-80.6042271472,25.276226042841
81206,35.047227752,33.234914016,17.8442169595111
80505,51.9415680572,123.984260747,-4.1706297550136
80417,31.6951168868,108.619735714,14.3753139310285
80804,49.9215934637,112.632139317,-2.17485258365497
51109,69.2908432121,-69.6298601183,-14.3662051851826
41301,15.908588143,76.8034774148,26.5628267985742
80418,44.0817199517,17.3488548309,7.8078945415611
31003,-29.7592158416,28.5947053102,9.94182433279038
31004,-29.4547838508,28.91474578,15.7308424645894
60210,-25.1395360092,-62.7380041526,21.8428946351469
80506,32.5128063004,68.7212243466,9.66896924295902
30901,-3.56568513434,35.7988699004,23.7331166720832
31402,-12.5511115992,37.7650182824,25.6638516345348
30108,-0.193336127544,35.6935522699,17.220661687631
31005,-1.27376584419,36.768896202,10.375345321866
50405,30.6115610983,-96.6239953268,19.6346996069624
40204,11.9025163474,79.6699093778,28.5581443638761
80419,52.8321498918,42.6806645251,5.09921097970673
31303,16.4873221787,22.9442611877,24.2149620708994
80601,61.6507772183,112.449321009,-8.71642688398729
30705,8.43214204736285,25.0921135254,26.1932066921305
80420,38.7067317025,38.9861108179,10.4603341492665
80805,38.8429847665,44.2568639172,7.85175968462382
30109,-6.93058211138,36.7671438979,19.8061317865764
10802,-27.851388585,145.229023281,20.714956603345
10402,-29.5614936896,151.762492952,17.0462788916149
50605,50.3673430419,-64.1718269398,-0.0255484255236271
50606,55.0555532937,-68.7044679236,-4.64503507217207
50512,43.0383189704,-121.228444765,6.6182985736205
30110,-0.311506648742,20.4802647167,25.2708834523854
60121,-2.75516150867,-78.4833111467,18.5010489071792
50406,46.7730876058,-77.2716608054,2.80598172064106
81314,43.8855540402,108.956564593,3.54093376740551
50407,44.6966247661,-76.3646362905,6.1392369142971
30111,6.40245954222044,-3.3616250228,26.1268927483818
40111,20.5175371417,82.0305393002,25.7328072796158
81003,28.5771859927,90.6541204002,1.22059837248656
40401,27.6403017872,92.1053896806,16.33422395237
40501,27.9020564173,91.2111599878,8.73005967180507
40112,-8.0288794578,113.175269406,21.5843997432056
40113,-7.5666748689,112.292273887,26.0052868605499
81207,35.7997753039,37.4259652456,17.402021064065
70104,3.76089721672836,171.983926366,28.0579470198675
30706,-12.2385320924,37.2378147707,23.8070060671561
60122,8.02634569853071,-77.8458753188,22.8613548028873
31006,-18.9743252659,32.7679673619,17.3052604274746
60214,-1.36027495838,-80.2331669185,24.3241338932407
50806,30.3814401029,-99.2499059242,18.5814880074796
10705,-18.4982829388,144.783971487,23.2509051852509
80507,36.8518960805,52.4923259757,10.4470234280811
80806,46.2123184206,83.4481664966,4.60145972049462
80421,51.5121046239,-0.850119847482,9.71080299850075
60903,18.4819414539,-71.5228023282,27.1653796653797
31304,12.8360160361,42.7795654586,30.0819783446504
11202,-33.1528542155,120.634349262,16.4553338769819
60801,-34.272618621,-62.9873774885,16.7864501549617
30112,9.66121821936371,38.2442300469,21.2912885650095
31007,9.79195146705941,38.2894876756,17.8084694436502
31008,8.91810802095183,38.9068998906,13.0472470413702
31305,12.6211750873,41.9116715486,28.1884405067175
30902,-18.7924149641,16.376227382,22.690288861414
80422,41.1397042845,35.0436917548,11.3674795542923
60904,26.1365469595,-80.808821738,23.3488923136197
11203,-33.4801708091,135.988515884,16.6497339264433
80807,62.0651678141,-6.89057731858,5.63452309538092
60123,-3.85827405047,-32.4322473918,26.77
70201,-17.3244436093,178.197260814,24.3649297856615
70105,-17.4653484558,147.513728358,24.0303300885603
10403,-45.3980761173,167.338156728,6.97350678733032
50807,38.2371581357,-96.5379428761,12.9346893710019
50513,28.2620118571,-81.1602233521,21.8687804878049
50514,53.3703530952,-124.107374759,1.94550747384155
61307,-0.547208174226,-90.898652029,22.56181336863
81004,34.2843427803,66.3147761376,2.66101510496672
11303,-24.4022009552,126.041017479,23.6474076191623
80808,40.0653193422,70.2628135453,7.77699573466571
41401,16.4671263226,82.3756546461,28.0327409351145
81315,45.4186593992,100.320599947,0.707158762209069
30113,-5.28992108519,54.7699863224,25.6706611570248
50515,39.0128859242,-115.817555358,4.88782568595804
51305,39.777182782,-115.561285805,8.45576519298494
81316,48.7656495833,93.6488633592,-2.18944390658235
11304,-21.4369761572,128.13025102,25.0153909471412
11305,-28.4352223007,128.692000669,19.866697737299
40114,10.7740354788,122.948199509,26.3207520449274
61308,11.0604317563,-73.1052890105,27.8062905213524
60905,-2.08111533584,-79.6501068886,25.380070032098
60149,5.70711327522561,-55.7400798496,26.8740174914203
60124,4.26194759586501,-63.0810419747,23.989843257627
60125,4.26563645789746,-56.4355548665,26.0003931334129
60182,4.11012820862347,-64.0548786821,26.043947455258
60707,3.10708231648921,-59.0840236265,25.6749176589815
30707,8.87443556460262,-1.44093388089,26.4829988992138
31403,10.2100470323,-14.0391645713,26.7450518550979
30114,10.0966400974,-10.8920876721,23.5225269343781
80101,28.1474565872,107.923814062,15.1275983680438
51306,26.6412961713,-112.037347897,21.3170396377477
31306,23.2490784937,57.3736900133,26.2134300109977
50408,46.2964935374,-64.8811364032,5.12560566302557
60126,-1.97401120222,-53.5227744585,26.9315666609026
40169,19.1589750173,109.588847469,23.4690184209153
10106,0.570242927027447,127.960142054,25.3255912869756
70202,20.1273317993,-156.294607407,18.7998651464999
70701,19.6143989614,-155.656051258,9.25468409586057
70702,20.736186208,-157.013770608,23.0492861222159
70106,20.4294120319,-156.434196894,19.4696690956875
80508,38.6217411077,105.864942175,8.06758645063071
80509,29.2117482751,100.253560855,5.58804425652505
51110,76.7413663205,-88.3508210545,-18.1223626992625
61010,-28.9911418096,-67.598052021,14.1471652601245
31009,-27.6305507223,27.4923215445,15.6915876588496
40115,27.643009928,84.7857535778,22.2120502808877
40301,30.6969813943,78.7086827778,17.7903108126415
81005,36.2932919279,70.5142174204,0.289760231196885
60215,18.8806528097,-71.7765941875,25.4393899483721
60127,18.942395935,-71.0848173395,24.5968623697086
60305,18.8478619281,-71.3822663594,18.9823937736643
31307,4.09591761037324,47.2440137042,26.9352288720595
80423,43.3291061692,142.312877714,6.30976071784646
80510,43.6056497627,143.057140095,4.65172078766233
80511,38.2202590445,139.377762919,7.31325817626681
80424,35.7528830027,116.004415267,13.4678292337631
60708,-26.2411992943,-58.6774220385,22.0823522128883
60803,-35.4919892817,-60.7921541951,15.649785680211
10107,-6.11103308091,146.752584448,20.867082578307
81208,39.9825873064,-2.45801926179,10.4786554846598
81209,39.7878850255,-3.61552880744,13.8467871548247
80602,65.0611226017,-18.7194028499,1.50274198969303
31308,-22.3388855395,40.3550463231,24.48
81210,42.3277244254,18.0836179788,13.1311671280781
41402,10.7793774636,104.262053933,26.8944019791303
41403,23.2727013125,69.3323469582,26.622223847842
41302,31.271862482,71.5078621236,24.868946200985
30903,15.5028860094,-3.64108204853,27.9364435101337
50607,64.8352865313,-152.051123658,-5.39409956930502
51111,64.1243966476,-142.03064496,-6.50658602907912
60128,-6.23078182698,-73.4038470114,26.2955788520893
40205,20.7242332023,95.5033916542,26.5704574056701
40116,16.8171959348,95.5306354662,26.9015260956933
40117,21.2520578652,95.5840841098,25.5494971575958
60216,18.773500914,-111.413984393,23.3198924731183
60129,10.2020004923,-82.488548106,25.3752874477532
60130,8.41275963714796,-82.0264987142,25.0336792896625
81211,42.82817076,12.3510501267,13.2024776647556
30708,-7.14583169529,32.1708244181,23.0421069762396
60217,19.574950352,-104.231254722,24.4082073159084
60218,18.042684282,-77.418434854,25.0982566765579
60131,18.1891999813,-77.2845151578,23.5070663390663
60132,-0.956066858623,-65.4523248162,26.353132727591
11204,-34.5857705909,116.315007716,15.3876237623762
40118,26.0186278169,114.076194227,18.1122417500288
31010,9.74170179993738,9.07888344556394,23.2636588773178
60401,-33.6729570042,-79.5521714847,15.0743718592965
81317,45.6528957335,88.770554094,5.69491332193274
60133,-5.36219464757,-66.5520422622,25.9952805924715
51112,78.4953194894,-33.6337190013,-15.7177731105894
51113,66.7052457245,-48.8077815818,-5.4860598962057
30709,-21.0716138202,22.9013750822,21.080312590269
31309,-24.7112563298,21.2620494796,19.5072738067943
80603,55.4657619295,158.610403309,-1.99765195525882
80604,56.1045722922,160.370829108,-2.38577088770793
81105,56.7220538696,160.082108665,-4.34762866436511
31310,-17.0314554414,12.5711954899,19.9767370510738
81006,34.8184702771,76.3642127856,-2.63587441300125
40119,18.2686870502,98.30217518,24.0223610401118
80809,54.1061555259,71.7913977977,1.29993273883399
81318,48.1978234222,65.8416255066,5.42559644603688
80810,51.7739752929,70.0929787271,2.72872172082365
80811,50.3215023934,72.835432134,1.64530314798739
70107,-29.3574535697,-177.971781476,18.4833333333333
81007,47.4915422932,99.2840743598,-5.60228575007045
80512,48.4102969999,98.7593353564,-5.82463083284111
40206,24.4865202232,75.2392030899,25.7228059185973
10706,-16.524119529,126.603528968,27.0966602163048
41001,5.7463897484673,116.418035654,21.9786402043623
50516,41.3948590338,-123.135884739,9.50955922829747
30115,-33.5688839658,24.2641122794,16.2582923976608
81106,68.4877708349,35.7164042009,-0.75995824966248
81319,38.3203976456,55.4509242149,16.9817855402529
81008,37.8072375257,57.9227083756,13.5537466828065
81009,31.0261837432,58.0764801025,15.6296678108092
30116,-30.7894781931,29.9764094929,19.3514733308467
61309,9.72504795673249,-66.158610703,25.5645132174386
-9998,41.6135516488,-7.26580675391,8.19102601778075
30904,13.3021801692,13.4584332723,27.366091393079
60219,10.910164556,-69.187441419,24.7903796333201
60134,16.5721779673,-62.2227062018,24.1212802768166
60220,13.3825529363,-61.3908667174,25.8958812260536
10201,-8.5723219995,119.67504131,23.7493274612748
60709,6.71934757598378,-68.1419416978,27.1581833250905
10109,-31.5565514223,159.077948445,18.7466666666667
10110,-11.2162614874,153.113041723,25.8560606060606
51114,64.8947260419,-100.962446164,-11.4245369780724
60802,-38.3069515926,-67.0110443432,14.3734752010724
40120,24.6606231943,88.2546224197,25.5326751177783
31202,-33.7094944491,20.2246088406,17.0474618124604
40121,18.5334755728,102.226529002,22.8390500272134
40122,16.3858500303,121.334709972,22.3936307631161
40123,15.7668235609,121.538057157,25.9868221447254
40302,16.9813760214,120.933892372,19.7891339679591
30202,-16.9212198151,46.3537806437,25.757452257579
31011,-17.7288027171,47.7942739357,14.925
30117,-18.9603432697,48.5794431464,21.8046982293905
31404,-17.155300113,45.1850792754,25.9897708938367
31311,-24.3119249245,44.8554924744,23.8443892212322
30118,-19.1465893599,47.1236606771,20.5891977627854
31312,-22.4922469307,44.8129744524,24.0520771483791
60135,-8.88125071389,-60.3515167694,25.5702595552835
80425,32.7582135472,-16.9420200343,15.3546976744186
60137,8.26065068258972,-74.8961149751,27.6120559920328
60221,3.8693492993282,-75.0661327774,25.6933510638298
60136,5.54528506813427,-74.5019332752,19.1388835575218
60402,-51.5960575898,-71.9388220217,5.23175415836538
40124,13.0662026621,75.1164819668,27.0106116939399
40125,7.60220438259113,95.264426467,27.031926121372
61311,3.97628081895332,-81.5967042447,25.3
80426,46.3840087575,127.845823809,1.54282995132347
30710,10.5155071052,13.7001791561,24.8985937675779
31012,-31.0451175082,29.0288536037,17.5274551134867
30119,-26.3592747399,32.5347626534,22.3508748660919
60222,10.0593230835,-71.419651224,26.9003813155386
60138,-0.327145609052,-50.3505664927,26.9188872115166
60139,-4.29411883478,-43.7303774096,26.8036617362106
60223,-6.35942917313,-78.2976012047,19.1144229326129
70203,14.517833415,145.158829185,26.4440577249576
31313,2.58555254282005,37.7972948565,26.6333675922229
30120,-20.7704146311,56.4506084203,20.1635121951219
60140,-10.2115018185,-53.4802504553,25.4216386211737
81212,30.3579127841,-9.20987595557,17.8928602679995
80513,35.3076498039,1.10605931410161,14.0535545167557
81213,33.529154835,4.08207885340664,16.626017642318
81010,31.7481619445,-6.24597626051,8.10165975103734
81214,34.6000772179,1.4776159711716,16.1195299799555
40126,25.7252213033,91.9557173475,22.2344137061485
40127,-2.08178094158,99.5220399208,26.5901028101439
51307,23.7381719184,-101.842780212,18.4456979903249
61403,18.1876861491,-89.0714500358,25.8569699729985
81320,33.876870419,40.9094928053,19.7581803930048
50608,55.8145514753,-109.045359536,-0.656281702690839
51115,68.6233076115,-93.024412676,-13.8594621320968
50517,34.9536248511,-78.5135549253,16.3484731404519
80812,35.1852159292,39.8560976469,18.4744697206657
50609,55.0060460591,-99.1053673884,-1.98092630774554
40129,8.56279647716762,124.759479125,25.8487882803418
40128,7.56371144077725,125.095950016,21.4522573099415
40130,12.9383854258,121.070069682,25.4388474295191
60306,14.4085822283,-83.9131175151,25.6902107749614
50409,33.5700610431,-90.899490179,17.1050428102949
10707,-21.5018747046,141.171015305,24.1536317487058
40131,23.9158187199,94.2666744018,22.6508905160189
51308,35.7475058231,-116.107733054,16.8199671498203
80813,45.8492185978,115.911590618,1.3514918318235
50808,47.1482562237,-112.052985382,4.98714794894322
31203,-33.1609547174,20.7129029409,14.9705946098756
60141,-4.39017451923,-60.6796889884,26.7716380259687
61312,14.9790081676,-89.7079930474,24.1826642984014
30121,4.13832007060037,9.1171475925182,17.3040419161677
11206,-34.3635636413,138.413954736,14.9645846402007
11207,-34.3274009663,142.192661637,16.7289416096301
50610,60.4097895821,-120.168522318,-3.27225081913182
41404,15.0350408542,95.9915274575,26.7441183673469
40132,17.3615066758,95.8302616953,26.3110518825527
31314,-30.2062505502,21.8218514315,17.1733211095221
31315,-23.8325980292,15.0764242792,17.6232200552766
31316,-21.4483230901,15.346761019,19.7948744792072
40170,27.5174802296,128.314921768,20.7566201353638
60142,-1.98041307469,-75.8200611962,25.5967687092213
11208,-36.8900324993,140.375851431,14.577221195625
40207,22.7604641279,77.9373525477,25.4621181063479
50809,42.0467082705,-100.793789668,8.51927406650043
60143,2.25039688345882,-67.5719162891,26.7616644850916
10404,-41.6719661127,172.113518006,9.8325037574043
80903,46.5049999423,123.955621559,4.1809619646906
10111,-5.01198158329,150.575480689,25.5539279707134
10112,-5.17753694514,151.261761604,22.082731178252
10202,-21.3463015574,165.265606174,22.8299702712746
10113,-21.2971455382,165.832230773,21.5271922767498
50410,45.3778383901,-68.4217069181,4.67825157512871
11401,-5.08889751447,138.084017557,26.5218666753297
50611,49.0584268684,-57.5352917943,2.29472756797844
40133,7.50891586129399,93.5920602828,27.0072
30122,5.11370069734343,6.38698995235524,26.6377990146614
30123,6.83414497019184,4.91956387457784,26.3594917314559
80427,36.3271820652,135.991827618,12.8557356851047
80428,38.4670735763,139.326351114,9.21433661225459
80904,28.6115039345,31.6419103646,21.9870557437179
80429,56.103664726,-6.64064550408,8.08327534923249
50518,49.7314138757,-116.812222571,2.38684423195001
10405,-39.2534504427,176.096596565,11.9828973971694
81321,28.7204949207,1.58333329117011,22.00046033753
81011,36.1088221059,85.249052556,-5.42246688201997
40134,17.3226438349,74.1148692313,25.384591467455
40135,15.2786919584,74.5869972507,24.5551349616115
80430,43.8062708189,124.149662041,5.57857144763995
40303,25.471998668,94.5484322701,17.831672256828
81107,70.7388182304,146.760884662,-14.1230187709583
80605,65.4889997162,147.210445924,-13.6607971140176
60144,-2.81461985919,-42.4343441441,27.2396018455229
50411,41.7549545313,-73.0131786448,9.38326033150288
30124,1.64735816479269,25.2060825575,24.2593485831144
80514,29.4676578826,94.6879078343,4.68650857752076
81215,42.6917487984,3.43349632100946,12.9064066029173
30711,0.659336716479222,36.8838140361,23.8772263522848
80515,40.4246337407,35.3961977449,8.68006516759686
61006,1.65296283081166,-76.432382666,7.23185147041996
40136,17.7369968586,105.371669975,23.3743272046719
50519,39.6709913707,-123.566206303,11.6077641302177
50612,61.4579698331,-105.567332549,-7.74043138729671
30712,5.49627070758139,22.0591898339,24.6389665775272
50613,59.2727086073,-129.102246217,-3.5060430867008
40208,20.4872761286,83.2940038961,26.4027533054832
40137,22.1835089621,100.728263743,19.8159881775191
40138,17.9468313536,103.142238619,25.5317544965337
61404,23.3951630377,-107.215716313,24.7050118791719
50810,48.6724302155,-103.68282805,4.06605020498429
10115,-3.63522355165,141.338098637,26.2560816207513
10116,-2.93183822212,139.810526814,24.4164782144304
50520,57.5935121552,-137.280484762,4.34373416731822
50811,47.0111355922,-105.535249757,5.81280564517533
50812,48.7966639824,-97.4678701466,3.26557079527536
40139,18.5305294492,100.741025865,24.8300952123448
50521,56.1491767493,-128.639254325,-0.0388255033557047
40140,26.3304372324,97.1738042552,19.6502248875562
40402,27.3103724163,97.0688592854,16.6607048771805
40141,18.3252580067,106.16134224,24.5179154745953
30125,-4.10541928849,39.9088334544,26.2892593521707
10406,-36.6086019766,174.647577616,14.5537067665515
81216,41.6365908675,-5.58713337311,11.1243203617276
81108,68.3353787035,57.0109519489,-5.26371067598358
50614,65.275006415,-125.873805203,-7.38420940669832
60145,2.21111518551972,-77.6027186567,18.9014792056001
30126,1.70925532942421,14.1550263428,24.0619826106197
70703,26.369601756,-172.754981414,22.925
81012,34.0064233357,75.1647197882,0.749568046996487
41303,27.8433356845,71.8998033164,25.5799517437013
81109,75.0813321882,142.03898598,-15.4434653546124
80516,29.0952802832,97.6835453242,5.42296146081351
11306,-30.6710576756,127.797739485,18.1016523298305
60146,18.3249931034,-96.563658817,17.9078208699379
70109,26.2757551433,142.086515381,23.3019607843137
51116,64.2383662224,-133.009568368,-8.51321060986501
50522,49.778025013,-119.555438899,4.60897465222183
80606,52.0363642917,136.384278324,-3.82515982745125
81013,38.1233548431,108.151114052,7.41532263877181
60147,8.82785712500621,-61.175876597,26.3246504339441
60906,9.48728661756426,-62.2909240987,26.546534932957
40142,20.2586288502,85.7931644536,26.9330609588546
50412,35.1025359482,-93.7925285565,15.3825912123512
51117,59.358557054,-139.806261187,-0.779617680039103
70110,7.42549452611437,134.519404195,27.325250501002
40143,9.97453153569543,118.736528834,26.3018808777429
50813,46.6255930076,-118.204927089,8.54889984777768
81014,38.3797090582,73.3401870029,-3.03792503423094
60224,8.16133023891325,-80.2899731524,26.8031642390758
80431,46.7624175127,19.6081217139,9.89571891987178
60907,-18.0611877026,-57.2041430925,25.7034470419847
60148,18.0907706715,-92.3193046009,26.5473456379032
60169,4.77288950398864,-64.2940615541,21.7427090160491
61313,10.8376007103,-70.0880035242,25.7607791245435
60908,-31.095128707,-59.5422615128,18.9224475649126
81322,35.9902732326,67.2424394825,9.15605531918087
60805,-45.6633028027,-69.2233327602,8.54102945356744
60225,1.89066598090721,-77.190908871,23.8894440270473
40144,4.84690908930129,101.633650999,22.4633062708572
40145,3.19404524831962,102.702054748,26.802701432934
40146,3.93670634975715,102.307996406,26.2274587042006
60151,-8.80796131635,-35.6370519823,23.8499829857566
60152,-8.9039199318,-36.1764848272,23.8202372016214
81323,27.2813778253,48.7417175056,25.3155081067279
60153,-10.7254761731,-74.8506045093,14.5273347265038
60154,17.2276188537,-91.9872174037,24.8786334719506
11307,-21.9265775557,118.559430791,25.7805925295533
81217,40.3167357065,21.1196895708,10.1864498510427
50523,32.25541062,-93.6621606222,17.9335741486012
80432,45.2088467774,10.7216413862,12.9407505778646
80814,48.5362755584,42.696528211,7.97597894445246
60226,18.0330273309,-66.5322468074,25.8183498349835
60155,18.2553857652,-66.4659604563,23.9237325174825
50524,48.0823849368,-122.764520796,9.83035789142737
60157,-6.86156704645,-63.5294639873,26.3652249482245
60156,-4.10688750839,-67.3771124869,26.0496375239803
80433,42.6923060397,0.6489481292797,7.20394553839397
81324,37.7055381601,93.7148381483,0.515951595159516
80517,35.5328163021,102.400203259,1.34059235642069
81015,38.6560959775,97.972149873,-4.16395974875016
80434,33.5402640293,108.498749362,11.2425225131133
80518,30.5864618867,102.993102099,8.19089585790094
50525,53.3891438006,-132.219733793,6.96395933711018
10117,-19.2288866822,147.221503346,22.3946946468962
10407,-46.988329151,167.88926084,8.64271229404309
40901,23.8437515624,69.971405168,27.0721608922101
70111,-27.1230525387,-109.357143008,20.1042735042735
40147,20.834540419,105.991539361,23.980100134509
81333,24.6481075542,34.8321845319,23.0908334320968
81325,22.7794539155,44.4322208443,23.5064404884751
81326,30.3123740453,63.1500185092,20.9833338678383
10408,-41.6000775195,173.39159134,10.160290856583
60158,0.860999531884492,-65.255323736,26.658296606925
-9999,-65.2454709098,21.355047783,-18.0296738210465
80435,42.2321950872,24.2956373305,8.04061188003455
31013,-0.161040237959,29.8184660504,13.6826533890138
81327,24.0863366988,13.913945488,24.4610287917362
30905,7.81270848631402,31.4812204536,27.5654430661322
80905,30.3225447493,12.6805882603,21.9502256422918
30713,14.7722634669,14.8427195098,27.9481128076829
80607,50.6538196634,142.784548168,-0.728720213158159
70112,-13.7739907951,-172.047369329,24.7454570184984
60403,-26.324512366,-79.9626610054,16.4
61314,23.5984707401,-109.945723015,23.0269247128881
60159,10.7956989805,-73.654750276,16.5853594080338
61007,10.8186440414,-73.6629599672,5.08125426039536
30127,0.453022355593822,6.73010405326252,22.6850442477876
80436,56.6751521158,31.8411086155,4.78204292377311
81016,51.9061972228,96.410748429,-6.78569174669888
80815,51.3293656617,94.3980311245,-4.96504369538077
80519,52.4954408361,94.6150361812,-3.83102813003066
80608,62.8790033675,36.3131466185,0.970950357218533
80520,63.4335390227,9.41000738179943,4.88989035757049
81110,65.7397217718,15.5566911073,-0.373875865651745
21103,-58.9546818808,-48.0556615927,0.304324754576811
61315,-13.2822246225,-75.0863038948,14.8291248815273
80816,49.0315402875,101.296692544,-3.20109837407016
10118,-3.24313380474,129.369373955,25.116465095598
30714,-2.96551155258,35.5757234287,20.1209272467903
60160,-24.6195628664,-46.8115277597,19.3528963574522
80437,30.1969980188,105.197649458,17.2448639203643
60227,23.5622709045,-109.901920829,21.9351870176133
60307,23.4466588826,-109.930055974,18.7727946627131
60161,18.3304651137,-94.9606855873,24.0346516007533
50526,31.6744932548,-115.747169808,12.571723256663
60162,14.9617660877,-91.9610484129,24.4617608022416
60308,17.2966114133,-96.2763638404,17.80190459849
60309,17.3720388558,-98.9298118769,20.2338623488288
50302,26.5566751554,-106.717730293,15.4619063851472
50303,25.1464549624,-100.883804456,17.6528623989968
50527,38.5823322498,-120.044335811,7.32938942930434
11308,-26.200898575,139.553943647,22.3338005368823
60229,10.0899003922,-74.0583975672,27.1617132808008
60228,24.3006278712,-106.598974579,23.345401010101
51309,43.6335890169,-117.420229889,7.68713852831113
70113,-17.4171419548,-149.97203943,24.2858866736621
31318,12.4923586813,53.7998646188,25.5565622918055
60163,-2.19706797302,-71.2567937079,25.9325360002046
10119,-8.14873855528,158.3430369,25.2968842912254
30715,5.89645364645935,43.4990672441,25.8882504798993
31319,10.3034698736,49.1537608344,25.0093016040039
50201,27.9846588686,-109.585052472,23.3764385936076
51310,31.9192538388,-113.021583366,21.0701825199529
61405,2.00815247878382,-78.9323705443,25.7697825803932
81218,39.3301817594,15.6455331083,11.8190991815363
50615,46.8476313924,-54.175977715,4.82774708410068
50528,44.6026951763,-111.554256513,1.61911603947636
40149,22.221176886,109.631881248,22.118034109324
40148,13.6204061536,113.865340625,26.9
40209,11.6999136411,77.6870600191,26.3730948487326
60164,25.6297555206,-80.7440933141,23.7666536813401
81328,27.7012767157,57.3679278088,23.8048337586449
11003,-43.7021312485,170.439787888,6.56289009076215
10410,-46.1743123513,168.430717606,9.13436334016501
31014,-15.740595277,35.1070948974,22.4737020863658
81329,18.5833979837,12.8909186212,27.6551679802199
80438,45.934091916,144.332173422,2.77357708254806
80817,54.9223328002,92.5738621095,-0.101520531286859
40171,22.3892745797,120.684295161,22.766974522293
40150,10.7615483643,76.813913144,24.9704172876304
40151,10.9128307963,76.4607284362,23.4793689229967
10409,-35.9848725748,146.966619762,13.5191968187603
10803,-32.1090342955,146.827875221,17.9477040879617
81017,32.6076568518,99.2180729191,0.447995696212856
50529,30.2403456991,-84.1021017729,19.8457656683628
81219,37.1626959754,-1.93145034611,17.3549406115744
40210,13.20538385,106.172343225,25.6860144093964
50413,34.374905829,-83.768426444,15.9196916789582
10120,-8.83341129305,147.830325344,22.7059497931034
30716,-4.40234194738,35.3313267309,21.7684620152127
30717,-22.6067663566,28.5113944441,19.7972411735667
31405,-28.8608324628,31.6468213723,21.3344224924012
81220,36.8728425644,33.2929539519,11.3065009525864
61008,-30.686078572,-69.365468772,2.99069882790588
60165,-23.3018854343,-64.6769759213,18.1913358004558
40152,14.1520918342,107.687060723,21.5118565468837
61406,-16.7131409092,-40.8289639178,23.8399982961322
60909,-28.6274277013,-56.6346030291,20.7103831718111
30718,-5.72313521112,21.9466120079,24.2618017026724
50414,41.6678712715,-83.5985120373,9.16505130141944
50616,53.8523579451,-85.9016737166,-2.96126288873175
21104,-49.2814428622,67.7653160592,3.41367235742826
80439,34.751236231,127.525789683,13.4426992378741
61407,12.6130467229,-88.3068348423,27.1777723197839
30719,-17.5322305624,31.3374790238,21.0945862348048
10121,-6.71446927777,140.154986414,26.4844349588975
10122,-6.36955710376,140.815920946,26.2665499805523
60230,16.6324892068,-97.4684016986,25.8632838154808
31015,-10.2588285022,34.071850939,17.9155577398054
40211,13.5358105308,108.567810135,25.3861088526472
30128,-16.563226463,37.8337025569,24.5172626731716
60166,-9.59344991198,-70.2311122657,25.439778360808
11209,-30.0330380302,116.705843805,18.8283136380266
11210,-33.397210198,116.590058859,15.5953819325507
40153,-1.78665591063,112.919265511,26.8010850542527
81221,38.1640523306,-7.31382363425,16.5574504439645
31320,17.4594126239,44.500950487,23.8027592471261
31321,17.6326756906,43.1100816666,20.2575831969449
40212,7.78601465366054,80.8066353777,27.0988877351683
40154,6.77711332419775,80.3910089214,25.6703097405244
40155,6.97869252198792,80.8125291763,19.8231491712707
30720,-15.9604013869,-5.71680206571,18.8290540540541
31322,-30.5306228385,18.4123201195,16.5701089032556
80907,45.1714526524,132.597631734,3.99668419069492
81018,31.3221303091,68.1344097254,12.7267147903548
10123,-2.16088523994,121.775232065,25.7764133892963
10124,-2.04073025719,120.794232225,21.5269472660227
40156,5.59621434548588,120.583129779,26.5385636221702
40157,-0.429905750662,102.373411387,26.9502938225598
40158,-0.629671025435,101.337862331,26.1133729569094
40159,0.386108387313111,99.9734716061,20.6029740082722
40160,-0.754497742675,103.218812291,26.9922220150535
40304,2.42403021314855,98.3259402081,19.3018385789966
10203,-9.76073916236,119.94953274,23.938540846844
41405,0.840021102436305,110.593034621,26.9156664290805
40161,-0.886505655306,113.768977993,26.5491830377726
40162,22.7287189498,89.1800068413,26.1243758535919
41406,22.1926836354,89.6948685312,26.0599128726403
11205,-31.5275159989,115.68579736,18.0533140655106
80440,34.3589666766,134.689230184,14.2607116752817
80441,36.1871785495,138.470005778,10.5122501654533
81111,72.302791665,101.500152325,-13.6963586402212
40172,23.8520085873,120.982887963,18.7925646935817
81330,40.0174881679,85.3214503014,10.0061770978325
60167,9.29877732326296,-82.9695037588,18.7242937853107
51311,25.0881006621,-99.5017613628,22.2794680800267
51312,27.1967008604,-99.4525060971,22.3483455505295
60168,-5.9042855032,-54.4291033593,25.539075617464
80442,40.1354082889,83.1921033108,11.612453912331
10411,-42.0939890364,146.75808856,8.75631652804874
10412,-41.4095357164,147.587641081,11.4869869689203
10413,-42.1502256723,145.926792538,10.4253492726487
61316,18.821765373,-97.6093693108,16.5143127260769
40163,10.3670790438,99.2285248292,25.9976008354001
40701,27.509779818,84.3862775878,24.2606058603217
50814,31.6142841773,-96.8210851184,18.8341171851141
41304,27.3233612616,71.957624294,26.2752095617021
80818,43.2832289169,77.2516245507,4.40702815816626
80521,42.9893552738,80.4760341832,0.303082230904563
81019,42.7190194694,81.7761142228,-1.30708440732528
81331,21.1027150366,17.9851208476,20.4364141974948
81020,33.2894019498,94.796375991,-2.7689109323267
80906,31.6366654194,47.0960463725,24.0393459785688
10204,-9.20902762271,125.077500636,24.6623131292586
11309,-30.3726220621,137.443111489,19.3328340701444
60170,-3.01163154751,-47.4383974465,26.634095097188
70114,-19.6295347565,-173.437526839,24.2292682926829
40165,10.916606248,105.274043144,27.3959159659042
40164,11.62654396,104.907547183,27.4837952196382
51118,58.6855684032,-64.0619922515,-6.7581908046298
81112,55.925611418,122.160283284,-9.29710994537644
80609,50.9300676001,109.906042821,-3.24436855002375
60310,19.8291268465,-101.1564089,16.6096594340531
10708,-8.62966081906,141.421587139,26.4026415334245
60171,10.4606439648,-61.2436963984,25.7251452432825
30803,-38.5281749077,-11.285371644,10.4666666666667
10125,-9.4338556786,151.16634487,24.9915676416819
70116,-24.4066353757,-148.484529698,22.7302083333333
60232,-5.17433760397,-80.1855802884,22.8457673436433
81222,39.7081366595,13.1530809837,15.3284440709248
60173,-0.318437281757,-56.9135281724,26.5175958181818
60174,-7.52739311762,-75.9638383091,24.7412567941826
40166,27.0376755411,80.1536123891,25.3368107930585
50415,44.4738737923,-91.025296181,6.49405509444815
80610,59.4651761251,58.4359901706,-0.865268469349323
60710,-31.5558107099,-54.9677715362,18.1236969450474
80443,46.7558996936,135.204812727,1.08760906618747
60404,-40.8746483151,-72.33324139,8.24440131029812
10126,-15.899634973,167.614255009,23.7764636232075
60175,8.78115552317936,-70.838890483,20.0266999538213
60233,19.0560518525,-96.4208612983,25.1958160019574
60176,21.9911099763,-98.2930731189,23.8539334141134
60177,20.61280826,-98.403804552,18.7836522867337
30721,0.588197999258384,32.1201790859,21.8891511998136
10709,-17.21671533,130.863475666,26.65161941039
10128,-2.80172586943,133.35140803,25.9251279352317
10127,-1.27356032471,133.148479132,21.9713747645951
50530,39.9267416706,-111.337024506,3.7525374745935
81332,23.3073556461,5.95473292698163,23.2245877015698
80611,61.3285317651,75.0586817738,-2.75795232776472
30722,11.856047924,-0.9301734029,27.2092110673704
11310,-26.584985206,119.242595601,21.9018482529185
30723,-5.32821645295,15.0455600957,23.7261449632364
30129,1.07600934488227,18.0093631304,25.2112605277559
60178,-0.355480585001,-79.5005139183,24.9522785097111
80445,48.4083821532,8.24355863508308,8.69438080307299
50416,47.331965077,-91.2283090373,3.54349603162807
30130,6.99095539969121,-9.49922738275,25.6717262659741
50701,28.9538451181,-94.7845244446,20.8102026189369
81021,30.4892619526,81.004506352,-0.162116386492586
40403,32.3349164078,76.7217843495,12.1494519195802
40502,32.3632893828,76.5508880807,13.9842375326407
40167,-7.09050017886,108.227034351,22.4026784266675
40168,-6.91825251323,107.879632317,26.4352260583642
70117,-5.25677390418,-58.5887840157,28.2903225806452
50815,36.9816716925,-102.573929686,12.2474571468601
80444,56.069742847,76.9442124141,0.611210892174253
30724,-14.2774185108,22.9362017363,21.4200743403517
10414,-43.5696263468,169.697371969,9.94869729985789
50417,44.8784426046,-122.978817695,10.9652998525315
60179,14.3632067478,-61.196155233,24.1330157415079
81113,71.2142423763,-61.7205165556,-12.8664688316536
51313,42.3440628458,-108.357383899,5.01822417586632
60180,-5.58052801523,-50.8628160333,25.7331231417126
81114,69.1489727491,76.1116671802,-9.16360944996476
70204,9.54519837352205,138.19868946,27.1805309734513
10108,-1.74506534653,136.178276628,25.3239728474455
81022,29.1412702635,88.9205403998,1.76240157480315
80908,33.7823389863,120.288412663,14.1172614712309
60235,20.4515577301,-89.2165337776,25.8888412711248
60181,19.1824909759,-89.0218092697,25.6195340104719
50617,61.3285688552,-134.996050642,-3.68182076268948
80102,25.4383540443,103.041509243,15.5419869044931
80446,33.1497934004,49.2639718048,14.3860280032138
30725,-19.1371275517,31.012740273,23.0677072625049
30726,-17.2734642781,21.2277960592,21.8260329976537
30906,-18.7404073948,35.7147988941,24.9957875914837
30203,-13.9102672089,23.6269209386,21.5212802127149
30907,-13.2830248676,27.7395337909,22.1293102886558
30908,-21.4684485618,27.604028005,22.4484377465678
